gameId,trialNum,repNum,target,original_pct_correct,message_history,target_history,message,condition,model_logprobs
rSMFkjhskBteiyQMB,0,0,K,0.6666666666666666,[],[],"[{""role"":""describer"",""text"":""triangle at the bottom, right angled triangle above, 2 rotated squares on top of that They are touching on their points"",""message_number"":1}]",yoked,"{'C': -0.00432282779365778, 'E': -6.0043230056762695, 'B': -6.5043230056762695, 'K': -8.00432300567627, 'F': -12.25432300567627, 'J': -12.25432300567627, 'A': -13.00432300567627, 'G': -13.00432300567627, 'D': -14.50432300567627, 'L': -20.754322052001953, 'I': -22.254322052001953, 'H': -23.254322052001953}"
rSMFkjhskBteiyQMB,1,0,F,1.0,[],[],"[{""role"":""describer"",""text"":""This one looks like a person sat down Their head is a rotated square"",""message_number"":1},{""role"":""matcher"",""text"":""do they have bunny ears"",""message_number"":2},{""role"":""matcher"",""text"":""or knee up"",""message_number"":3},{""role"":""matcher"",""text"":""sat down with legs out"",""message_number"":4},{""role"":""describer"",""text"":""They look as if they are sad so the head is tilted down"",""message_number"":5},{""role"":""describer"",""text"":""1 knee up no bunny ears"",""message_number"":6}]",yoked,"{'B': -39.0, 'D': -20.5, 'F': -20.5, 'C': -25.0, 'E': -26.75, 'A': -28.0, 'K': -33.0, 'H': -38.75, 'G': -39.5, 'I': -43.75, 'J': -45.75, 'L': -47.25}"
rSMFkjhskBteiyQMB,2,0,H,1.0,[],[],"[{""role"":""describer"",""text"":""Looks like a letter 'i'"",""message_number"":1},{""role"":""matcher"",""text"":""does it look like with its hand out or not"",""message_number"":2},{""role"":""describer"",""text"":""no hand it is just a head and a body"",""message_number"":3},{""role"":""describer"",""text"":""more like a baby that has been swaddled in a blanket"",""message_number"":4}]",yoked,"{'D': -0.0007127366843633354, 'A': -7.500712871551514, 'B': -9.500712394714355, 'J': -9.500712394714355, 'L': -12.000712394714355, 'H': -12.500712394714355, 'K': -15.750712394714355, 'F': -18.000713348388672, 'C': -18.250713348388672, 'E': -18.250713348388672, 'I': -20.500713348388672, 'G': -26.250713348388672}"
rSMFkjhskBteiyQMB,3,0,J,0.6666666666666666,[],[],"[{""role"":""describer"",""text"":""square rotated head The point is touching a straight line and that shape is not a regular shape It looks as if 1 arm is reaching out to the side"",""message_number"":1},{""role"":""describer"",""text"":""There appears to be a foot too"",""message_number"":2}]",yoked,"{'B': -4.589452510117553e-05, 'A': -10.000045776367188, 'D': -14.500045776367188, 'C': -19.000045776367188, 'E': -19.500045776367188, 'F': -22.000045776367188, 'K': -26.750045776367188, 'G': -29.500045776367188, 'J': -30.500045776367188, 'H': -31.750045776367188, 'I': -34.75004577636719, 'L': -35.75004577636719}"
rSMFkjhskBteiyQMB,4,0,D,1.0,[],[],"[{""role"":""describer"",""text"":""This picture looks like a religious person giving a sermon speech They look as if they are holding a book to one side"",""message_number"":1},{""role"":""matcher"",""text"":""the 'I' but with hand out"",""message_number"":2},{""role"":""matcher"",""text"":""are their knees bent a little"",""message_number"":3},{""role"":""describer"",""text"":""no their knees are not bent they are straight"",""message_number"":4}]",yoked,"{'I': -38.25, 'A': -20.25, 'J': -21.25, 'K': -27.0, 'D': -28.25, 'L': -29.5, 'B': -30.75, 'C': -31.0, 'E': -36.0, 'H': -36.75, 'G': -39.0, 'F': -42.25}"
rSMFkjhskBteiyQMB,5,0,I,1.0,[],[],"[{""role"":""describer"",""text"":""Looks like someone ice skating"",""message_number"":1},{""role"":""describer"",""text"":""there arms are out in front of them and they have one leg lifted off the ground"",""message_number"":2},{""role"":""matcher"",""text"":""lowkey like a rooster too"",""message_number"":3},{""role"":""matcher"",""text"":""with leg up at 90 degrees"",""message_number"":4},{""role"":""describer"",""text"":""yes to 90 degrees"",""message_number"":5}]",yoked,"{'A': -4.625213477993384e-05, 'B': -10.000045776367188, 'C': -14.000045776367188, 'D': -20.000045776367188, 'K': -25.750045776367188, 'E': -26.500045776367188, 'I': -36.00004577636719, 'H': -36.00004577636719, 'J': -37.00004577636719, 'L': -37.75004577636719, 'F': -37.75004577636719, 'G': -38.25004577636719}"
rSMFkjhskBteiyQMB,6,0,B,1.0,[],[],"[{""role"":""describer"",""text"":""Rotated square at the top, a triangle is touching it's point They are touching another triangle"",""message_number"":1},{""role"":""describer"",""text"":""this picture looks like an animal sat down"",""message_number"":2},{""role"":""matcher"",""text"":""do the two triangles kind look like wings"",""message_number"":3}]",yoked,"{'C': -0.19723595678806305, 'B': -2.1972360610961914, 'E': -2.6972360610961914, 'A': -7.697236061096191, 'K': -10.197236061096191, 'G': -11.697236061096191, 'D': -13.197236061096191, 'F': -17.197235107421875, 'H': -23.197235107421875, 'L': -23.947235107421875, 'I': -25.947235107421875, 'J': -28.197235107421875}"
rSMFkjhskBteiyQMB,7,0,L,1.0,[],[],"[{""role"":""describer"",""text"":""This looks like a person giving a speech from a book again but this time with knees bent"",""message_number"":1}]",yoked,"{'F': -0.054988712072372437, 'E': -3.0549886226654053, 'B': -5.054988861083984, 'D': -13.054988861083984, 'A': -13.554988861083984, 'C': -17.804988861083984, 'G': -19.304988861083984, 'K': -21.554988861083984, 'J': -25.304988861083984, 'H': -26.304988861083984, 'L': -28.554988861083984, 'I': -29.804988861083984}"
rSMFkjhskBteiyQMB,8,0,C,1.0,[],[],"[{""role"":""describer"",""text"":""This looks like a person with their arms raised up"",""message_number"":1},{""role"":""matcher"",""text"":""like its going in for a hug"",""message_number"":2}]",yoked,"{'A': -0.14351318776607513, 'B': -2.1435132026672363, 'C': -4.143513202667236, 'E': -8.143512725830078, 'D': -8.143512725830078, 'K': -16.643512725830078, 'F': -18.143512725830078, 'G': -19.393512725830078, 'H': -20.143512725830078, 'J': -26.893512725830078, 'L': -27.143512725830078, 'I': -28.643512725830078}"
rSMFkjhskBteiyQMB,9,0,G,1.0,[],[],"[{""role"":""describer"",""text"":""This one has a square on the left ( ear 1 ) and a 4 sided shape on the right (ear 2) it then has another shape that looks like a rectangle going down"",""message_number"":1},{""role"":""describer"",""text"":""it connects to a bigger 4 sided shape at the bottom (trapezium ) with a smaller triangle on the right hand side"",""message_number"":2},{""role"":""describer"",""text"":""kind of looks like a dog to me"",""message_number"":3}]",yoked,"{'B': -0.00020346954988781363, 'F': -8.500203132629395, 'A': -18.25020408630371, 'E': -18.75020408630371, 'D': -19.75020408630371, 'G': -23.50020408630371, 'K': -27.00020408630371, 'H': -27.50020408630371, 'C': -29.25020408630371, 'L': -34.75020217895508, 'I': -36.25020217895508, 'J': -38.75020217895508}"
rSMFkjhskBteiyQMB,10,0,A,1.0,[],[],"[{""role"":""describer"",""text"":""This one looks like a person dancing They have one foot on the floor and another foot is raised"",""message_number"":1},{""role"":""matcher"",""text"":""is their head tilted back"",""message_number"":2},{""role"":""describer"",""text"":""their ears are made from a square shape"",""message_number"":3},{""role"":""describer"",""text"":""and then another 4 sided shape"",""message_number"":4},{""role"":""matcher"",""text"":""it's the last one we haven't selected"",""message_number"":5},{""role"":""matcher"",""text"":""it's the one with 2 heads almost"",""message_number"":6}]",yoked,"{'L': -4.768360213347478e-06, 'K': -12.250004768371582, 'J': -21.750003814697266, 'D': -23.000003814697266, 'H': -23.000003814697266, 'I': -25.250003814697266, 'G': -25.250003814697266, 'A': -25.500003814697266, 'B': -25.500003814697266, 'E': -26.500003814697266, 'C': -28.250003814697266, 'F': -32.750003814697266}"
rSMFkjhskBteiyQMB,11,0,E,1.0,[],[],"[{""role"":""describer"",""text"":""bunny ears"",""message_number"":1}]",yoked,"{'E': -0.00821508839726448, 'C': -5.508214950561523, 'K': -5.508214950561523, 'A': -9.508214950561523, 'B': -14.508214950561523, 'J': -18.008214950561523, 'L': -18.258214950561523, 'I': -21.008214950561523, 'D': -21.258214950561523, 'G': -22.758214950561523, 'F': -23.258214950561523, 'H': -26.008214950561523}"
rSMFkjhskBteiyQMB,12,1,F,1.0,[],[],"[{""role"":""describer"",""text"":""man sat down with 1 knee up"",""message_number"":1}]",yoked,"{'B': -0.0015023384476080537, 'A': -6.501502513885498, 'D': -18.001502990722656, 'C': -26.001502990722656, 'E': -26.501502990722656, 'F': -29.251502990722656, 'K': -32.251502990722656, 'H': -36.501502990722656, 'I': -37.001502990722656, 'G': -37.751502990722656, 'L': -39.001502990722656, 'J': -40.001502990722656}"
rSMFkjhskBteiyQMB,13,1,K,1.0,[],[],"[{""role"":""describer"",""text"":""2 squares at the top, connected at 1 point, the bottom square blends into a triangle"",""message_number"":1},{""role"":""describer"",""text"":""squares are directly above each other vertically"",""message_number"":2},{""role"":""describer"",""text"":""it's not the bent knee"",""message_number"":3},{""role"":""matcher"",""text"":""the one doing the speech"",""message_number"":4}]",yoked,"{'B': -2.6527180671691895, 'D': -0.15271808207035065, 'J': -2.6527180671691895, 'F': -7.6527180671691895, 'L': -9.152718544006348, 'A': -9.652718544006348, 'K': -9.652718544006348, 'E': -15.652718544006348, 'H': -17.65271759033203, 'C': -17.90271759033203, 'G': -20.40271759033203, 'I': -22.40271759033203}"
rSMFkjhskBteiyQMB,14,1,C,1.0,[],[],"[{""role"":""describer"",""text"":""flailing arm, hugging"",""message_number"":1},{""role"":""describer"",""text"":""2 arms up"",""message_number"":2}]",yoked,"{'C': -0.07891563326120377, 'E': -2.578915596008301, 'B': -10.5789155960083, 'K': -15.0789155960083, 'A': -15.8289155960083, 'G': -20.328916549682617, 'D': -21.078916549682617, 'F': -23.578916549682617, 'J': -26.578916549682617, 'I': -28.828916549682617, 'L': -29.828916549682617, 'H': -29.828916549682617}"
rSMFkjhskBteiyQMB,15,1,G,1.0,[],[],"[{""role"":""describer"",""text"":""looks like a dog, at the top there's a square at the left and a triangle on the right they are connected to another triangle"",""message_number"":1},{""role"":""describer"",""text"":""the 3 shapes are connected to a rectangle, connecting to the triangle and a parallelogram"",""message_number"":2}]",yoked,"{'B': -0.011953037232160568, 'A': -4.511952877044678, 'F': -7.011952877044678, 'D': -12.511953353881836, 'E': -15.511953353881836, 'G': -21.511953353881836, 'C': -21.761953353881836, 'K': -23.261953353881836, 'H': -28.511953353881836, 'I': -32.7619514465332, 'J': -34.0119514465332, 'L': -35.5119514465332}"
rSMFkjhskBteiyQMB,16,1,D,1.0,[],[],"[{""role"":""describer"",""text"":""speaker"",""message_number"":1},{""role"":""describer"",""text"":""no bent knee"",""message_number"":2}]",yoked,"{'D': -1.811964830267243e-05, 'B': -11.000018119812012, 'A': -13.500018119812012, 'C': -19.500017166137695, 'K': -24.500017166137695, 'E': -25.250017166137695, 'H': -30.000017166137695, 'F': -30.250017166137695, 'G': -33.00001907348633, 'J': -33.25001907348633, 'I': -35.75001907348633, 'L': -36.25001907348633}"
rSMFkjhskBteiyQMB,17,1,A,1.0,[],[],"[{""role"":""describer"",""text"":""dancing man, 1 foot up, 1 down, 2 heads"",""message_number"":1}]",yoked,"{'A': -3.135155202471651e-05, 'B': -10.500031471252441, 'C': -12.500031471252441, 'E': -16.750030517578125, 'D': -20.000030517578125, 'K': -22.750030517578125, 'G': -26.250030517578125, 'F': -27.250030517578125, 'I': -29.250030517578125, 'L': -29.500030517578125, 'J': -29.500030517578125, 'H': -30.500030517578125}"
rSMFkjhskBteiyQMB,18,1,H,1.0,[],[],"[{""role"":""describer"",""text"":""swaddled baby"",""message_number"":1}]",yoked,"{'B': -0.34915679693222046, 'F': -1.3491568565368652, 'E': -3.3491568565368652, 'A': -8.849156379699707, 'D': -14.099156379699707, 'C': -21.599157333374023, 'H': -22.099157333374023, 'K': -22.349157333374023, 'L': -24.599157333374023, 'J': -25.599157333374023, 'G': -26.849157333374023, 'I': -27.849157333374023}"
rSMFkjhskBteiyQMB,19,1,I,1.0,[],[],"[{""role"":""describer"",""text"":""ice skating man"",""message_number"":1},{""role"":""describer"",""text"":""2 arms ahead"",""message_number"":2},{""role"":""describer"",""text"":""1 leg 90 degrees"",""message_number"":3}]",yoked,"{'A': -0.12697698175907135, 'B': -2.12697696685791, 'C': -10.12697696685791, 'D': -11.62697696685791, 'E': -18.126977920532227, 'K': -22.876977920532227, 'F': -28.876977920532227, 'G': -28.876977920532227, 'H': -30.126977920532227, 'L': -30.376977920532227, 'I': -32.626976013183594, 'J': -33.626976013183594}"
rSMFkjhskBteiyQMB,20,1,E,1.0,[],[],"[{""role"":""describer"",""text"":""bunny ears"",""message_number"":1}]",yoked,"{'E': -0.006589469499886036, 'C': -5.506589412689209, 'K': -6.006589412689209, 'A': -10.006589889526367, 'B': -15.006589889526367, 'J': -18.506589889526367, 'L': -19.006589889526367, 'I': -21.756589889526367, 'D': -22.006589889526367, 'G': -23.256589889526367, 'F': -23.506589889526367, 'H': -26.756589889526367}"
rSMFkjhskBteiyQMB,21,1,J,1.0,[],[],"[{""role"":""describer"",""text"":""rotated square touching a straight line"",""message_number"":1},{""role"":""describer"",""text"":""feet out pointing to the right"",""message_number"":2},{""role"":""describer"",""text"":""the left side of this object is straight all the way"",""message_number"":3},{""role"":""describer"",""text"":""except for the"",""message_number"":4},{""role"":""describer"",""text"":""head"",""message_number"":5},{""role"":""matcher"",""text"":""horizontal straight line"",""message_number"":6}]",yoked,"{'B': -0.020581373944878578, 'D': -4.020581245422363, 'A': -6.020581245422363, 'C': -15.270581245422363, 'F': -18.27058219909668, 'E': -18.52058219909668, 'K': -21.02058219909668, 'H': -21.77058219909668, 'L': -24.77058219909668, 'G': -24.77058219909668, 'J': -29.52058219909668, 'I': -31.27058219909668}"
rSMFkjhskBteiyQMB,22,1,L,1.0,[],[],"[{""role"":""describer"",""text"":""speaker with bent knee"",""message_number"":1}]",yoked,"{'A': -1.4305104514278355e-06, 'B': -13.500000953674316, 'D': -19.000001907348633, 'C': -22.000001907348633, 'E': -22.000001907348633, 'K': -27.750001907348633, 'F': -32.25, 'L': -32.75, 'H': -33.0, 'J': -33.0, 'G': -33.75, 'I': -34.0}"
rSMFkjhskBteiyQMB,23,1,B,0.6666666666666666,[],[],"[{""role"":""describer"",""text"":""wings"",""message_number"":1},{""role"":""describer"",""text"":""man kneeling head facing down"",""message_number"":2}]",yoked,"{'E': -0.030303381383419037, 'B': -3.530303478240967, 'F': -7.530303478240967, 'C': -11.030303001403809, 'D': -17.030303955078125, 'A': -17.780303955078125, 'G': -18.030303955078125, 'K': -19.530303955078125, 'H': -22.780303955078125, 'L': -26.280303955078125, 'J': -28.280303955078125, 'I': -31.030303955078125}"
rSMFkjhskBteiyQMB,24,2,I,1.0,[],[],"[{""role"":""describer"",""text"":""ice skater"",""message_number"":1}]",yoked,"{'A': -6.246371776796877e-05, 'B': -10.000061988830566, 'C': -11.500061988830566, 'E': -12.000061988830566, 'D': -14.000061988830566, 'K': -21.750062942504883, 'I': -26.500062942504883, 'L': -26.500062942504883, 'J': -28.250062942504883, 'F': -28.500062942504883, 'G': -29.250062942504883, 'H': -31.500062942504883}"
rSMFkjhskBteiyQMB,25,2,D,1.0,[],[],"[{""role"":""describer"",""text"":""speaker no bent knee"",""message_number"":1},{""role"":""describer"",""text"":""knee"",""message_number"":2}]",yoked,"{'D': -0.03597636520862579, 'A': -4.035976409912109, 'B': -4.035976409912109, 'C': -17.78597640991211, 'E': -18.78597640991211, 'H': -21.53597640991211, 'K': -21.78597640991211, 'L': -24.03597640991211, 'F': -24.03597640991211, 'J': -26.03597640991211, 'G': -26.28597640991211, 'I': -29.53597640991211}"
rSMFkjhskBteiyQMB,26,2,A,1.0,[],[],"[{""role"":""describer"",""text"":""dancing man"",""message_number"":1}]",yoked,"{'A': -1.6689160474925302e-05, 'B': -11.000016212463379, 'C': -21.250017166137695, 'D': -21.500017166137695, 'E': -22.000017166137695, 'K': -30.250017166137695, 'F': -32.25001525878906, 'G': -32.25001525878906, 'I': -33.75001525878906, 'H': -34.25001525878906, 'J': -36.25001525878906, 'L': -37.75001525878906}"
rSMFkjhskBteiyQMB,27,2,L,1.0,[],[],"[{""role"":""describer"",""text"":""speaker bent knees"",""message_number"":1}]",yoked,"{'A': -0.9860939383506775, 'B': -0.4860939383506775, 'E': -4.486093997955322, 'C': -7.986093997955322, 'D': -7.986093997955322, 'K': -16.986093521118164, 'F': -17.986093521118164, 'G': -19.486093521118164, 'J': -22.736093521118164, 'H': -23.736093521118164, 'L': -24.236093521118164, 'I': -25.736093521118164}"
rSMFkjhskBteiyQMB,28,2,B,0.6666666666666666,[],[],"[{""role"":""describer"",""text"":""wings, man head facing down, kneeling"",""message_number"":1}]",yoked,"{'E': -0.06729153543710709, 'C': -3.067291498184204, 'B': -4.067291736602783, 'A': -6.567291736602783, 'F': -14.567291259765625, 'K': -14.567291259765625, 'G': -16.317291259765625, 'D': -17.067291259765625, 'I': -23.067291259765625, 'L': -23.067291259765625, 'J': -23.067291259765625, 'H': -24.317291259765625}"
rSMFkjhskBteiyQMB,29,2,H,1.0,[],[],"[{""role"":""describer"",""text"":""the baby i"",""message_number"":1}]",yoked,"{'A': -3.2066785934148356e-05, 'B': -10.500032424926758, 'E': -12.500032424926758, 'D': -14.000032424926758, 'I': -19.250032424926758, 'K': -20.000032424926758, 'J': -20.000032424926758, 'C': -20.250032424926758, 'H': -20.250032424926758, 'L': -20.500032424926758, 'F': -25.500032424926758, 'G': -25.750032424926758}"
rSMFkjhskBteiyQMB,30,2,F,1.0,[],[],"[{""role"":""describer"",""text"":""the sad guy sitting down with knees bent up head slightly tilted up"",""message_number"":1},{""role"":""describer"",""message_number"":2}]",yoked,"{'B': -0.4740808606147766, 'F': -0.9740808606147766, 'E': -12.474081039428711, 'A': -17.97408103942871, 'D': -21.97408103942871, 'C': -23.47408103942871, 'H': -28.22408103942871, 'G': -28.47408103942871, 'K': -30.22408103942871, 'I': -32.22407913208008, 'L': -37.72407913208008, 'J': -37.97407913208008}"
rSMFkjhskBteiyQMB,31,2,G,1.0,[],[],"[{""role"":""describer"",""text"":""the one that looks like it's doing the lunge exercise"",""message_number"":1},{""role"":""describer"",""text"":""with arms up"",""message_number"":2},{""role"":""describer"",""text"":""one leg back"",""message_number"":3},{""role"":""matcher"",""text"":""that looks like a dog from a different angle"",""message_number"":4},{""role"":""matcher"",""text"":""the one that looks like a dog"",""message_number"":5},{""role"":""describer"",""text"":""one foot in front on the right"",""message_number"":6}]",yoked,"{'A': -1.0967194612021558e-05, 'B': -11.50001049041748, 'D': -14.00001049041748, 'C': -23.250011444091797, 'E': -25.250011444091797, 'F': -25.500011444091797, 'G': -29.500011444091797, 'K': -30.250011444091797, 'L': -32.0000114440918, 'H': -34.0000114440918, 'J': -36.5000114440918, 'I': -36.7500114440918}"
rSMFkjhskBteiyQMB,32,2,J,1.0,[],[],"[{""role"":""describer"",""text"":""horizontal line one with rotated square head"",""message_number"":1}]",yoked,"{'J': -0.5175157785415649, 'D': -1.517515778541565, 'A': -2.0175156593322754, 'I': -3.5175156593322754, 'L': -4.517515659332275, 'C': -5.517515659332275, 'K': -5.517515659332275, 'B': -6.017515659332275, 'E': -7.267515659332275, 'F': -13.017516136169434, 'H': -13.517516136169434, 'G': -13.517516136169434}"
rSMFkjhskBteiyQMB,33,2,K,1.0,[],[],"[{""role"":""describer"",""text"":""looks like the speaker with bent knees but he she is kneeling"",""message_number"":1},{""role"":""matcher"",""text"":""the one with 2 squares at a point"",""message_number"":2},{""role"":""describer"",""text"":""we'll call it kneeling speaker"",""message_number"":3},{""role"":""matcher"",""text"":""the second square looks like its merged into a triangle"",""message_number"":4}]",yoked,"{'B': -38.0067138671875, 'F': -5.006715297698975, 'E': -21.256715774536133, 'A': -23.006715774536133, 'D': -24.256715774536133, 'C': -29.006715774536133, 'G': -31.006715774536133, 'H': -31.256715774536133, 'K': -31.756715774536133, 'J': -35.5067138671875, 'I': -37.2567138671875, 'L': -39.0067138671875}"
rSMFkjhskBteiyQMB,34,2,E,1.0,[],[],"[{""role"":""describer"",""text"":""bunny ears"",""message_number"":1}]",yoked,"{'E': -0.006589469499886036, 'C': -5.506589412689209, 'K': -6.006589412689209, 'A': -10.006589889526367, 'B': -15.006589889526367, 'J': -18.506589889526367, 'L': -19.006589889526367, 'I': -21.756589889526367, 'D': -22.006589889526367, 'G': -23.256589889526367, 'F': -23.506589889526367, 'H': -26.756589889526367}"
rSMFkjhskBteiyQMB,35,2,C,1.0,[],[],"[{""role"":""describer"",""text"":""the one that wants a hug"",""message_number"":1}]",yoked,"{'B': -0.030719175934791565, 'E': -3.53071928024292, 'F': -7.53071928024292, 'A': -8.030718803405762, 'D': -9.530718803405762, 'C': -11.030718803405762, 'H': -11.030718803405762, 'G': -13.780718803405762, 'K': -17.030719757080078, 'L': -21.780719757080078, 'I': -25.780719757080078, 'J': -28.030719757080078}"
rSMFkjhskBteiyQMB,36,3,B,0.6666666666666666,[],[],"[{""role"":""describer"",""text"":""wings"",""message_number"":1},{""role"":""describer"",""text"":""kneeling, head tilted down"",""message_number"":2}]",yoked,"{'E': -0.022155506536364555, 'B': -4.022155284881592, 'C': -5.522155284881592, 'F': -15.02215576171875, 'A': -17.02215576171875, 'K': -17.27215576171875, 'D': -20.02215576171875, 'G': -20.77215576171875, 'H': -23.77215576171875, 'L': -26.52215576171875, 'J': -27.02215576171875, 'I': -28.77215576171875}"
rSMFkjhskBteiyQMB,37,3,E,1.0,[],[],"[{""role"":""describer"",""text"":""bunny ears"",""message_number"":1}]",yoked,"{'E': -0.006589469499886036, 'C': -5.506589412689209, 'K': -6.006589412689209, 'A': -10.006589889526367, 'B': -15.006589889526367, 'J': -18.506589889526367, 'L': -19.006589889526367, 'I': -21.756589889526367, 'D': -22.006589889526367, 'G': -23.256589889526367, 'F': -23.506589889526367, 'H': -26.756589889526367}"
rSMFkjhskBteiyQMB,38,3,G,1.0,[],[],"[{""role"":""describer"",""text"":""the one that looks like a dog"",""message_number"":1}]",yoked,"{'A': -1.0728830375228426e-06, 'B': -14.000000953674316, 'E': -15.500000953674316, 'F': -19.000001907348633, 'D': -22.750001907348633, 'G': -23.750001907348633, 'C': -26.750001907348633, 'H': -27.750001907348633, 'K': -29.250001907348633, 'I': -30.750001907348633, 'J': -37.0, 'L': -37.25}"
rSMFkjhskBteiyQMB,39,3,A,1.0,[],[],"[{""role"":""describer"",""text"":""dancing man"",""message_number"":1},{""role"":""describer"",""text"":""two heads"",""message_number"":2}]",yoked,"{'A': -3.373566141817719e-05, 'E': -10.500033378601074, 'B': -12.000033378601074, 'C': -18.50003433227539, 'K': -18.50003433227539, 'D': -21.00003433227539, 'G': -23.50003433227539, 'F': -24.00003433227539, 'L': -26.50003433227539, 'H': -28.50003433227539, 'J': -29.50003433227539, 'I': -31.75003433227539}"
rSMFkjhskBteiyQMB,40,3,K,1.0,[],[],"[{""role"":""describer"",""text"":""top has two squares, connected at a point, one under the other The second square looks like its merging into the triangle"",""message_number"":1},{""role"":""matcher"",""text"":""kneeling speaker"",""message_number"":2},{""role"":""describer"",""text"":""the last speaker called it a kneeling speaking man - NOT the one with bent knees"",""message_number"":3}]",yoked,"{'B': 0.0, 'A': -17.0, 'D': -18.5, 'E': -21.5, 'C': -27.5, 'F': -28.0, 'K': -29.75, 'G': -31.25, 'L': -32.5, 'H': -32.5, 'J': -36.0, 'I': -41.5}"
rSMFkjhskBteiyQMB,41,3,H,1.0,[],[],"[{""role"":""describer"",""text"":""baby swaddled, looks like an i"",""message_number"":1}]",yoked,"{'L': -0.47677478194236755, 'J': -0.9767748117446899, 'I': -6.7267746925354, 'D': -6.9767746925354, 'K': -7.9767746925354, 'A': -8.476775169372559, 'B': -11.476775169372559, 'E': -14.976775169372559, 'C': -16.976774215698242, 'H': -16.976774215698242, 'G': -22.726774215698242, 'F': -22.976774215698242}"
rSMFkjhskBteiyQMB,42,3,F,1.0,[],[],"[{""role"":""describer"",""text"":""depressed man, sitting down, one knee bent up, head tilted forward"",""message_number"":1}]",yoked,"{'B': -39.25000762939453, 'F': -12.000005722045898, 'A': -19.5000057220459, 'E': -19.5000057220459, 'D': -21.7500057220459, 'C': -27.2500057220459, 'K': -33.25000762939453, 'H': -34.50000762939453, 'I': -35.00000762939453, 'G': -35.25000762939453, 'L': -40.75000762939453, 'J': -42.25000762939453}"
rSMFkjhskBteiyQMB,43,3,L,1.0,[],[],"[{""role"":""describer"",""text"":""sermon speaker, with bent knees"",""message_number"":1}]",yoked,"{'B': -0.02210373617708683, 'A': -4.522103786468506, 'E': -4.522103786468506, 'D': -9.022103309631348, 'C': -12.522103309631348, 'F': -13.022103309631348, 'K': -14.522103309631348, 'L': -16.772104263305664, 'J': -16.772104263305664, 'G': -17.272104263305664, 'H': -19.522104263305664, 'I': -19.772104263305664}"
rSMFkjhskBteiyQMB,44,3,C,1.0,[],[],"[{""role"":""describer"",""text"":""man going in for hug"",""message_number"":1},{""role"":""describer"",""text"":""both arms open wide"",""message_number"":2}]",yoked,"{'B': -39.250003814697266, 'A': -12.500003814697266, 'C': -16.500003814697266, 'E': -17.000003814697266, 'D': -21.500003814697266, 'F': -23.250003814697266, 'G': -25.250003814697266, 'K': -28.500003814697266, 'H': -29.750003814697266, 'I': -36.750003814697266, 'L': -40.000003814697266, 'J': -40.250003814697266}"
rSMFkjhskBteiyQMB,45,3,J,1.0,[],[],"[{""role"":""describer"",""text"":""head is rotated square, the left side a straight line"",""message_number"":1},{""role"":""matcher"",""text"":""horizontal line man"",""message_number"":2}]",yoked,"{'A': -0.4752127528190613, 'D': -0.9752127528190613, 'B': -7.475212574005127, 'J': -7.475212574005127, 'K': -13.975213050842285, 'I': -15.975213050842285, 'C': -15.975213050842285, 'L': -17.47521209716797, 'H': -20.72521209716797, 'E': -20.97521209716797, 'F': -22.22521209716797, 'G': -25.47521209716797}"
rSMFkjhskBteiyQMB,46,3,I,1.0,[],[],"[{""role"":""describer"",""text"":""ice skating guy"",""message_number"":1}]",yoked,"{'A': -3.099436753473128e-06, 'B': -13.00000286102295, 'E': -14.50000286102295, 'C': -15.00000286102295, 'D': -18.000003814697266, 'I': -27.250003814697266, 'F': -27.750003814697266, 'G': -27.750003814697266, 'K': -27.750003814697266, 'J': -30.750003814697266, 'L': -32.750003814697266, 'H': -33.500003814697266}"
rSMFkjhskBteiyQMB,47,3,D,1.0,[],[],"[{""role"":""describer"",""text"":""man giving a sermon speaking, straight legs"",""message_number"":1}]",yoked,"{'B': -0.0004638549580704421, 'A': -8.000463485717773, 'D': -9.000463485717773, 'E': -12.500463485717773, 'F': -13.500463485717773, 'C': -17.000463485717773, 'G': -23.500463485717773, 'H': -26.250463485717773, 'K': -26.250463485717773, 'I': -31.750463485717773, 'L': -32.000465393066406, 'J': -33.250465393066406}"
rSMFkjhskBteiyQMB,48,4,G,1.0,[],[],"[{""role"":""describer"",""text"":""dog"",""message_number"":1}]",yoked,"{'A': -4.5536911784438416e-05, 'B': -10.000045776367188, 'D': -15.500045776367188, 'E': -20.500045776367188, 'F': -23.250045776367188, 'C': -26.500045776367188, 'H': -28.500045776367188, 'K': -29.750045776367188, 'G': -30.000045776367188, 'L': -32.25004577636719, 'I': -32.50004577636719, 'J': -36.00004577636719}"
rSMFkjhskBteiyQMB,49,4,A,1.0,[],[],"[{""role"":""describer"",""text"":""dancing man"",""message_number"":1}]",yoked,"{'A': -1.6689160474925302e-05, 'B': -11.000016212463379, 'C': -21.250017166137695, 'D': -21.500017166137695, 'E': -22.000017166137695, 'K': -30.250017166137695, 'F': -32.25001525878906, 'G': -32.25001525878906, 'I': -33.75001525878906, 'H': -34.25001525878906, 'J': -36.25001525878906, 'L': -37.75001525878906}"
rSMFkjhskBteiyQMB,50,4,L,1.0,[],[],"[{""role"":""describer"",""text"":""bent speaker"",""message_number"":1}]",yoked,"{'A': -0.15233644843101501, 'D': -2.652336359024048, 'B': -2.652336359024048, 'E': -8.152336120605469, 'C': -10.152336120605469, 'K': -14.652336120605469, 'J': -15.152336120605469, 'F': -15.652336120605469, 'G': -16.65233612060547, 'L': -17.15233612060547, 'H': -17.90233612060547, 'I': -19.65233612060547}"
rSMFkjhskBteiyQMB,51,4,C,1.0,[],[],"[{""role"":""describer"",""text"":""person trying to hug"",""message_number"":1}]",yoked,"{'B': -0.004078761208802462, 'A': -5.5040788650512695, 'D': -15.00407886505127, 'E': -17.004077911376953, 'F': -17.504077911376953, 'C': -20.754077911376953, 'H': -28.254077911376953, 'G': -29.254077911376953, 'K': -29.504077911376953, 'I': -34.50407791137695, 'L': -35.25407791137695, 'J': -36.75407791137695}"
rSMFkjhskBteiyQMB,52,4,K,1.0,[],[],"[{""role"":""describer"",""text"":""kneeling speaker"",""message_number"":1}]",yoked,"{'B': -4.589452510117553e-05, 'A': -10.000045776367188, 'D': -14.500045776367188, 'E': -19.500045776367188, 'C': -23.750045776367188, 'F': -25.500045776367188, 'K': -31.000045776367188, 'H': -33.25004577636719, 'I': -33.50004577636719, 'L': -33.75004577636719, 'G': -34.50004577636719, 'J': -36.75004577636719}"
rSMFkjhskBteiyQMB,53,4,I,1.0,[],[],"[{""role"":""describer"",""text"":""ice skater"",""message_number"":1}]",yoked,"{'A': -6.246371776796877e-05, 'B': -10.000061988830566, 'C': -11.500061988830566, 'E': -12.000061988830566, 'D': -14.000061988830566, 'K': -21.750062942504883, 'I': -26.500062942504883, 'L': -26.500062942504883, 'J': -28.250062942504883, 'F': -28.500062942504883, 'G': -29.250062942504883, 'H': -31.500062942504883}"
rSMFkjhskBteiyQMB,54,4,B,0.3333333333333333,[],[],"[{""role"":""describer"",""text"":""mouse"",""message_number"":1},{""role"":""matcher"",""text"":""mouse"",""message_number"":2},{""role"":""matcher"",""text"":""bunny ears"",""message_number"":3},{""role"":""describer"",""text"":""no, point of square and point of 2 different triangles touches"",""message_number"":4},{""role"":""matcher"",""text"":""like, the guy with wings"",""message_number"":5}]",yoked,"{'C': -0.0003491030656732619, 'A': -9.000349044799805, 'B': -9.000349044799805, 'D': -9.500349044799805, 'F': -11.000349044799805, 'G': -11.500349044799805, 'K': -14.500349044799805, 'E': -15.500349044799805, 'H': -28.000349044799805, 'I': -31.500349044799805, 'L': -32.25035095214844, 'J': -34.25035095214844}"
rSMFkjhskBteiyQMB,55,4,E,1.0,[],[],"[{""role"":""describer"",""text"":""bunny ears"",""message_number"":1}]",yoked,"{'E': -0.006589469499886036, 'C': -5.506589412689209, 'K': -6.006589412689209, 'A': -10.006589889526367, 'B': -15.006589889526367, 'J': -18.506589889526367, 'L': -19.006589889526367, 'I': -21.756589889526367, 'D': -22.006589889526367, 'G': -23.256589889526367, 'F': -23.506589889526367, 'H': -26.756589889526367}"
rSMFkjhskBteiyQMB,56,4,F,1.0,[],[],"[{""role"":""describer"",""text"":""depressed man bent knee"",""message_number"":1}]",yoked,"{'B': -0.00010239553375868127, 'A': -9.500102043151855, 'D': -10.500102043151855, 'E': -19.000102996826172, 'F': -19.000102996826172, 'C': -23.750102996826172, 'H': -29.750102996826172, 'G': -31.250102996826172, 'K': -32.50010299682617, 'I': -33.50010299682617, 'L': -34.75010299682617, 'J': -37.25010299682617}"
rSMFkjhskBteiyQMB,57,4,D,1.0,[],[],"[{""role"":""describer"",""text"":""speaker straight legs"",""message_number"":1}]",yoked,"{'A': -0.40541258454322815, 'C': -1.4054125547409058, 'D': -2.9054126739501953, 'B': -3.4054126739501953, 'E': -9.405412673950195, 'K': -10.405412673950195, 'J': -14.655412673950195, 'G': -16.155412673950195, 'L': -17.905412673950195, 'I': -18.655412673950195, 'F': -18.905412673950195, 'H': -19.905412673950195}"
rSMFkjhskBteiyQMB,58,4,J,1.0,[],[],"[{""role"":""describer"",""text"":""square on top of horizontal line"",""message_number"":1}]",yoked,"{'J': -33.25, 'A': -15.5, 'B': -18.75, 'K': -20.25, 'D': -22.0, 'I': -22.25, 'L': -24.0, 'C': -25.25, 'E': -30.5, 'H': -31.5, 'F': -33.0, 'G': -35.5}"
rSMFkjhskBteiyQMB,59,4,H,1.0,[],[],"[{""role"":""describer"",""text"":""swaddled baby"",""message_number"":1}]",yoked,"{'B': -0.3492496907711029, 'F': -1.3492497205734253, 'E': -3.3492496013641357, 'A': -8.349249839782715, 'D': -14.349249839782715, 'C': -21.5992488861084, 'H': -22.0992488861084, 'K': -22.0992488861084, 'L': -24.0992488861084, 'J': -25.0992488861084, 'G': -26.5992488861084, 'I': -27.3492488861084}"
rSMFkjhskBteiyQMB,60,5,K,1.0,[],[],"[{""role"":""describer"",""text"":""kneeling speaker"",""message_number"":1}]",yoked,"{'B': -4.589452510117553e-05, 'A': -10.000045776367188, 'D': -14.500045776367188, 'E': -19.500045776367188, 'C': -23.750045776367188, 'F': -25.750045776367188, 'K': -31.250045776367188, 'H': -33.25004577636719, 'I': -33.50004577636719, 'L': -34.00004577636719, 'G': -34.75004577636719, 'J': -37.25004577636719}"
rSMFkjhskBteiyQMB,61,5,A,1.0,[],[],"[{""role"":""describer"",""text"":""dancing man"",""message_number"":1}]",yoked,"{'A': -1.0132738680113107e-05, 'B': -11.50001049041748, 'C': -21.500009536743164, 'D': -21.750009536743164, 'E': -22.000009536743164, 'K': -30.500009536743164, 'F': -32.2500114440918, 'G': -32.2500114440918, 'I': -33.7500114440918, 'H': -34.5000114440918, 'J': -36.7500114440918, 'L': -38.0000114440918}"
rSMFkjhskBteiyQMB,62,5,B,1.0,[],[],"[{""role"":""describer"",""text"":""wings"",""message_number"":1}]",yoked,"{'C': -2.3841855067985307e-07, 'E': -15.5, 'K': -19.75, 'A': -21.5, 'B': -23.5, 'G': -24.0, 'J': -27.25, 'F': -27.75, 'I': -29.25, 'D': -29.25, 'L': -30.25, 'H': -30.75}"
rSMFkjhskBteiyQMB,63,5,F,1.0,[],[],"[{""role"":""describer"",""text"":""sad man knee up"",""message_number"":1}]",yoked,"{'B': -0.02240639366209507, 'A': -4.022406578063965, 'E': -5.522406578063965, 'D': -9.022406578063965, 'F': -9.022406578063965, 'C': -11.522406578063965, 'G': -17.52240562438965, 'K': -22.27240562438965, 'H': -22.52240562438965, 'I': -26.52240562438965, 'L': -27.27240562438965, 'J': -29.77240562438965}"
rSMFkjhskBteiyQMB,64,5,H,1.0,[],[],"[{""role"":""describer"",""text"":""iBaby"",""message_number"":1}]",yoked,"{'A': -0.023993603885173798, 'E': -4.023993492126465, 'B': -5.523993492126465, 'D': -7.023993492126465, 'K': -7.023993492126465, 'C': -10.523993492126465, 'L': -10.523993492126465, 'F': -13.273993492126465, 'J': -14.273993492126465, 'H': -16.77399444580078, 'G': -16.77399444580078, 'I': -17.02399444580078}"
rSMFkjhskBteiyQMB,65,5,J,1.0,[],[],"[{""role"":""describer"",""text"":""horizontal line man"",""message_number"":1}]",yoked,"{'D': -0.08124211430549622, 'A': -2.581242084503174, 'B': -6.081242084503174, 'E': -10.581242561340332, 'J': -10.581242561340332, 'C': -11.581242561340332, 'L': -13.081242561340332, 'F': -13.581242561340332, 'I': -14.581242561340332, 'K': -14.831242561340332, 'G': -16.831241607666016, 'H': -21.081241607666016}"
rSMFkjhskBteiyQMB,66,5,L,1.0,[],[],"[{""role"":""describer"",""text"":""bent knee speaker"",""message_number"":1}]",yoked,"{'A': -0.006544111296534538, 'B': -5.50654411315918, 'D': -6.00654411315918, 'E': -17.00654411315918, 'C': -18.00654411315918, 'F': -25.50654411315918, 'K': -25.50654411315918, 'L': -27.75654411315918, 'H': -28.25654411315918, 'I': -29.00654411315918, 'J': -29.00654411315918, 'G': -29.25654411315918}"
rSMFkjhskBteiyQMB,67,5,G,1.0,[],[],"[{""role"":""describer"",""text"":""dog"",""message_number"":1}]",yoked,"{'A': -4.5536911784438416e-05, 'B': -10.000045776367188, 'D': -15.500045776367188, 'E': -21.000045776367188, 'F': -23.500045776367188, 'C': -26.750045776367188, 'H': -29.000045776367188, 'K': -30.000045776367188, 'G': -30.250045776367188, 'L': -32.25004577636719, 'I': -33.00004577636719, 'J': -36.00004577636719}"
rSMFkjhskBteiyQMB,68,5,E,1.0,[],[],"[{""role"":""describer"",""text"":""bunny ears"",""message_number"":1}]",yoked,"{'E': -0.006618720479309559, 'K': -5.506618499755859, 'C': -6.006618499755859, 'A': -9.50661849975586, 'B': -15.00661849975586, 'J': -18.00661849975586, 'L': -18.50661849975586, 'I': -21.25661849975586, 'D': -21.50661849975586, 'G': -23.00661849975586, 'F': -23.50661849975586, 'H': -26.25661849975586}"
rSMFkjhskBteiyQMB,69,5,I,1.0,[],[],"[{""role"":""describer"",""text"":""ice skater"",""message_number"":1}]",yoked,"{'A': -7.354942499659956e-05, 'B': -10.000073432922363, 'C': -11.000073432922363, 'E': -11.500073432922363, 'D': -13.500073432922363, 'K': -21.50007438659668, 'I': -26.25007438659668, 'L': -26.25007438659668, 'F': -28.00007438659668, 'J': -28.00007438659668, 'G': -29.00007438659668, 'H': -31.00007438659668}"
rSMFkjhskBteiyQMB,70,5,C,1.0,[],[],"[{""role"":""describer"",""text"":""hug"",""message_number"":1}]",yoked,"{'E': -2.7753713130950928, 'B': -0.7753713726997375, 'H': -1.2753713130950928, 'D': -1.7753713130950928, 'A': -4.275371551513672, 'F': -4.275371551513672, 'G': -7.775371551513672, 'K': -9.025371551513672, 'C': -11.025371551513672, 'L': -11.025371551513672, 'I': -18.025371551513672, 'J': -19.775371551513672}"
rSMFkjhskBteiyQMB,71,5,D,1.0,[],[],"[{""role"":""describer"",""text"":""speaker straight"",""message_number"":1}]",yoked,"{'C': -0.1508284956216812, 'A': -2.1508285999298096, 'J': -4.1508283615112305, 'I': -6.1508283615112305, 'D': -6.1508283615112305, 'K': -6.1508283615112305, 'B': -6.6508283615112305, 'E': -8.65082836151123, 'L': -13.15082836151123, 'G': -14.40082836151123, 'F': -16.400829315185547, 'H': -16.650829315185547}"
LzNv7CD7gRuxpk7cQ,0,0,K,0.0,[],[],"[{""role"":""describer"",""text"":""right angle triangle in the bottom left corner"",""message_number"":1},{""role"":""describer"",""text"":""triangled shaped cutout on the right"",""message_number"":2},{""role"":""describer"",""text"":""like a man sat on a chair"",""message_number"":3}]",yoked,"{'F': -35.7567138671875, 'B': -5.006715774536133, 'E': -15.256715774536133, 'D': -16.506715774536133, 'A': -17.756715774536133, 'G': -23.506715774536133, 'C': -24.006715774536133, 'H': -24.756715774536133, 'K': -25.006715774536133, 'L': -32.5067138671875, 'I': -33.0067138671875, 'J': -36.5067138671875}"
LzNv7CD7gRuxpk7cQ,1,0,G,1.0,[],[],"[{""role"":""describer"",""text"":""the head is to the left"",""message_number"":1},{""role"":""describer"",""text"":""quite wide"",""message_number"":2},{""role"":""describer"",""text"":""a small triangle sticking out on the bottom right"",""message_number"":3},{""role"":""describer"",""text"":""like a person doing a lunge"",""message_number"":4},{""role"":""matcher"",""text"":""does it have its arms to the right"",""message_number"":5},{""role"":""matcher"",""text"":""Does it look like a person doing the tango"",""message_number"":6}]",yoked,"{'B': -0.030303381383419037, 'A': -3.530303478240967, 'D': -7.530303478240967, 'F': -11.030303001403809, 'E': -18.030303955078125, 'C': -19.530303955078125, 'G': -23.030303955078125, 'K': -27.030303955078125, 'L': -28.280303955078125, 'H': -30.530303955078125, 'J': -34.030303955078125, 'I': -34.280303955078125}"
LzNv7CD7gRuxpk7cQ,2,0,L,1.0,[],[],"[{""role"":""describer"",""text"":""looks like a person bending their knees"",""message_number"":1},{""role"":""describer"",""text"":""stood with knees bent"",""message_number"":2},{""role"":""matcher"",""text"":""what direction do they face"",""message_number"":3},{""role"":""describer"",""text"":""centre"",""message_number"":4},{""role"":""describer"",""text"":""right"",""message_number"":5},{""role"":""matcher"",""text"":""arms to the right"",""message_number"":6},{""role"":""matcher"",""text"":""Does it look like they could be holding a book"",""message_number"":7},{""role"":""describer"",""text"":""knees bent to the right"",""message_number"":8},{""role"":""matcher"",""text"":""back legs up in the air"",""message_number"":9},{""role"":""describer"",""text"":""no back legs not up"",""message_number"":10}]",yoked,"{'B': -0.01105151604861021, 'D': -4.511051654815674, 'F': -12.511051177978516, 'C': -16.261051177978516, 'A': -18.011051177978516, 'E': -18.761051177978516, 'K': -24.011051177978516, 'G': -26.011051177978516, 'H': -27.511051177978516, 'L': -28.261051177978516, 'J': -29.511051177978516, 'I': -32.261051177978516}"
LzNv7CD7gRuxpk7cQ,3,0,J,1.0,[],[],"[{""role"":""describer"",""text"":""body is completely square on the left"",""message_number"":1},{""role"":""matcher"",""text"":""Are the facing right or left"",""message_number"":2},{""role"":""describer"",""text"":""head in the centre"",""message_number"":3},{""role"":""matcher"",""text"":""is he pointing right"",""message_number"":4},{""role"":""matcher"",""text"":""Is the square for the head like a diamond"",""message_number"":5},{""role"":""describer"",""text"":""top are left of body are straight lines"",""message_number"":6},{""role"":""describer"",""text"":""make a right angle"",""message_number"":7},{""role"":""matcher"",""text"":""Does it look like a candle"",""message_number"":8},{""role"":""describer"",""text"":""then right side is zig zag"",""message_number"":9}]",yoked,"{'J': -3.242440288886428e-05, 'D': -10.500032424926758, 'I': -12.500032424926758, 'A': -14.000032424926758, 'B': -15.000032424926758, 'K': -18.000032424926758, 'L': -19.000032424926758, 'C': -22.250032424926758, 'F': -23.750032424926758, 'E': -25.000032424926758, 'H': -26.500032424926758, 'G': -30.000032424926758}"
LzNv7CD7gRuxpk7cQ,4,0,H,1.0,[],[],"[{""role"":""describer"",""text"":""feet pointing right"",""message_number"":1},{""role"":""matcher"",""text"":""Sitting"",""message_number"":2},{""role"":""describer"",""text"":""can't see arms"",""message_number"":3},{""role"":""describer"",""text"":""just head, body and feet"",""message_number"":4},{""role"":""matcher"",""text"":""feathers on head"",""message_number"":5},{""role"":""matcher"",""text"":""is the body like a triangle"",""message_number"":6},{""role"":""describer"",""text"":""like a house shape"",""message_number"":7},{""role"":""describer"",""text"":""and then a shape on the bottom for feet"",""message_number"":8},{""role"":""describer"",""text"":""and diamond head"",""message_number"":9},{""role"":""matcher"",""text"":""like a gravestone"",""message_number"":10}]",yoked,"{'J': -0.0024334362242370844, 'E': -7.5024333000183105, 'L': -7.5024333000183105, 'B': -8.002433776855469, 'F': -8.002433776855469, 'H': -8.002433776855469, 'K': -8.502433776855469, 'A': -9.502433776855469, 'D': -10.002433776855469, 'C': -17.00243377685547, 'I': -17.50243377685547, 'G': -18.50243377685547}"
LzNv7CD7gRuxpk7cQ,5,0,D,1.0,[],[],"[{""role"":""describer"",""text"":""like a person facing left holding a book"",""message_number"":1},{""role"":""matcher"",""text"":""is the right hand side straight"",""message_number"":2}]",yoked,"{'B': -0.37632274627685547, 'F': -1.3763227462768555, 'D': -2.8763227462768555, 'A': -5.3763227462768555, 'E': -8.876322746276855, 'C': -11.876322746276855, 'G': -14.876322746276855, 'K': -15.876322746276855, 'H': -20.876323699951172, 'J': -21.126323699951172, 'L': -22.626323699951172, 'I': -25.876323699951172}"
LzNv7CD7gRuxpk7cQ,6,0,E,1.0,[],[],"[{""role"":""describer"",""text"":""two triangles on the head"",""message_number"":1},{""role"":""describer"",""text"":""right angled triangle for a body"",""message_number"":2},{""role"":""matcher"",""text"":""Like a resting Indian"",""message_number"":3}]",yoked,"{'E': -0.31368371844291687, 'F': -1.3136837482452393, 'B': -7.81368350982666, 'K': -11.81368350982666, 'H': -12.31368350982666, 'A': -12.81368350982666, 'G': -12.81368350982666, 'D': -15.31368350982666, 'L': -15.81368350982666, 'C': -17.563684463500977, 'J': -19.563684463500977, 'I': -27.813684463500977}"
LzNv7CD7gRuxpk7cQ,7,0,B,0.5,[],[],"[{""role"":""describer"",""text"":""like somebody kneeling on the floor"",""message_number"":1},{""role"":""describer"",""text"":""with a triangle coming from their mouth maybe"",""message_number"":2},{""role"":""matcher"",""text"":""how many arms can be seem"",""message_number"":3},{""role"":""matcher"",""text"":""Facing which way"",""message_number"":4},{""role"":""describer"",""text"":""or with both arms outs to the sides"",""message_number"":5},{""role"":""matcher"",""text"":""a triangle to the bottom left"",""message_number"":6}]",yoked,"{'B': -41.500152587890625, 'A': -9.000150680541992, 'D': -10.500150680541992, 'C': -24.750150680541992, 'E': -27.250150680541992, 'F': -31.000150680541992, 'K': -33.000152587890625, 'I': -38.000152587890625, 'L': -38.000152587890625, 'H': -38.500152587890625, 'G': -42.000152587890625, 'J': -42.750152587890625}"
LzNv7CD7gRuxpk7cQ,8,0,A,0.5,[],[],"[{""role"":""describer"",""text"":""like someone dancing"",""message_number"":1},{""role"":""describer"",""text"":""with one foot on the ground and one up a little"",""message_number"":2},{""role"":""describer"",""text"":""facing left"",""message_number"":3},{""role"":""matcher"",""text"":""is there a square to the right"",""message_number"":4},{""role"":""describer"",""text"":""like a head yes"",""message_number"":5},{""role"":""describer"",""text"":""like they are kind of leaning back"",""message_number"":6},{""role"":""matcher"",""text"":""two arms to the left"",""message_number"":7},{""role"":""matcher"",""text"":""is there foot sticking out t the right"",""message_number"":8},{""role"":""describer"",""text"":""foot sticking out a little to the left"",""message_number"":9}]",yoked,"{'B': -0.00010322991875000298, 'A': -9.500102996826172, 'E': -10.500102996826172, 'C': -15.000102996826172, 'K': -15.500102996826172, 'F': -16.000102996826172, 'D': -16.500102996826172, 'G': -21.500102996826172, 'H': -26.000102996826172, 'L': -29.000102996826172, 'J': -31.500102996826172, 'I': -33.25010299682617}"
LzNv7CD7gRuxpk7cQ,9,0,F,1.0,[],[],"[{""role"":""describer"",""text"":""someone sat on the floor"",""message_number"":1},{""role"":""describer"",""text"":""facing left with head down"",""message_number"":2},{""role"":""matcher"",""text"":""square head"",""message_number"":3},{""role"":""describer"",""text"":""knees in front of them"",""message_number"":4}]",yoked,"{'B': -0.011048568412661552, 'F': -4.511048793792725, 'E': -14.011048316955566, 'A': -17.511049270629883, 'D': -17.511049270629883, 'C': -24.261049270629883, 'H': -24.511049270629883, 'K': -25.261049270629883, 'G': -26.761049270629883, 'L': -34.01104736328125, 'I': -35.26104736328125, 'J': -38.01104736328125}"
LzNv7CD7gRuxpk7cQ,10,0,I,1.0,[],[],"[{""role"":""describer"",""text"":""like someone ice skating with one leg up"",""message_number"":1},{""role"":""describer"",""text"":""facing left"",""message_number"":2},{""role"":""describer"",""text"":""both arms pointing left"",""message_number"":3}]",yoked,"{'B': -0.006721861660480499, 'A': -5.0067219734191895, 'D': -12.006721496582031, 'C': -15.006721496582031, 'E': -22.00672149658203, 'K': -26.25672149658203, 'F': -28.25672149658203, 'L': -29.75672149658203, 'H': -29.75672149658203, 'G': -32.25672149658203, 'I': -34.50672149658203, 'J': -35.50672149658203}"
LzNv7CD7gRuxpk7cQ,11,0,C,1.0,[],[],"[{""role"":""describer"",""text"":""both arms up in the arm"",""message_number"":1},{""role"":""describer"",""text"":""no legs"",""message_number"":2},{""role"":""describer"",""text"":""head between arms"",""message_number"":3},{""role"":""matcher"",""text"":""like a ghost"",""message_number"":4}]",yoked,"{'L': -0.37388309836387634, 'K': -1.3738831281661987, 'J': -2.873883008956909, 'H': -6.123883247375488, 'I': -9.373883247375488, 'A': -10.123883247375488, 'E': -11.123883247375488, 'D': -11.873883247375488, 'C': -12.623883247375488, 'B': -14.123883247375488, 'G': -15.123883247375488, 'F': -17.123882293701172}"
LzNv7CD7gRuxpk7cQ,12,1,E,1.0,[],[],"[{""role"":""describer"",""text"":""Like an Indian taking a nap Two feathers on his head"",""message_number"":1}]",yoked,"{'E': -2.264974000354414e-06, 'A': -13.000001907348633, 'K': -19.500001907348633, 'B': -20.000001907348633, 'C': -22.250001907348633, 'F': -23.250001907348633, 'D': -24.000001907348633, 'G': -24.000001907348633, 'L': -26.750001907348633, 'H': -27.500001907348633, 'J': -28.000001907348633, 'I': -28.500001907348633}"
LzNv7CD7gRuxpk7cQ,13,1,I,1.0,[],[],"[{""role"":""describer"",""text"":""Like an ice skater"",""message_number"":1}]",yoked,"{'C': -0.0030093167442828417, 'E': -6.50300931930542, 'B': -7.00300931930542, 'A': -7.50300931930542, 'D': -10.003008842468262, 'G': -20.503009796142578, 'K': -21.753009796142578, 'F': -22.503009796142578, 'L': -24.753009796142578, 'H': -25.003009796142578, 'J': -25.753009796142578, 'I': -26.003009796142578}"
LzNv7CD7gRuxpk7cQ,14,1,A,1.0,[],[],"[{""role"":""describer"",""text"":""Like a man facing left marching with a flag over his shoulder"",""message_number"":1},{""role"":""describer"",""text"":""Face is pointy looking down"",""message_number"":2}]",yoked,"{'A': -0.029870174825191498, 'B': -3.5298702716827393, 'D': -9.02987003326416, 'C': -19.029870986938477, 'E': -20.529870986938477, 'F': -21.029870986938477, 'K': -22.029870986938477, 'H': -27.029870986938477, 'G': -29.029870986938477, 'L': -30.029870986938477, 'J': -30.279870986938477, 'I': -33.529869079589844}"
LzNv7CD7gRuxpk7cQ,15,1,C,1.0,[],[],"[{""role"":""describer"",""text"":""The one that looked like a ghost"",""message_number"":1}]",yoked,"{'H': -2.3841855067985307e-07, 'B': -16.0, 'D': -16.75, 'E': -17.0, 'A': -20.25, 'F': -21.0, 'I': -21.25, 'G': -21.5, 'L': -22.0, 'C': -22.25, 'K': -22.25, 'J': -26.0}"
LzNv7CD7gRuxpk7cQ,16,1,H,1.0,[],[],"[{""role"":""describer"",""text"":""Man sitting on knees facing right"",""message_number"":1},{""role"":""describer"",""text"":""No arms"",""message_number"":2},{""role"":""matcher"",""text"":""like a gravestone"",""message_number"":3}]",yoked,"{'D': -0.030075985938310623, 'B': -3.530076026916504, 'A': -8.030076026916504, 'F': -20.780075073242188, 'C': -24.280075073242188, 'E': -24.780075073242188, 'H': -25.280075073242188, 'K': -29.780075073242188, 'G': -33.53007507324219, 'L': -34.28007507324219, 'I': -36.53007507324219, 'J': -38.03007507324219}"
LzNv7CD7gRuxpk7cQ,17,1,G,1.0,[],[],"[{""role"":""describer"",""text"":""Women in long dress facing right dancing the tango"",""message_number"":1}]",yoked,"{'B': -0.07940211147069931, 'F': -2.579402208328247, 'E': -7.579401969909668, 'A': -13.579401969909668, 'D': -18.579402923583984, 'C': -21.579402923583984, 'G': -21.829402923583984, 'K': -23.829402923583984, 'H': -25.079402923583984, 'L': -29.079402923583984, 'I': -29.829402923583984, 'J': -30.079402923583984}"
LzNv7CD7gRuxpk7cQ,18,1,D,1.0,[],[],"[{""role"":""describer"",""text"":""Man facing left"",""message_number"":1},{""role"":""describer"",""text"":""Could be holding a book"",""message_number"":2}]",yoked,"{'B': -35.25, 'A': -16.75, 'D': -19.0, 'F': -20.25, 'E': -24.25, 'C': -26.5, 'H': -30.0, 'K': -31.25, 'G': -32.0, 'I': -33.75, 'L': -37.0, 'J': -37.0}"
LzNv7CD7gRuxpk7cQ,19,1,B,0.0,[],[],"[{""role"":""describer"",""text"":""Angel kneeling facing left"",""message_number"":1},{""role"":""describer"",""text"":""triangle on right back is angel wings"",""message_number"":2},{""role"":""describer"",""text"":""looking up"",""message_number"":3},{""role"":""describer"",""text"":""Arms look praying to the left"",""message_number"":4}]",yoked,"{'B': -0.004980182740837336, 'A': -5.504980087280273, 'K': -7.504980087280273, 'C': -8.004980087280273, 'E': -11.004980087280273, 'D': -14.504980087280273, 'H': -21.254980087280273, 'L': -23.004980087280273, 'J': -23.504980087280273, 'F': -23.754980087280273, 'G': -25.754980087280273, 'I': -26.504980087280273}"
LzNv7CD7gRuxpk7cQ,20,1,L,1.0,[],[],"[{""role"":""describer"",""text"":""Man sitting on chair facing right"",""message_number"":1},{""role"":""describer"",""text"":""chair is a parallelogram"",""message_number"":2},{""role"":""describer"",""text"":""arms facing right"",""message_number"":3}]",yoked,"{'B': -37.25, 'A': -13.750000953674316, 'D': -17.000001907348633, 'F': -17.750001907348633, 'E': -21.500001907348633, 'C': -24.500001907348633, 'G': -27.750001907348633, 'K': -29.750001907348633, 'H': -31.000001907348633, 'I': -36.75, 'L': -37.75, 'J': -40.25}"
LzNv7CD7gRuxpk7cQ,21,1,J,1.0,[],[],"[{""role"":""describer"",""text"":""the candle"",""message_number"":1}]",yoked,"{'D': 0.0, 'A': -17.0, 'J': -17.5, 'L': -20.5, 'H': -21.25, 'B': -21.75, 'F': -22.5, 'K': -23.25, 'C': -24.75, 'I': -25.5, 'E': -25.75, 'G': -27.5}"
LzNv7CD7gRuxpk7cQ,22,1,F,1.0,[],[],"[{""role"":""describer"",""text"":""Person sitting down facing left"",""message_number"":1},{""role"":""describer"",""text"":""you can see his knee"",""message_number"":2}]",yoked,"{'B': -38.50002670288086, 'F': -10.500027656555176, 'D': -19.00002670288086, 'A': -19.25002670288086, 'E': -20.25002670288086, 'C': -28.25002670288086, 'H': -29.25002670288086, 'K': -31.50002670288086, 'G': -32.00002670288086, 'I': -35.50002670288086, 'L': -40.25002670288086, 'J': -41.25002670288086}"
LzNv7CD7gRuxpk7cQ,23,1,K,1.0,[],[],"[{""role"":""describer"",""text"":""Person facing right sitting on triangle"",""message_number"":1},{""role"":""describer"",""text"":""Looks like a choir boy singing to me"",""message_number"":2}]",yoked,"{'B': -0.002601455431431532, 'F': -6.002601623535156, 'E': -9.002601623535156, 'D': -13.252601623535156, 'A': -14.002601623535156, 'J': -16.502601623535156, 'C': -17.502601623535156, 'K': -19.502601623535156, 'G': -22.252601623535156, 'H': -23.002601623535156, 'L': -25.252601623535156, 'I': -27.252601623535156}"
LzNv7CD7gRuxpk7cQ,24,2,F,1.0,[],[],"[{""role"":""describer"",""text"":""sitting to the left knees up"",""message_number"":1}]",yoked,"{'B': -1.4305104514278355e-06, 'D': -13.500000953674316, 'A': -17.500001907348633, 'F': -18.500001907348633, 'E': -19.500001907348633, 'C': -27.750001907348633, 'K': -31.750001907348633, 'J': -32.25, 'H': -32.5, 'L': -33.5, 'I': -34.75, 'G': -35.25}"
LzNv7CD7gRuxpk7cQ,25,2,C,1.0,[],[],"[{""role"":""describer"",""text"":""ghost"",""message_number"":1}]",yoked,"{'H': 0.0, 'A': -20.25, 'E': -20.75, 'L': -22.75, 'K': -23.25, 'C': -25.5, 'D': -25.5, 'B': -26.5, 'G': -27.0, 'I': -27.25, 'F': -30.5, 'J': -31.25}"
LzNv7CD7gRuxpk7cQ,26,2,K,1.0,[],[],"[{""role"":""describer"",""text"":""sitting on a triangle facing right"",""message_number"":1}]",yoked,"{'B': -0.0030328489374369383, 'D': -6.003032684326172, 'F': -7.503032684326172, 'E': -12.253032684326172, 'A': -14.003032684326172, 'C': -17.253032684326172, 'H': -20.253032684326172, 'K': -22.253032684326172, 'G': -22.503032684326172, 'J': -22.753032684326172, 'L': -27.503032684326172, 'I': -30.753032684326172}"
LzNv7CD7gRuxpk7cQ,27,2,G,1.0,[],[],"[{""role"":""describer"",""text"":""long dress tango"",""message_number"":1}]",yoked,"{'F': -0.006716769654303789, 'B': -5.006716728210449, 'E': -13.50671672821045, 'D': -17.256717681884766, 'A': -20.006717681884766, 'G': -24.006717681884766, 'C': -24.256717681884766, 'H': -26.506717681884766, 'K': -27.256717681884766, 'L': -30.006717681884766, 'J': -30.006717681884766, 'I': -31.506717681884766}"
LzNv7CD7gRuxpk7cQ,28,2,I,1.0,[],[],"[{""role"":""describer"",""text"":""ice skater"",""message_number"":1}]",yoked,"{'A': -6.246371776796877e-05, 'B': -10.000061988830566, 'C': -11.500061988830566, 'E': -12.000061988830566, 'D': -14.000061988830566, 'K': -21.750062942504883, 'I': -26.500062942504883, 'L': -26.500062942504883, 'J': -28.250062942504883, 'F': -28.500062942504883, 'G': -29.250062942504883, 'H': -31.500062942504883}"
LzNv7CD7gRuxpk7cQ,29,2,D,0.5,[],[],"[{""role"":""describer"",""text"":""reading a book facing left"",""message_number"":1}]",yoked,"{'B': -0.2143016904592514, 'E': -2.214301586151123, 'A': -3.214301586151123, 'F': -3.214301586151123, 'D': -5.714301586151123, 'C': -15.714302062988281, 'H': -18.46430206298828, 'G': -19.21430206298828, 'K': -20.46430206298828, 'J': -22.96430206298828, 'I': -23.21430206298828, 'L': -23.96430206298828}"
LzNv7CD7gRuxpk7cQ,30,2,L,1.0,[],[],"[{""role"":""describer"",""text"":""choir boy sat on parallelogram"",""message_number"":1}]",yoked,"{'E': -0.7989006638526917, 'A': -0.7989006638526917, 'D': -2.798900604248047, 'B': -3.298900604248047, 'C': -6.298900604248047, 'K': -7.298900604248047, 'L': -11.298900604248047, 'F': -11.298900604248047, 'J': -11.298900604248047, 'I': -14.548900604248047, 'H': -15.048900604248047, 'G': -15.048900604248047}"
LzNv7CD7gRuxpk7cQ,31,2,B,1.0,[],[],"[{""role"":""describer"",""text"":""kneeling down both arms out"",""message_number"":1},{""role"":""describer"",""text"":""like an ninger"",""message_number"":2},{""role"":""matcher"",""text"":""facing which ay"",""message_number"":3},{""role"":""describer"",""text"":""right"",""message_number"":4},{""role"":""describer"",""text"":""could have angel wings"",""message_number"":5}]",yoked,"{'B': -0.011255578137934208, 'A': -4.511255741119385, 'D': -8.511255264282227, 'C': -12.011255264282227, 'E': -14.511255264282227, 'K': -24.261255264282227, 'F': -24.761255264282227, 'G': -28.011255264282227, 'H': -29.761255264282227, 'L': -32.01125717163086, 'I': -32.76125717163086, 'J': -38.26125717163086}"
LzNv7CD7gRuxpk7cQ,32,2,J,1.0,[],[],"[{""role"":""describer"",""text"":""candle"",""message_number"":1}]",yoked,"{'D': -2.3841855067985307e-07, 'A': -15.25, 'J': -19.25, 'H': -20.0, 'F': -21.0, 'B': -21.25, 'L': -22.0, 'K': -22.75, 'C': -23.75, 'I': -26.25, 'E': -26.25, 'G': -27.5}"
LzNv7CD7gRuxpk7cQ,33,2,A,1.0,[],[],"[{""role"":""describer"",""text"":""looking to the left one leg up pointy face"",""message_number"":1}]",yoked,"{'A': -1.4305104514278355e-06, 'B': -13.500000953674316, 'C': -16.500001907348633, 'D': -20.500001907348633, 'E': -21.000001907348633, 'K': -27.750001907348633, 'G': -31.000001907348633, 'F': -32.5, 'H': -33.5, 'J': -35.25, 'I': -36.25, 'L': -36.75}"
LzNv7CD7gRuxpk7cQ,34,2,E,1.0,[],[],"[{""role"":""describer"",""text"":""indian"",""message_number"":1}]",yoked,"{'E': -3.6954811548639555e-06, 'A': -12.750003814697266, 'K': -14.500003814697266, 'F': -15.250003814697266, 'B': -16.250003814697266, 'G': -18.750003814697266, 'H': -19.000003814697266, 'D': -19.500003814697266, 'J': -19.750003814697266, 'L': -20.500003814697266, 'I': -21.000003814697266, 'C': -21.250003814697266}"
LzNv7CD7gRuxpk7cQ,35,2,H,1.0,[],[],"[{""role"":""describer"",""text"":""grave stone"",""message_number"":1}]",yoked,"{'D': -2.264974000354414e-06, 'A': -13.000001907348633, 'B': -18.500001907348633, 'C': -23.750001907348633, 'H': -24.000001907348633, 'E': -27.500001907348633, 'L': -27.750001907348633, 'F': -28.000001907348633, 'I': -29.500001907348633, 'K': -30.000001907348633, 'G': -30.875001907348633, 'J': -30.875001907348633}"
LzNv7CD7gRuxpk7cQ,36,3,I,1.0,[],[],"[{""role"":""describer"",""text"":""ice skater"",""message_number"":1}]",yoked,"{'A': -7.354942499659956e-05, 'B': -10.000073432922363, 'C': -11.000073432922363, 'E': -11.500073432922363, 'D': -13.500073432922363, 'K': -21.50007438659668, 'I': -26.25007438659668, 'L': -26.25007438659668, 'F': -28.00007438659668, 'J': -28.00007438659668, 'G': -29.00007438659668, 'H': -31.00007438659668}"
LzNv7CD7gRuxpk7cQ,37,3,A,1.0,[],[],"[{""role"":""describer"",""text"":""man marching with flag over shoulder"",""message_number"":1}]",yoked,"{'A': -3.576278118089249e-07, 'B': -15.0, 'D': -21.5, 'C': -25.5, 'E': -25.5, 'K': -31.0, 'F': -33.25, 'H': -34.25, 'G': -34.75, 'L': -35.5, 'I': -35.75, 'J': -36.5}"
LzNv7CD7gRuxpk7cQ,38,3,K,1.0,[],[],"[{""role"":""describer"",""text"":""choir boy sat on a right angled triangle"",""message_number"":1}]",yoked,"{'A': -0.4353067874908447, 'B': -1.4353067874908447, 'D': -2.4353067874908447, 'E': -3.9353067874908447, 'C': -4.935306549072266, 'K': -7.435306549072266, 'J': -13.435306549072266, 'F': -13.935306549072266, 'L': -15.435306549072266, 'I': -17.185306549072266, 'G': -18.685306549072266, 'H': -20.185306549072266}"
LzNv7CD7gRuxpk7cQ,39,3,J,1.0,[],[],"[{""role"":""describer"",""text"":""candle"",""message_number"":1}]",yoked,"{'D': -3.576278118089249e-07, 'A': -15.0, 'J': -19.0, 'H': -19.5, 'F': -20.75, 'B': -21.0, 'L': -21.75, 'K': -22.5, 'C': -23.25, 'E': -25.75, 'I': -26.25, 'G': -27.0}"
LzNv7CD7gRuxpk7cQ,40,3,C,1.0,[],[],"[{""role"":""describer"",""text"":""ghost"",""message_number"":1}]",yoked,"{'H': 0.0, 'A': -20.25, 'E': -20.75, 'L': -22.5, 'K': -22.75, 'D': -25.25, 'C': -25.5, 'B': -26.5, 'I': -26.75, 'G': -27.0, 'F': -30.75, 'J': -31.0}"
LzNv7CD7gRuxpk7cQ,41,3,F,1.0,[],[],"[{""role"":""describer"",""text"":""man sat on floor with knees up"",""message_number"":1},{""role"":""describer"",""text"":""facing left"",""message_number"":2}]",yoked,"{'B': -36.0, 'A': -16.0, 'D': -19.0, 'F': -21.5, 'E': -21.75, 'C': -25.25, 'K': -28.75, 'H': -31.25, 'G': -33.0, 'L': -35.0, 'I': -35.75, 'J': -38.0}"
LzNv7CD7gRuxpk7cQ,42,3,E,1.0,[],[],"[{""role"":""describer"",""text"":""indian"",""message_number"":1}]",yoked,"{'E': -3.6954811548639555e-06, 'A': -12.750003814697266, 'K': -14.500003814697266, 'F': -15.250003814697266, 'B': -16.250003814697266, 'G': -18.750003814697266, 'H': -19.000003814697266, 'D': -19.500003814697266, 'J': -19.750003814697266, 'L': -20.500003814697266, 'I': -21.000003814697266, 'C': -21.250003814697266}"
LzNv7CD7gRuxpk7cQ,43,3,G,1.0,[],[],"[{""role"":""describer"",""text"":""tango"",""message_number"":1}]",yoked,"{'B': -0.12779758870601654, 'F': -2.1277976036071777, 'E': -7.127797603607178, 'A': -9.62779712677002, 'D': -14.12779712677002, 'G': -18.877798080444336, 'K': -19.377798080444336, 'C': -19.877798080444336, 'J': -22.377798080444336, 'H': -22.877798080444336, 'L': -25.627798080444336, 'I': -25.877798080444336}"
LzNv7CD7gRuxpk7cQ,44,3,H,1.0,[],[],"[{""role"":""describer"",""text"":""grave stone"",""message_number"":1}]",yoked,"{'D': -2.264974000354414e-06, 'A': -13.000001907348633, 'B': -18.500001907348633, 'C': -23.750001907348633, 'H': -24.000001907348633, 'E': -27.500001907348633, 'L': -27.750001907348633, 'F': -28.000001907348633, 'I': -29.500001907348633, 'K': -30.000001907348633, 'G': -30.875001907348633, 'J': -30.875001907348633}"
LzNv7CD7gRuxpk7cQ,45,3,D,1.0,[],[],"[{""role"":""describer"",""text"":""man reading book"",""message_number"":1},{""role"":""describer"",""text"":""facing left"",""message_number"":2}]",yoked,"{'B': -1.1920928244535389e-07, 'F': -15.75, 'A': -16.75, 'E': -18.5, 'D': -18.5, 'C': -24.5, 'G': -29.5, 'K': -29.5, 'H': -29.75, 'I': -32.5, 'L': -35.25, 'J': -38.75}"
LzNv7CD7gRuxpk7cQ,46,3,B,1.0,[],[],"[{""role"":""describer"",""text"":""person kneeling with arms out"",""message_number"":1},{""role"":""describer"",""text"":""angle"",""message_number"":2},{""role"":""describer"",""text"":""angel"",""message_number"":3}]",yoked,"{'C': -0.01815897598862648, 'E': -4.018158912658691, 'K': -11.768158912658691, 'B': -14.018158912658691, 'A': -14.518158912658691, 'J': -19.518159866333008, 'L': -20.268159866333008, 'D': -20.518159866333008, 'I': -21.268159866333008, 'G': -21.268159866333008, 'F': -22.768159866333008, 'H': -23.518159866333008}"
LzNv7CD7gRuxpk7cQ,47,3,L,1.0,[],[],"[{""role"":""describer"",""text"":""choir boy sat on parallelogram"",""message_number"":1}]",yoked,"{'E': -0.7989089488983154, 'A': -0.7989089488983154, 'D': -2.7989089488983154, 'B': -3.2989089488983154, 'C': -6.2989091873168945, 'K': -7.2989091873168945, 'F': -10.798909187316895, 'L': -11.298909187316895, 'J': -11.298909187316895, 'I': -14.548909187316895, 'H': -14.798909187316895, 'G': -14.798909187316895}"
LzNv7CD7gRuxpk7cQ,48,4,K,1.0,[],[],"[{""role"":""describer"",""text"":""Man facing right sitting on triangle"",""message_number"":1}]",yoked,"{'B': -36.25, 'F': -16.25, 'A': -17.5, 'D': -18.5, 'E': -21.5, 'C': -24.25, 'H': -29.25, 'K': -29.75, 'G': -30.25, 'J': -34.25, 'I': -34.5, 'L': -37.0}"
LzNv7CD7gRuxpk7cQ,49,4,D,1.0,[],[],"[{""role"":""describer"",""text"":""Man reading book standing facing left"",""message_number"":1}]",yoked,"{'A': -0.01822488009929657, 'B': -4.018224716186523, 'E': -9.518224716186523, 'D': -13.518224716186523, 'F': -16.018224716186523, 'C': -17.518224716186523, 'K': -24.018224716186523, 'G': -25.018224716186523, 'H': -28.268224716186523, 'I': -29.018224716186523, 'L': -29.768224716186523, 'J': -30.268224716186523}"
LzNv7CD7gRuxpk7cQ,50,4,F,1.0,[],[],"[{""role"":""describer"",""text"":""Man with knee up facing left"",""message_number"":1}]",yoked,"{'A': -1.1920928244535389e-07, 'B': -15.75, 'D': -20.0, 'C': -24.0, 'E': -27.0, 'K': -31.0, 'H': -32.0, 'F': -32.25, 'I': -33.0, 'G': -33.25, 'J': -33.25, 'L': -35.0}"
LzNv7CD7gRuxpk7cQ,51,4,C,1.0,[],[],"[{""role"":""describer"",""text"":""ghost"",""message_number"":1}]",yoked,"{'H': 0.0, 'A': -20.25, 'E': -20.75, 'L': -22.5, 'K': -22.75, 'D': -25.25, 'C': -25.5, 'B': -26.5, 'I': -26.75, 'G': -27.0, 'F': -30.75, 'J': -31.0}"
LzNv7CD7gRuxpk7cQ,52,4,J,1.0,[],[],"[{""role"":""describer"",""text"":""candle"",""message_number"":1}]",yoked,"{'D': -3.576278118089249e-07, 'A': -15.0, 'J': -19.0, 'H': -19.5, 'F': -20.75, 'B': -21.0, 'L': -21.75, 'K': -22.5, 'C': -23.25, 'E': -25.75, 'I': -26.25, 'G': -27.0}"
LzNv7CD7gRuxpk7cQ,53,4,I,1.0,[],[],"[{""role"":""describer"",""text"":""ice skater"",""message_number"":1}]",yoked,"{'A': -7.354942499659956e-05, 'B': -10.000073432922363, 'C': -11.000073432922363, 'E': -11.500073432922363, 'D': -13.500073432922363, 'K': -21.50007438659668, 'I': -26.25007438659668, 'L': -26.25007438659668, 'F': -28.00007438659668, 'J': -28.00007438659668, 'G': -29.00007438659668, 'H': -31.00007438659668}"
LzNv7CD7gRuxpk7cQ,54,4,A,1.0,[],[],"[{""role"":""describer"",""text"":""marching man with flag over shoulder"",""message_number"":1}]",yoked,"{'A': -3.576278118089249e-07, 'B': -15.0, 'D': -20.75, 'C': -22.5, 'E': -24.5, 'K': -30.25, 'F': -33.25, 'G': -33.25, 'H': -33.5, 'I': -34.75, 'J': -35.0, 'L': -36.75}"
LzNv7CD7gRuxpk7cQ,55,4,H,1.0,[],[],"[{""role"":""describer"",""text"":""grave stone"",""message_number"":1}]",yoked,"{'D': -2.264974000354414e-06, 'A': -13.000001907348633, 'B': -18.500001907348633, 'C': -23.750001907348633, 'H': -24.000001907348633, 'E': -27.500001907348633, 'L': -27.750001907348633, 'F': -28.000001907348633, 'I': -29.500001907348633, 'K': -30.000001907348633, 'G': -30.875001907348633, 'J': -30.875001907348633}"
LzNv7CD7gRuxpk7cQ,56,4,B,1.0,[],[],"[{""role"":""describer"",""text"":""angel"",""message_number"":1}]",yoked,"{'K': -0.42418864369392395, 'E': -1.4241886138916016, 'A': -2.4241886138916016, 'I': -4.424188613891602, 'C': -5.424188613891602, 'L': -9.924188613891602, 'J': -12.924188613891602, 'B': -13.424188613891602, 'D': -14.674188613891602, 'H': -19.4241886138916, 'G': -19.6741886138916, 'F': -20.9241886138916}"
LzNv7CD7gRuxpk7cQ,57,4,L,1.0,[],[],"[{""role"":""describer"",""text"":""man on parallelogram"",""message_number"":1}]",yoked,"{'B': -0.0009136793087236583, 'A': -7.000913619995117, 'D': -13.000913619995117, 'C': -22.750913619995117, 'F': -22.750913619995117, 'E': -23.500913619995117, 'H': -29.750913619995117, 'K': -32.00091552734375, 'G': -32.25091552734375, 'I': -33.50091552734375, 'L': -35.25091552734375, 'J': -36.00091552734375}"
LzNv7CD7gRuxpk7cQ,58,4,G,1.0,[],[],"[{""role"":""describer"",""text"":""tango dancer"",""message_number"":1}]",yoked,"{'B': -0.0028016623109579086, 'A': -6.002801895141602, 'F': -8.502801895141602, 'E': -9.002801895141602, 'D': -17.0028018951416, 'C': -22.0028018951416, 'K': -23.5028018951416, 'G': -24.2528018951416, 'H': -26.7528018951416, 'L': -27.5028018951416, 'I': -30.5028018951416, 'J': -32.75279998779297}"
LzNv7CD7gRuxpk7cQ,59,4,E,1.0,[],[],"[{""role"":""describer"",""text"":""indian"",""message_number"":1}]",yoked,"{'E': -3.6954811548639555e-06, 'A': -12.750003814697266, 'K': -14.500003814697266, 'F': -15.250003814697266, 'B': -16.250003814697266, 'G': -18.750003814697266, 'H': -19.000003814697266, 'D': -19.500003814697266, 'J': -19.750003814697266, 'L': -20.500003814697266, 'I': -21.000003814697266, 'C': -21.250003814697266}"
LzNv7CD7gRuxpk7cQ,60,5,I,1.0,[],[],"[{""role"":""describer"",""text"":""ice skater"",""message_number"":1}]",yoked,"{'A': -7.354942499659956e-05, 'B': -10.000073432922363, 'C': -11.000073432922363, 'E': -11.500073432922363, 'D': -13.500073432922363, 'K': -21.50007438659668, 'I': -26.25007438659668, 'L': -26.25007438659668, 'F': -28.00007438659668, 'J': -28.00007438659668, 'G': -29.00007438659668, 'H': -31.00007438659668}"
LzNv7CD7gRuxpk7cQ,61,5,L,1.0,[],[],"[{""role"":""describer"",""text"":""on parallelogram"",""message_number"":1}]",yoked,"{'J': -0.02776080183684826, 'D': -4.527760982513428, 'A': -5.027760982513428, 'K': -5.027760982513428, 'B': -6.027760982513428, 'F': -7.027760982513428, 'E': -9.52776050567627, 'L': -9.52776050567627, 'C': -10.77776050567627, 'I': -13.02776050567627, 'G': -14.52776050567627, 'H': -14.77776050567627}"
LzNv7CD7gRuxpk7cQ,62,5,D,1.0,[],[],"[{""role"":""describer"",""text"":""book reader facing left"",""message_number"":1}]",yoked,"{'F': -2.601963520050049, 'B': -0.10196352005004883, 'A': -4.101963520050049, 'E': -5.101963520050049, 'D': -8.60196304321289, 'C': -14.10196304321289, 'G': -19.10196304321289, 'H': -20.85196304321289, 'K': -20.85196304321289, 'L': -24.85196304321289, 'J': -25.60196304321289, 'I': -26.10196304321289}"
LzNv7CD7gRuxpk7cQ,63,5,B,1.0,[],[],"[{""role"":""describer"",""text"":""angel"",""message_number"":1}]",yoked,"{'K': -0.42418864369392395, 'E': -1.4241886138916016, 'A': -2.4241886138916016, 'I': -4.424188613891602, 'C': -5.424188613891602, 'L': -9.924188613891602, 'J': -12.924188613891602, 'B': -13.424188613891602, 'D': -14.674188613891602, 'H': -19.4241886138916, 'G': -19.6741886138916, 'F': -20.9241886138916}"
LzNv7CD7gRuxpk7cQ,64,5,J,1.0,[],[],"[{""role"":""describer"",""text"":""candle"",""message_number"":1}]",yoked,"{'D': -3.576278118089249e-07, 'A': -15.0, 'J': -19.0, 'H': -19.5, 'F': -20.75, 'B': -21.0, 'L': -21.75, 'K': -22.5, 'C': -23.25, 'E': -25.75, 'I': -26.25, 'G': -27.0}"
LzNv7CD7gRuxpk7cQ,65,5,K,1.0,[],[],"[{""role"":""describer"",""text"":""on triangle"",""message_number"":1}]",yoked,"{'J': -3.3378546504536644e-06, 'K': -12.75000286102295, 'A': -15.25000286102295, 'L': -16.000003814697266, 'I': -16.500003814697266, 'D': -18.000003814697266, 'B': -19.250003814697266, 'C': -22.250003814697266, 'E': -24.250003814697266, 'H': -25.000003814697266, 'F': -27.250003814697266, 'G': -29.750003814697266}"
LzNv7CD7gRuxpk7cQ,66,5,E,1.0,[],[],"[{""role"":""describer"",""text"":""indian"",""message_number"":1}]",yoked,"{'E': -4.410734163684538e-06, 'A': -12.500004768371582, 'K': -14.750004768371582, 'F': -15.250004768371582, 'B': -16.250003814697266, 'G': -18.500003814697266, 'H': -18.750003814697266, 'D': -19.500003814697266, 'J': -20.000003814697266, 'L': -20.500003814697266, 'I': -21.250003814697266, 'C': -21.250003814697266}"
LzNv7CD7gRuxpk7cQ,67,5,C,1.0,[],[],"[{""role"":""describer"",""text"":""ghost"",""message_number"":1}]",yoked,"{'H': 0.0, 'A': -20.25, 'E': -20.75, 'L': -22.75, 'K': -23.25, 'C': -25.5, 'D': -25.5, 'B': -26.5, 'G': -27.0, 'I': -27.25, 'F': -30.5, 'J': -31.25}"
LzNv7CD7gRuxpk7cQ,68,5,A,1.0,[],[],"[{""role"":""describer"",""text"":""flag bearer"",""message_number"":1}]",yoked,"{'A': -5.960462772236497e-07, 'B': -14.500000953674316, 'D': -16.25, 'C': -19.75, 'E': -20.25, 'K': -25.0, 'G': -30.0, 'F': -30.25, 'L': -32.0, 'I': -32.25, 'H': -32.5, 'J': -34.25}"
LzNv7CD7gRuxpk7cQ,69,5,H,1.0,[],[],"[{""role"":""describer"",""text"":""grave stone"",""message_number"":1}]",yoked,"{'D': -1.7881377516459906e-06, 'A': -13.250001907348633, 'B': -18.750001907348633, 'C': -24.000001907348633, 'H': -24.000001907348633, 'E': -27.500001907348633, 'L': -27.750001907348633, 'F': -28.000001907348633, 'I': -29.750001907348633, 'K': -29.875001907348633, 'G': -30.875001907348633, 'J': -30.875001907348633}"
LzNv7CD7gRuxpk7cQ,70,5,G,1.0,[],[],"[{""role"":""describer"",""text"":""tango dancer"",""message_number"":1}]",yoked,"{'B': -0.0028016623109579086, 'A': -6.002801895141602, 'F': -8.502801895141602, 'E': -9.002801895141602, 'D': -17.0028018951416, 'C': -22.0028018951416, 'K': -23.5028018951416, 'G': -24.2528018951416, 'H': -26.7528018951416, 'L': -27.7528018951416, 'I': -30.7528018951416, 'J': -32.75279998779297}"
LzNv7CD7gRuxpk7cQ,71,5,F,1.0,[],[],"[{""role"":""describer"",""text"":""sitting knees up"",""message_number"":1}]",yoked,"{'B': -4.529942543740617e-06, 'A': -13.000004768371582, 'D': -13.000004768371582, 'F': -17.500003814697266, 'E': -18.500003814697266, 'C': -26.250003814697266, 'J': -30.500003814697266, 'K': -31.000003814697266, 'H': -31.500003814697266, 'L': -33.500003814697266, 'I': -34.500003814697266, 'G': -35.500003814697266}"
x8BXJBHh3RxchPoHv,0,0,F,1.0,[],[],"[{""role"":""describer"",""text"":""it's like a man sitting on the ground"",""message_number"":1},{""role"":""describer"",""text"":""he is facing to the left of the screen"",""message_number"":2},{""role"":""matcher"",""text"":""are his knees up"",""message_number"":3}]",yoked,"{'B': -38.25000762939453, 'F': -12.000008583068848, 'D': -13.000008583068848, 'A': -23.50000762939453, 'E': -27.75000762939453, 'C': -31.25000762939453, 'H': -35.25000762939453, 'L': -38.75000762939453, 'K': -38.75000762939453, 'I': -39.75000762939453, 'G': -41.00000762939453, 'J': -44.50000762939453}"
x8BXJBHh3RxchPoHv,1,0,C,1.0,[],[],"[{""role"":""describer"",""text"":""it's like a ghost type figure"",""message_number"":1},{""role"":""describer"",""text"":""arms raised"",""message_number"":2},{""role"":""describer"",""text"":""leaning to the left"",""message_number"":3},{""role"":""matcher"",""text"":""its right arm is higher"",""message_number"":4},{""role"":""describer"",""text"":""slightly"",""message_number"":5}]",yoked,"{'C': -1.1920928244535389e-07, 'B': -16.5, 'A': -18.0, 'E': -24.0, 'D': -25.5, 'K': -26.5, 'G': -30.25, 'H': -34.25, 'F': -39.25, 'I': -40.75, 'L': -41.25, 'J': -42.5}"
x8BXJBHh3RxchPoHv,2,0,B,0.25,[],[],"[{""role"":""describer"",""text"":""like someone kneeling"",""message_number"":1},{""role"":""describer"",""text"":""facing to the right of screen"",""message_number"":2},{""role"":""matcher"",""text"":""arms together or spread"",""message_number"":3},{""role"":""matcher"",""text"":""arms raised"",""message_number"":4},{""role"":""describer"",""text"":""arms raised"",""message_number"":5}]",yoked,"{'B': -43.000553131103516, 'A': -7.50055456161499, 'D': -13.500554084777832, 'C': -23.00055503845215, 'E': -31.25055503845215, 'K': -33.500553131103516, 'H': -37.500553131103516, 'F': -37.750553131103516, 'I': -42.000553131103516, 'L': -42.500553131103516, 'G': -45.250553131103516, 'J': -46.500553131103516}"
x8BXJBHh3RxchPoHv,3,0,I,1.0,[],[],"[{""role"":""describer"",""text"":""reminds me of a figure skater"",""message_number"":1},{""role"":""describer"",""text"":""one leg raised behind them"",""message_number"":2},{""role"":""describer"",""text"":""they are facing to the left of screen"",""message_number"":3},{""role"":""matcher"",""text"":""both arms forward"",""message_number"":4},{""role"":""describer"",""text"":""both arms stretched to the left"",""message_number"":5}]",yoked,"{'B': -0.009003517217934132, 'C': -5.509003639221191, 'A': -6.009003639221191, 'D': -6.009003639221191, 'E': -21.259002685546875, 'K': -22.509002685546875, 'F': -28.259002685546875, 'H': -28.759002685546875, 'G': -30.009002685546875, 'L': -30.509002685546875, 'I': -33.259002685546875, 'J': -33.509002685546875}"
x8BXJBHh3RxchPoHv,4,0,E,1.0,[],[],"[{""role"":""describer"",""text"":""like a sitting bunny rabbit"",""message_number"":1},{""role"":""describer"",""text"":""facing to the right of screen"",""message_number"":2},{""role"":""describer"",""text"":""two triangles on the head like ears"",""message_number"":3}]",yoked,"{'B': -2.3841855067985307e-07, 'A': -15.5, 'E': -17.5, 'F': -24.75, 'D': -25.5, 'C': -27.0, 'K': -28.75, 'H': -29.25, 'G': -34.25, 'L': -34.75, 'J': -37.5, 'I': -39.75}"
x8BXJBHh3RxchPoHv,5,0,J,1.0,[],[],"[{""role"":""describer"",""text"":""quite a large block like figure"",""message_number"":1},{""role"":""describer"",""text"":""solid on the left hand side"",""message_number"":2},{""role"":""matcher"",""text"":""pointing right"",""message_number"":3},{""role"":""describer"",""text"":""yeah kind of one arm to the right"",""message_number"":4},{""role"":""describer"",""text"":""at the top"",""message_number"":5}]",yoked,"{'D': -0.0005552418879233301, 'B': -7.500555038452148, 'A': -13.000555038452148, 'C': -21.50055503845215, 'K': -27.25055503845215, 'E': -29.75055503845215, 'F': -30.50055503845215, 'G': -33.75055694580078, 'J': -37.00055694580078, 'H': -37.75055694580078, 'I': -39.25055694580078, 'L': -39.50055694580078}"
x8BXJBHh3RxchPoHv,6,0,A,1.0,[],[],"[{""role"":""describer"",""text"":""this one has dangling legs"",""message_number"":1},{""role"":""describer"",""text"":""it reminds me of someone like hanging off the edge of something"",""message_number"":2},{""role"":""describer"",""text"":""head is on the right hand side"",""message_number"":3}]",yoked,"{'C': -0.011215735226869583, 'B': -4.511215686798096, 'A': -9.011216163635254, 'E': -10.011216163635254, 'D': -14.011216163635254, 'K': -16.011215209960938, 'G': -16.511215209960938, 'F': -21.261215209960938, 'H': -21.261215209960938, 'L': -25.261215209960938, 'J': -30.261215209960938, 'I': -32.26121520996094}"
x8BXJBHh3RxchPoHv,7,0,L,1.0,[],[],"[{""role"":""describer"",""text"":""facing to the right"",""message_number"":1},{""role"":""describer"",""text"":""knees seem to be bent"",""message_number"":2},{""role"":""describer"",""text"":""but not kneeling all the way down"",""message_number"":3},{""role"":""describer"",""text"":""could be holding a book or pointing to the right"",""message_number"":4},{""role"":""matcher"",""text"":""holding a tray"",""message_number"":5},{""role"":""matcher"",""text"":""no feet up behind them"",""message_number"":6},{""role"":""describer"",""text"":""their legs are a kind of zigzag"",""message_number"":7},{""role"":""matcher"",""text"":""back flat"",""message_number"":8},{""role"":""matcher"",""text"":""it's the one crouched down"",""message_number"":9},{""role"":""describer"",""text"":""yeah crouching is a good word"",""message_number"":10},{""role"":""matcher"",""text"":""both arms together pointing right"",""message_number"":11},{""role"":""matcher"",""text"":""there are two similar ones one has feet up the other not but i get you"",""message_number"":12}]",yoked,"{'B': -3.3378546504536644e-06, 'D': -13.00000286102295, 'F': -14.00000286102295, 'C': -15.50000286102295, 'A': -19.500003814697266, 'E': -21.000003814697266, 'K': -27.750003814697266, 'G': -29.500003814697266, 'H': -32.250003814697266, 'J': -33.500003814697266, 'L': -35.500003814697266, 'I': -37.500003814697266}"
x8BXJBHh3RxchPoHv,8,0,K,1.0,[],[],"[{""role"":""describer"",""text"":""ah, maybe this is the similar one to last time"",""message_number"":1},{""role"":""describer"",""text"":""kneeling"",""message_number"":2},{""role"":""describer"",""text"":""feet up behind"",""message_number"":3},{""role"":""describer"",""text"":""hand pointing to the right"",""message_number"":4}]",yoked,"{'B': -37.750003814697266, 'D': -13.00000286102295, 'A': -14.00000286102295, 'C': -19.000003814697266, 'E': -22.250003814697266, 'F': -28.500003814697266, 'K': -30.000003814697266, 'H': -30.750003814697266, 'G': -32.000003814697266, 'I': -38.000003814697266, 'L': -39.000003814697266, 'J': -42.500003814697266}"
x8BXJBHh3RxchPoHv,9,0,D,1.0,[],[],"[{""role"":""describer"",""text"":""facing to the left"",""message_number"":1},{""role"":""describer"",""text"":""holding a book or something like that"",""message_number"":2},{""role"":""matcher"",""text"":""do they have a wizards sleeve"",""message_number"":3},{""role"":""describer"",""text"":""sort of reminds me of someone giving a sermon"",""message_number"":4}]",yoked,"{'F': -0.0030039683915674686, 'E': -6.50300407409668, 'B': -6.50300407409668, 'D': -13.50300407409668, 'A': -15.50300407409668, 'G': -17.00300407409668, 'C': -17.50300407409668, 'K': -21.50300407409668, 'H': -23.50300407409668, 'I': -27.50300407409668, 'L': -30.25300407409668, 'J': -31.50300407409668}"
x8BXJBHh3RxchPoHv,10,0,H,1.0,[],[],"[{""role"":""describer"",""text"":""almost like a swaddled baby"",""message_number"":1},{""role"":""describer"",""text"":""slight protrusion of a foot on the right"",""message_number"":2},{""role"":""matcher"",""text"":""facing right"",""message_number"":3},{""role"":""describer"",""text"":""no arms visible"",""message_number"":4},{""role"":""matcher"",""text"":""otherwise kneeling without arms or legs"",""message_number"":5}]",yoked,"{'B': -37.00055694580078, 'D': -7.500555038452148, 'F': -13.250555038452148, 'A': -15.000555038452148, 'E': -21.25055503845215, 'H': -23.50055503845215, 'C': -25.50055503845215, 'G': -29.25055503845215, 'K': -29.50055503845215, 'L': -32.75055694580078, 'I': -36.50055694580078, 'J': -38.50055694580078}"
x8BXJBHh3RxchPoHv,11,0,G,1.0,[],[],"[{""role"":""describer"",""text"":""this reminds me of the dancer emoji"",""message_number"":1},{""role"":""describer"",""text"":""arm and leg out to the right"",""message_number"":2}]",yoked,"{'C': -0.02975654974579811, 'B': -3.529756546020508, 'A': -12.029756546020508, 'D': -16.529756546020508, 'E': -17.029756546020508, 'G': -23.029756546020508, 'F': -25.029756546020508, 'K': -25.029756546020508, 'H': -30.029756546020508, 'J': -32.02975845336914, 'L': -32.77975845336914, 'I': -34.52975845336914}"
x8BXJBHh3RxchPoHv,12,1,E,1.0,[],[],"[{""role"":""describer"",""text"":""It is the bunny rabbit"",""message_number"":1},{""role"":""describer"",""text"":""two triangles for ears"",""message_number"":2}]",yoked,"{'A': -0.018151599913835526, 'E': -4.018151760101318, 'B': -13.51815128326416, 'K': -15.01815128326416, 'L': -19.268152236938477, 'H': -19.768152236938477, 'G': -21.518152236938477, 'D': -21.768152236938477, 'C': -22.268152236938477, 'F': -22.268152236938477, 'J': -24.268152236938477, 'I': -27.018152236938477}"
x8BXJBHh3RxchPoHv,13,1,B,0.5,[],[],"[{""role"":""describer"",""text"":""Kneeling down with arms spread wide"",""message_number"":1},{""role"":""describer"",""text"":""facing right"",""message_number"":2}]",yoked,"{'B': -1.1920928244535389e-07, 'E': -16.25, 'C': -16.75, 'A': -18.25, 'D': -21.0, 'F': -21.5, 'K': -25.75, 'G': -28.75, 'H': -30.25, 'J': -32.75, 'I': -33.5, 'L': -33.75}"
x8BXJBHh3RxchPoHv,14,1,C,1.0,[],[],"[{""role"":""describer"",""text"":""the ghost looking figure leaning to the left"",""message_number"":1}]",yoked,"{'B': -2.7894584491150454e-05, 'C': -10.500027656555176, 'A': -15.500027656555176, 'E': -15.750027656555176, 'F': -19.000028610229492, 'D': -19.750028610229492, 'G': -25.000028610229492, 'H': -25.500028610229492, 'K': -26.000028610229492, 'I': -31.000028610229492, 'J': -32.50002670288086, 'L': -35.00002670288086}"
x8BXJBHh3RxchPoHv,15,1,K,1.0,[],[],"[{""role"":""describer"",""text"":""kneeling down with arms pointing towards the right"",""message_number"":1},{""role"":""matcher"",""text"":""kneeling not crouching"",""message_number"":2},{""role"":""describer"",""text"":""full kneeling"",""message_number"":3},{""role"":""matcher"",""text"":""feet up sorry haha"",""message_number"":4}]",yoked,"{'B': -0.00673630740493536, 'A': -5.0067362785339355, 'D': -11.506736755371094, 'F': -11.506736755371094, 'E': -14.006736755371094, 'C': -18.006736755371094, 'K': -23.256736755371094, 'H': -27.006736755371094, 'G': -27.756736755371094, 'L': -32.006736755371094, 'I': -32.256736755371094, 'J': -33.756736755371094}"
x8BXJBHh3RxchPoHv,16,1,H,1.0,[],[],"[{""role"":""describer"",""text"":""like the swaddled baby"",""message_number"":1}]",yoked,"{'F': -0.0020559143740683794, 'B': -6.502056121826172, 'E': -7.502056121826172, 'D': -13.502056121826172, 'A': -16.002056121826172, 'H': -18.752056121826172, 'C': -23.502056121826172, 'K': -23.752056121826172, 'L': -25.252056121826172, 'G': -26.002056121826172, 'J': -29.752056121826172, 'I': -30.502056121826172}"
x8BXJBHh3RxchPoHv,17,1,G,1.0,[],[],"[{""role"":""describer"",""text"":""the dance emoji"",""message_number"":1}]",yoked,"{'E': 0.0, 'A': -19.0, 'F': -19.0, 'B': -20.0, 'L': -21.5, 'K': -21.5, 'D': -22.0, 'G': -23.75, 'C': -25.0, 'H': -25.5, 'J': -26.75, 'I': -30.75}"
x8BXJBHh3RxchPoHv,18,1,F,1.0,[],[],"[{""role"":""describer"",""text"":""sat down facing left"",""message_number"":1},{""role"":""describer"",""text"":""knees up"",""message_number"":2}]",yoked,"{'B': -8.106198947643861e-06, 'F': -12.000007629394531, 'E': -13.250007629394531, 'D': -16.25000762939453, 'A': -18.25000762939453, 'C': -19.50000762939453, 'G': -26.25000762939453, 'H': -26.50000762939453, 'K': -28.00000762939453, 'I': -34.00000762939453, 'J': -34.50000762939453, 'L': -35.25000762939453}"
x8BXJBHh3RxchPoHv,19,1,A,1.0,[],[],"[{""role"":""describer"",""text"":""the person hanging off something"",""message_number"":1},{""role"":""describer"",""text"":""dangly legs"",""message_number"":2},{""role"":""describer"",""text"":""left foot higher than the other"",""message_number"":3}]",yoked,"{'A': -0.0030336808413267136, 'C': -6.003033638000488, 'B': -7.503033638000488, 'D': -12.003033638000488, 'E': -15.003033638000488, 'K': -18.003034591674805, 'H': -26.253034591674805, 'L': -26.753034591674805, 'G': -29.503034591674805, 'F': -30.253034591674805, 'J': -30.753034591674805, 'I': -32.50303268432617}"
x8BXJBHh3RxchPoHv,20,1,J,1.0,[],[],"[{""role"":""describer"",""text"":""head and large body"",""message_number"":1},{""role"":""describer"",""text"":""left side of body solid"",""message_number"":2},{""role"":""describer"",""text"":""right side with a small arm pointing right"",""message_number"":3}]",yoked,"{'B': -2.9801878554280847e-05, 'D': -10.500029563903809, 'A': -13.000029563903809, 'F': -18.000030517578125, 'C': -23.250030517578125, 'E': -25.250030517578125, 'K': -26.500030517578125, 'G': -28.750030517578125, 'H': -32.000030517578125, 'L': -37.250030517578125, 'J': -37.750030517578125, 'I': -39.250030517578125}"
x8BXJBHh3RxchPoHv,21,1,L,1.0,[],[],"[{""role"":""describer"",""text"":""crouching down with arms together pointing right"",""message_number"":1}]",yoked,"{'B': -37.2500114440918, 'D': -11.500011444091797, 'A': -13.250011444091797, 'F': -19.000011444091797, 'C': -23.250011444091797, 'E': -23.500011444091797, 'H': -30.500011444091797, 'K': -33.0000114440918, 'I': -34.7500114440918, 'G': -35.5000114440918, 'L': -37.2500114440918, 'J': -38.0000114440918}"
x8BXJBHh3RxchPoHv,22,1,D,1.0,[],[],"[{""role"":""describer"",""text"":""person giving a sermon"",""message_number"":1},{""role"":""describer"",""text"":""facing left"",""message_number"":2}]",yoked,"{'B': -0.00157803890760988, 'D': -6.501577854156494, 'A': -9.501578330993652, 'F': -14.001578330993652, 'E': -16.501577377319336, 'C': -18.001577377319336, 'H': -23.501577377319336, 'K': -24.001577377319336, 'G': -24.501577377319336, 'J': -29.001577377319336, 'L': -29.751577377319336, 'I': -31.751577377319336}"
x8BXJBHh3RxchPoHv,23,1,I,1.0,[],[],"[{""role"":""describer"",""text"":""figure skater"",""message_number"":1}]",yoked,"{'A': -0.000325388420606032, 'E': -9.000325202941895, 'B': -9.000325202941895, 'D': -9.500325202941895, 'C': -12.500325202941895, 'K': -21.50032615661621, 'L': -25.00032615661621, 'I': -26.25032615661621, 'J': -26.25032615661621, 'G': -27.50032615661621, 'F': -27.75032615661621, 'H': -29.00032615661621}"
x8BXJBHh3RxchPoHv,24,2,C,1.0,[],[],"[{""role"":""describer"",""text"":""ghost leaning left"",""message_number"":1}]",yoked,"{'A': -0.013159685768187046, 'B': -5.01315975189209, 'E': -5.51315975189209, 'D': -6.51315975189209, 'C': -7.01315975189209, 'H': -12.01315975189209, 'K': -15.01315975189209, 'F': -16.013158798217773, 'G': -18.013158798217773, 'L': -20.513158798217773, 'J': -22.763158798217773, 'I': -23.763158798217773}"
x8BXJBHh3RxchPoHv,25,2,A,1.0,[],[],"[{""role"":""describer"",""text"":""person hanging off ledge"",""message_number"":1}]",yoked,"{'A': -0.000598251644987613, 'B': -7.500598430633545, 'D': -10.000597953796387, 'E': -21.750598907470703, 'C': -22.000598907470703, 'K': -28.750598907470703, 'F': -30.500598907470703, 'H': -31.500598907470703, 'L': -33.7505989074707, 'I': -34.5005989074707, 'G': -35.2505989074707, 'J': -36.7505989074707}"
x8BXJBHh3RxchPoHv,26,2,E,1.0,[],[],"[{""role"":""describer"",""text"":""bunny rabbit"",""message_number"":1}]",yoked,"{'A': -1.0371154530730564e-05, 'E': -11.50001049041748, 'B': -15.50001049041748, 'D': -22.250009536743164, 'K': -23.750009536743164, 'C': -24.250009536743164, 'F': -25.000009536743164, 'H': -27.250009536743164, 'G': -27.500009536743164, 'L': -28.000009536743164, 'J': -30.250009536743164, 'I': -30.500009536743164}"
x8BXJBHh3RxchPoHv,27,2,L,1.0,[],[],"[{""role"":""describer"",""text"":""crouching facing right"",""message_number"":1}]",yoked,"{'B': -39.51847839355469, 'A': -4.018479347229004, 'D': -8.018479347229004, 'C': -22.018478393554688, 'E': -27.518478393554688, 'F': -31.018478393554688, 'H': -32.76847839355469, 'I': -36.26847839355469, 'K': -36.26847839355469, 'G': -37.76847839355469, 'L': -40.01847839355469, 'J': -40.76847839355469}"
x8BXJBHh3RxchPoHv,28,2,J,1.0,[],[],"[{""role"":""describer"",""text"":""blocky body"",""message_number"":1}]",yoked,"{'B': -0.017716726288199425, 'D': -4.517716884613037, 'A': -5.017716884613037, 'F': -10.517716407775879, 'E': -15.767716407775879, 'C': -18.267717361450195, 'G': -20.267717361450195, 'K': -24.517717361450195, 'H': -25.767717361450195, 'J': -27.767717361450195, 'I': -29.017717361450195, 'L': -32.76771545410156}"
x8BXJBHh3RxchPoHv,29,2,B,1.0,[],[],"[{""role"":""describer"",""text"":""kneeling with arms on each side"",""message_number"":1},{""role"":""describer"",""text"":""looking down slightly"",""message_number"":2}]",yoked,"{'B': -35.5, 'A': -19.5, 'D': -20.0, 'E': -21.0, 'F': -23.5, 'C': -25.25, 'K': -28.0, 'H': -29.25, 'I': -32.0, 'G': -33.25, 'L': -34.0, 'J': -35.75}"
x8BXJBHh3RxchPoHv,30,2,K,1.0,[],[],"[{""role"":""describer"",""text"":""kneeling facing right"",""message_number"":1}]",yoked,"{'B': -37.750003814697266, 'A': -13.25000286102295, 'D': -13.75000286102295, 'E': -26.000001907348633, 'C': -26.500001907348633, 'F': -27.500001907348633, 'H': -33.000003814697266, 'K': -33.250003814697266, 'I': -36.750003814697266, 'G': -37.500003814697266, 'L': -39.000003814697266, 'J': -39.750003814697266}"
x8BXJBHh3RxchPoHv,31,2,G,1.0,[],[],"[{""role"":""describer"",""text"":""dancing emoji"",""message_number"":1}]",yoked,"{'E': -0.00019631843315437436, 'A': -9.00019645690918, 'B': -10.00019645690918, 'C': -10.50019645690918, 'D': -18.50019645690918, 'K': -18.50019645690918, 'G': -21.00019645690918, 'L': -23.00019645690918, 'F': -23.25019645690918, 'J': -25.25019645690918, 'I': -27.25019645690918, 'H': -29.25019645690918}"
x8BXJBHh3RxchPoHv,32,2,H,1.0,[],[],"[{""role"":""describer"",""text"":""baby swaddled"",""message_number"":1}]",yoked,"{'B': -0.0016674199141561985, 'F': -7.001667499542236, 'E': -7.501667499542236, 'A': -8.501667022705078, 'D': -15.001667022705078, 'C': -24.501667022705078, 'H': -24.501667022705078, 'L': -24.751667022705078, 'K': -25.001667022705078, 'J': -27.001667022705078, 'G': -29.501667022705078, 'I': -30.251667022705078}"
x8BXJBHh3RxchPoHv,33,2,I,1.0,[],[],"[{""role"":""describer"",""text"":""figure skater"",""message_number"":1}]",yoked,"{'A': -0.000325388420606032, 'E': -9.000325202941895, 'B': -9.000325202941895, 'D': -9.500325202941895, 'C': -12.500325202941895, 'K': -21.50032615661621, 'L': -25.00032615661621, 'I': -26.25032615661621, 'J': -26.25032615661621, 'G': -27.50032615661621, 'F': -27.75032615661621, 'H': -29.00032615661621}"
x8BXJBHh3RxchPoHv,34,2,D,1.0,[],[],"[{""role"":""describer"",""text"":""giving sermon"",""message_number"":1},{""role"":""describer"",""text"":""facing left"",""message_number"":2}]",yoked,"{'B': -0.05096745863556862, 'D': -3.0509674549102783, 'F': -6.050967693328857, 'E': -11.0509672164917, 'A': -12.0509672164917, 'C': -18.300968170166016, 'H': -19.300968170166016, 'K': -19.300968170166016, 'G': -21.050968170166016, 'J': -22.550968170166016, 'L': -23.800968170166016, 'I': -25.550968170166016}"
x8BXJBHh3RxchPoHv,35,2,F,1.0,[],[],"[{""role"":""describer"",""text"":""sitting down"",""message_number"":1},{""role"":""describer"",""text"":""facing left"",""message_number"":2},{""role"":""describer"",""text"":""knees up"",""message_number"":3}]",yoked,"{'B': -6.6756979322235566e-06, 'F': -12.500006675720215, 'E': -12.750006675720215, 'D': -16.5000057220459, 'A': -17.2500057220459, 'C': -18.5000057220459, 'K': -24.5000057220459, 'G': -25.2500057220459, 'H': -25.5000057220459, 'J': -29.5000057220459, 'L': -32.00000762939453, 'I': -34.50000762939453}"
x8BXJBHh3RxchPoHv,36,3,H,1.0,[],[],"[{""role"":""describer"",""text"":""swaddled baby"",""message_number"":1}]",yoked,"{'F': -1.3491568565368652, 'B': -0.34915679693222046, 'E': -3.3491568565368652, 'A': -8.849156379699707, 'D': -14.099156379699707, 'C': -21.599157333374023, 'H': -22.099157333374023, 'K': -22.349157333374023, 'L': -24.599157333374023, 'J': -25.599157333374023, 'G': -26.849157333374023, 'I': -27.849157333374023}"
x8BXJBHh3RxchPoHv,37,3,D,1.0,[],[],"[{""role"":""describer"",""text"":""sermon"",""message_number"":1}]",yoked,"{'E': -0.16150051355361938, 'J': -2.1615004539489746, 'L': -3.6615004539489746, 'D': -5.161500453948975, 'K': -6.661500453948975, 'A': -7.411500453948975, 'C': -7.661500453948975, 'I': -9.661500930786133, 'B': -9.661500930786133, 'G': -9.661500930786133, 'H': -11.911500930786133, 'F': -12.911500930786133}"
x8BXJBHh3RxchPoHv,38,3,E,1.0,[],[],"[{""role"":""describer"",""text"":""bunny rabbit"",""message_number"":1}]",yoked,"{'A': -1.0371154530730564e-05, 'E': -11.50001049041748, 'B': -15.50001049041748, 'D': -22.250009536743164, 'K': -23.750009536743164, 'C': -24.250009536743164, 'F': -25.000009536743164, 'H': -27.250009536743164, 'G': -27.500009536743164, 'L': -28.000009536743164, 'J': -30.250009536743164, 'I': -30.500009536743164}"
x8BXJBHh3RxchPoHv,39,3,A,1.0,[],[],"[{""role"":""describer"",""text"":""dangling"",""message_number"":1}]",yoked,"{'C': -2.3841855067985307e-07, 'E': -15.5, 'A': -18.75, 'K': -19.0, 'B': -21.75, 'G': -21.75, 'H': -22.0, 'D': -22.75, 'L': -24.75, 'J': -25.75, 'I': -26.75, 'F': -27.25}"
x8BXJBHh3RxchPoHv,40,3,J,1.0,[],[],"[{""role"":""describer"",""text"":""blocky body arm to the right"",""message_number"":1}]",yoked,"{'B': -0.6205002665519714, 'D': -1.1205003261566162, 'A': -2.120500326156616, 'C': -4.120500087738037, 'E': -17.620500564575195, 'G': -18.620500564575195, 'K': -18.620500564575195, 'F': -22.370500564575195, 'J': -24.620500564575195, 'H': -26.620500564575195, 'I': -28.370500564575195, 'L': -29.870500564575195}"
x8BXJBHh3RxchPoHv,41,3,B,1.0,[],[],"[{""role"":""describer"",""text"":""looking down slightly kneeling on the ground"",""message_number"":1},{""role"":""describer"",""text"":""right arm higher than the other"",""message_number"":2},{""role"":""matcher"",""text"":""the crouching guy"",""message_number"":3},{""role"":""matcher"",""text"":""arms pointing to both sides"",""message_number"":4},{""role"":""describer"",""text"":""no kneeling"",""message_number"":5},{""role"":""matcher"",""text"":""arms on different sides"",""message_number"":6},{""role"":""matcher"",""text"":""arms stretched kneeling guy"",""message_number"":7}]",yoked,"{'B': -3.5309908390045166, 'D': -0.030990920960903168, 'A': -7.030991077423096, 'F': -8.030990600585938, 'C': -10.530990600585938, 'E': -12.530990600585938, 'G': -15.530990600585938, 'K': -20.030990600585938, 'H': -21.030990600585938, 'L': -23.530990600585938, 'J': -26.280990600585938, 'I': -28.780990600585938}"
x8BXJBHh3RxchPoHv,42,3,K,1.0,[],[],"[{""role"":""describer"",""text"":""kneeling, arms up to the right, feet up"",""message_number"":1},{""role"":""matcher"",""text"":""i think this one looks like it is praying maybe"",""message_number"":2}]",yoked,"{'B': -0.005163547582924366, 'E': -5.505163669586182, 'F': -7.505163669586182, 'A': -8.505163192749023, 'C': -8.505163192749023, 'D': -9.005163192749023, 'K': -14.505163192749023, 'J': -17.255163192749023, 'H': -20.255163192749023, 'L': -21.505163192749023, 'G': -22.255163192749023, 'I': -25.005163192749023}"
x8BXJBHh3RxchPoHv,43,3,G,1.0,[],[],"[{""role"":""describer"",""text"":""dancer"",""message_number"":1}]",yoked,"{'A': -0.00033766290289349854, 'B': -8.000337600708008, 'E': -13.000337600708008, 'C': -21.000337600708008, 'D': -21.500337600708008, 'K': -24.750337600708008, 'F': -29.000337600708008, 'L': -29.750337600708008, 'H': -31.000337600708008, 'I': -31.500337600708008, 'G': -31.500337600708008, 'J': -34.25033950805664}"
x8BXJBHh3RxchPoHv,44,3,L,1.0,[],[],"[{""role"":""describer"",""text"":""crouching"",""message_number"":1},{""role"":""describer"",""text"":""arms up facing right"",""message_number"":2}]",yoked,"{'C': -0.20164945721626282, 'B': -1.7016494274139404, 'E': -8.45164966583252, 'A': -10.70164966583252, 'D': -18.701648712158203, 'K': -18.951648712158203, 'F': -21.701648712158203, 'G': -24.201648712158203, 'H': -27.701648712158203, 'L': -29.201648712158203, 'I': -29.451648712158203, 'J': -29.701648712158203}"
x8BXJBHh3RxchPoHv,45,3,F,1.0,[],[],"[{""role"":""describer"",""text"":""sitting down facing left"",""message_number"":1},{""role"":""describer"",""text"":""knees up"",""message_number"":2}]",yoked,"{'B': -3.4570634852570947e-06, 'F': -12.750003814697266, 'E': -14.250003814697266, 'A': -17.250003814697266, 'D': -17.250003814697266, 'C': -21.250003814697266, 'K': -26.750003814697266, 'H': -27.000003814697266, 'G': -28.750003814697266, 'J': -32.250003814697266, 'L': -32.750003814697266, 'I': -34.250003814697266}"
x8BXJBHh3RxchPoHv,46,3,I,1.0,[],[],"[{""role"":""describer"",""text"":""figure skater"",""message_number"":1}]",yoked,"{'A': -0.000325388420606032, 'E': -9.000325202941895, 'B': -9.000325202941895, 'D': -9.500325202941895, 'C': -12.500325202941895, 'K': -21.50032615661621, 'L': -25.00032615661621, 'I': -26.25032615661621, 'J': -26.25032615661621, 'G': -27.50032615661621, 'F': -27.75032615661621, 'H': -29.00032615661621}"
x8BXJBHh3RxchPoHv,47,3,C,1.0,[],[],"[{""role"":""describer"",""text"":""ghost"",""message_number"":1}]",yoked,"{'H': 0.0, 'A': -20.25, 'E': -20.75, 'L': -22.75, 'K': -23.25, 'C': -25.5, 'D': -25.5, 'B': -26.5, 'G': -27.0, 'I': -27.25, 'F': -30.5, 'J': -31.25}"
x8BXJBHh3RxchPoHv,48,4,L,1.0,[],[],"[{""role"":""describer"",""text"":""crouching"",""message_number"":1}]",yoked,"{'B': -39.779754638671875, 'A': -3.5297539234161377, 'D': -12.529753684997559, 'C': -26.279754638671875, 'E': -27.279754638671875, 'F': -33.529754638671875, 'H': -35.529754638671875, 'I': -36.779754638671875, 'K': -38.529754638671875, 'G': -40.779754638671875, 'L': -41.779754638671875, 'J': -44.029754638671875}"
x8BXJBHh3RxchPoHv,49,4,J,1.0,[],[],"[{""role"":""describer"",""text"":""blocky"",""message_number"":1}]",yoked,"{'A': -0.00035696811391972005, 'B': -8.000356674194336, 'D': -10.750356674194336, 'F': -16.500356674194336, 'C': -18.000356674194336, 'E': -19.000356674194336, 'K': -20.000356674194336, 'I': -21.750356674194336, 'G': -21.750356674194336, 'J': -25.000356674194336, 'H': -26.500356674194336, 'L': -31.000356674194336}"
x8BXJBHh3RxchPoHv,50,4,E,1.0,[],[],"[{""role"":""describer"",""text"":""bunny"",""message_number"":1}]",yoked,"{'A': -2.753696753643453e-05, 'E': -10.500027656555176, 'B': -16.75002670288086, 'K': -22.00002670288086, 'D': -23.00002670288086, 'C': -24.00002670288086, 'F': -25.25002670288086, 'L': -25.50002670288086, 'H': -28.00002670288086, 'G': -28.50002670288086, 'I': -30.75002670288086, 'J': -31.25002670288086}"
x8BXJBHh3RxchPoHv,51,4,I,1.0,[],[],"[{""role"":""describer"",""text"":""skater"",""message_number"":1}]",yoked,"{'A': 0.0, 'B': -17.75, 'D': -20.5, 'C': -21.75, 'E': -22.75, 'K': -27.25, 'I': -29.75, 'G': -30.75, 'H': -31.75, 'F': -32.0, 'L': -33.0, 'J': -33.0}"
x8BXJBHh3RxchPoHv,52,4,G,1.0,[],[],"[{""role"":""describer"",""text"":""dancing emoji"",""message_number"":1}]",yoked,"{'E': -0.00045563330058939755, 'A': -8.000455856323242, 'B': -9.500455856323242, 'C': -10.000455856323242, 'D': -18.000455856323242, 'K': -18.500455856323242, 'G': -20.500455856323242, 'L': -22.500455856323242, 'F': -23.000455856323242, 'J': -24.750455856323242, 'I': -27.000455856323242, 'H': -29.000455856323242}"
x8BXJBHh3RxchPoHv,53,4,D,1.0,[],[],"[{""role"":""describer"",""text"":""sermon"",""message_number"":1}]",yoked,"{'E': -0.10116301476955414, 'J': -2.601162910461426, 'L': -4.101162910461426, 'D': -5.601162910461426, 'K': -7.101162910461426, 'A': -7.601162910461426, 'C': -8.101162910461426, 'I': -9.851162910461426, 'B': -9.851162910461426, 'G': -10.101162910461426, 'H': -12.351162910461426, 'F': -13.101162910461426}"
x8BXJBHh3RxchPoHv,54,4,B,1.0,[],[],"[{""role"":""describer"",""text"":""arms either side facing right"",""message_number"":1},{""role"":""matcher"",""text"":""kneeling"",""message_number"":2}]",yoked,"{'B': -1.0728830375228426e-06, 'A': -13.750000953674316, 'D': -17.250001907348633, 'E': -18.250001907348633, 'C': -19.250001907348633, 'F': -21.000001907348633, 'K': -26.250001907348633, 'G': -29.500001907348633, 'H': -29.750001907348633, 'L': -33.5, 'I': -34.0, 'J': -35.0}"
x8BXJBHh3RxchPoHv,55,4,H,1.0,[],[],"[{""role"":""describer"",""text"":""swaddled"",""message_number"":1}]",yoked,"{'F': -0.004201632924377918, 'B': -5.504201412200928, 'E': -9.004201889038086, 'A': -16.004201889038086, 'D': -16.004201889038086, 'H': -19.754201889038086, 'C': -22.004201889038086, 'K': -22.254201889038086, 'L': -22.754201889038086, 'G': -24.754201889038086, 'J': -25.004201889038086, 'I': -27.254201889038086}"
x8BXJBHh3RxchPoHv,56,4,A,1.0,[],[],"[{""role"":""describer"",""text"":""dangling"",""message_number"":1}]",yoked,"{'C': -1.1920928244535389e-07, 'E': -16.0, 'A': -19.0, 'K': -19.75, 'B': -21.75, 'G': -22.25, 'H': -22.5, 'D': -23.0, 'L': -25.5, 'J': -26.25, 'I': -27.0, 'F': -27.75}"
x8BXJBHh3RxchPoHv,57,4,F,1.0,[],[],"[{""role"":""describer"",""text"":""facing left knees up"",""message_number"":1}]",yoked,"{'B': -0.08322583884000778, 'A': -2.583225727081299, 'D': -5.583225727081299, 'E': -7.583225727081299, 'C': -10.083226203918457, 'F': -11.083226203918457, 'G': -15.333226203918457, 'H': -20.83322525024414, 'K': -23.08322525024414, 'J': -25.08322525024414, 'L': -25.83322525024414, 'I': -27.33322525024414}"
x8BXJBHh3RxchPoHv,58,4,K,1.0,[],[],"[{""role"":""describer"",""text"":""praying right edge of triangle behind"",""message_number"":1}]",yoked,"{'K': -0.16303348541259766, 'C': -2.1630334854125977, 'D': -3.6630334854125977, 'E': -4.663033485412598, 'A': -8.163033485412598, 'J': -9.663033485412598, 'L': -11.663033485412598, 'B': -11.663033485412598, 'F': -12.913033485412598, 'H': -14.913033485412598, 'I': -15.913033485412598, 'G': -16.16303253173828}"
x8BXJBHh3RxchPoHv,59,4,C,1.0,[],[],"[{""role"":""describer"",""text"":""ghost"",""message_number"":1}]",yoked,"{'H': 0.0, 'A': -20.25, 'E': -20.75, 'L': -22.5, 'K': -22.75, 'D': -25.25, 'C': -25.5, 'B': -26.5, 'I': -26.75, 'G': -27.0, 'F': -30.75, 'J': -31.0}"
x8BXJBHh3RxchPoHv,60,5,I,1.0,[],[],"[{""role"":""describer"",""text"":""skater"",""message_number"":1}]",yoked,"{'A': 0.0, 'B': -17.75, 'D': -20.5, 'C': -21.75, 'E': -22.75, 'K': -27.25, 'I': -29.75, 'G': -30.75, 'H': -31.75, 'F': -32.0, 'L': -33.0, 'J': -33.0}"
x8BXJBHh3RxchPoHv,61,5,B,0.75,[],[],"[{""role"":""describer"",""text"":""kneeling both arms out"",""message_number"":1}]",yoked,"{'B': -0.0005029367166571319, 'C': -8.000502586364746, 'A': -9.000502586364746, 'D': -10.500502586364746, 'E': -11.000502586364746, 'F': -21.250503540039062, 'K': -24.250503540039062, 'J': -26.500503540039062, 'H': -27.500503540039062, 'G': -27.750503540039062, 'I': -28.750503540039062, 'L': -29.750503540039062}"
x8BXJBHh3RxchPoHv,62,5,C,1.0,[],[],"[{""role"":""describer"",""text"":""ghost"",""message_number"":1}]",yoked,"{'H': 0.0, 'A': -20.25, 'E': -20.75, 'L': -22.5, 'K': -22.75, 'D': -25.25, 'C': -25.5, 'B': -26.5, 'I': -26.75, 'G': -27.0, 'F': -30.75, 'J': -31.0}"
x8BXJBHh3RxchPoHv,63,5,L,1.0,[],[],"[{""role"":""describer"",""text"":""crouching"",""message_number"":1}]",yoked,"{'B': -40.51815414428711, 'A': -4.018153667449951, 'D': -12.518153190612793, 'C': -26.51815414428711, 'E': -27.51815414428711, 'F': -33.51815414428711, 'H': -35.76815414428711, 'I': -37.01815414428711, 'K': -38.76815414428711, 'G': -41.01815414428711, 'L': -42.26815414428711, 'J': -44.26815414428711}"
x8BXJBHh3RxchPoHv,64,5,G,1.0,[],[],"[{""role"":""describer"",""text"":""dancer emoji"",""message_number"":1}]",yoked,"{'A': -0.31625300645828247, 'E': -1.3162529468536377, 'B': -5.816253185272217, 'K': -12.316252708435059, 'C': -12.816252708435059, 'D': -14.316252708435059, 'L': -15.316252708435059, 'J': -20.316253662109375, 'F': -20.816253662109375, 'G': -22.066253662109375, 'I': -22.316253662109375, 'H': -23.066253662109375}"
x8BXJBHh3RxchPoHv,65,5,J,1.0,[],[],"[{""role"":""describer"",""text"":""blocky"",""message_number"":1}]",yoked,"{'A': -0.00022492263815365732, 'B': -8.500225067138672, 'D': -10.750225067138672, 'F': -16.750225067138672, 'C': -18.250225067138672, 'E': -19.500225067138672, 'K': -20.250225067138672, 'I': -22.000225067138672, 'G': -22.000225067138672, 'J': -25.000225067138672, 'H': -27.000225067138672, 'L': -31.250225067138672}"
x8BXJBHh3RxchPoHv,66,5,K,1.0,[],[],"[{""role"":""describer"",""text"":""praying person"",""message_number"":1}]",yoked,"{'E': -2.580697774887085, 'A': -0.08069781213998795, 'B': -6.580698013305664, 'K': -8.580698013305664, 'C': -9.080698013305664, 'D': -9.080698013305664, 'L': -12.580698013305664, 'J': -14.580698013305664, 'F': -15.080698013305664, 'I': -17.080698013305664, 'H': -18.830698013305664, 'G': -20.330698013305664}"
x8BXJBHh3RxchPoHv,67,5,E,1.0,[],[],"[{""role"":""describer"",""text"":""bunny"",""message_number"":1}]",yoked,"{'A': -4.541770613286644e-05, 'E': -10.000045776367188, 'B': -16.500045776367188, 'K': -22.000045776367188, 'D': -22.500045776367188, 'C': -23.500045776367188, 'F': -25.000045776367188, 'L': -25.250045776367188, 'H': -27.750045776367188, 'G': -28.250045776367188, 'I': -30.500045776367188, 'J': -30.750045776367188}"
x8BXJBHh3RxchPoHv,68,5,D,1.0,[],[],"[{""role"":""describer"",""text"":""sermon"",""message_number"":1}]",yoked,"{'E': -0.16150051355361938, 'J': -2.1615004539489746, 'L': -3.6615004539489746, 'D': -5.161500453948975, 'K': -6.661500453948975, 'A': -7.411500453948975, 'C': -7.661500453948975, 'I': -9.661500930786133, 'B': -9.661500930786133, 'G': -9.661500930786133, 'H': -11.911500930786133, 'F': -12.911500930786133}"
x8BXJBHh3RxchPoHv,69,5,A,1.0,[],[],"[{""role"":""describer"",""text"":""dangling"",""message_number"":1}]",yoked,"{'C': -2.3841855067985307e-07, 'E': -15.5, 'A': -18.75, 'K': -19.0, 'B': -21.75, 'G': -21.75, 'H': -22.0, 'D': -22.75, 'L': -24.75, 'J': -25.75, 'I': -26.75, 'F': -27.25}"
x8BXJBHh3RxchPoHv,70,5,F,1.0,[],[],"[{""role"":""describer"",""text"":""sitting down knees up"",""message_number"":1},{""role"":""describer"",""text"":""facing left"",""message_number"":2}]",yoked,"{'B': -2.3841855067985307e-07, 'E': -15.5, 'A': -17.0, 'D': -17.5, 'F': -18.25, 'C': -21.0, 'K': -24.5, 'H': -27.5, 'G': -29.25, 'L': -30.25, 'J': -31.0, 'I': -34.0}"
x8BXJBHh3RxchPoHv,71,5,H,1.0,[],[],"[{""role"":""describer"",""text"":""swaddled"",""message_number"":1}]",yoked,"{'F': -0.002598958555608988, 'B': -6.002598762512207, 'E': -9.002598762512207, 'A': -16.002599716186523, 'D': -16.252599716186523, 'H': -20.252599716186523, 'C': -22.252599716186523, 'K': -22.752599716186523, 'L': -23.002599716186523, 'G': -25.002599716186523, 'J': -25.502599716186523, 'I': -27.502599716186523}"
zviCQXNM4xWoYTmoY,0,0,K,1.0,[],[],"[{""role"":""describer"",""text"":""the picture looks like someone kneeling down on the floor and holding their hands out in front of them, feet sticking up behind them, elbows sticking out slightly behind their back"",""message_number"":1},{""role"":""matcher"",""text"":""which way is the square on their head"",""message_number"":2},{""role"":""matcher"",""text"":""is it a diamond"",""message_number"":3},{""role"":""describer"",""text"":""yeah like a diamond"",""message_number"":4}]",yoked,"{'E': -0.4813295006752014, 'B': -0.9813295006752014, 'F': -4.981329441070557, 'K': -8.481329917907715, 'A': -9.481329917907715, 'D': -9.481329917907715, 'C': -13.981329917907715, 'L': -14.981329917907715, 'H': -15.481329917907715, 'G': -16.4813289642334, 'J': -16.9813289642334, 'I': -26.9813289642334}"
zviCQXNM4xWoYTmoY,1,0,B,0.6,[],[],"[{""role"":""describer"",""text"":""I guess it looks like a dog sitting down, with a big pointy face, a diamond on it's head and a triangle on the back of it's head"",""message_number"":1},{""role"":""describer"",""text"":""Hard to describe"",""message_number"":2},{""role"":""matcher"",""text"":""is the base like a lightning bolt"",""message_number"":3},{""role"":""matcher"",""text"":""or is it a backwards l shape"",""message_number"":4},{""role"":""describer"",""text"":""the main body isn't a clear shape, but the diamond and triangle on the top are clear"",""message_number"":5}]",yoked,"{'B': -0.9757252931594849, 'A': -0.47572529315948486, 'D': -6.475725173950195, 'F': -9.475725173950195, 'E': -10.475725173950195, 'K': -13.475725173950195, 'H': -15.475725173950195, 'C': -16.975725173950195, 'J': -17.475725173950195, 'G': -23.975725173950195, 'L': -24.225725173950195, 'I': -27.225725173950195}"
zviCQXNM4xWoYTmoY,2,0,J,1.0,[],[],"[{""role"":""describer"",""text"":""okay it has a straight left edge and a diamond on the top"",""message_number"":1},{""role"":""describer"",""text"":""sort of like half a candle"",""message_number"":2}]",yoked,"{'J': 0.0, 'L': -17.5, 'D': -18.5, 'A': -19.75, 'K': -20.25, 'B': -21.0, 'H': -25.0, 'I': -25.25, 'C': -26.75, 'F': -28.5, 'E': -29.75, 'G': -31.25}"
zviCQXNM4xWoYTmoY,3,0,C,1.0,[],[],"[{""role"":""describer"",""text"":""person leaning backwards with arms in the air"",""message_number"":1},{""role"":""matcher"",""text"":""Is the body a parallelogram"",""message_number"":2}]",yoked,"{'B': -0.006764962337911129, 'C': -5.006764888763428, 'A': -10.006765365600586, 'D': -12.506765365600586, 'E': -14.006765365600586, 'F': -22.006765365600586, 'K': -25.506765365600586, 'G': -26.506765365600586, 'J': -28.506765365600586, 'H': -29.256765365600586, 'I': -30.006765365600586, 'L': -30.756765365600586}"
zviCQXNM4xWoYTmoY,4,0,L,0.6,[],[],"[{""role"":""describer"",""text"":""person bending their knees and holding hands out in front of them diamond head"",""message_number"":1},{""role"":""matcher"",""text"":""same as before"",""message_number"":2},{""role"":""describer"",""text"":""just bending knees, not kneeling down"",""message_number"":3}]",yoked,"{'B': -4.8040190449682996e-05, 'A': -10.50004768371582, 'F': -11.25004768371582, 'E': -12.25004768371582, 'D': -13.00004768371582, 'C': -14.50004768371582, 'G': -21.25004768371582, 'H': -25.00004768371582, 'K': -26.75004768371582, 'I': -31.25004768371582, 'L': -31.75004768371582, 'J': -34.75004959106445}"
zviCQXNM4xWoYTmoY,5,0,E,1.0,[],[],"[{""role"":""describer"",""text"":""two triangles on the head"",""message_number"":1},{""role"":""matcher"",""text"":""Triangle body too"",""message_number"":2},{""role"":""matcher"",""text"":""looks like a bunny"",""message_number"":3},{""role"":""describer"",""text"":""body is triangle"",""message_number"":4},{""role"":""matcher"",""text"":""lightning bolt base"",""message_number"":5},{""role"":""describer"",""text"":""body looks like a mountain"",""message_number"":6},{""role"":""matcher"",""text"":""yes like a triangle"",""message_number"":7},{""role"":""matcher"",""text"":""Small triangle for feet"",""message_number"":8}]",yoked,"{'E': -0.1159844845533371, 'A': -2.6159844398498535, 'K': -3.6159844398498535, 'B': -5.1159844398498535, 'J': -6.1159844398498535, 'D': -7.6159844398498535, 'C': -8.115984916687012, 'H': -8.115984916687012, 'F': -8.615984916687012, 'L': -10.115984916687012, 'G': -12.115984916687012, 'I': -17.615983963012695}"
zviCQXNM4xWoYTmoY,6,0,G,1.0,[],[],"[{""role"":""describer"",""text"":""erm like lots of weird shapes Doesn't look like anything"",""message_number"":1},{""role"":""matcher"",""text"":""Small triangle in bottom right"",""message_number"":2},{""role"":""describer"",""text"":""flat base bottom left, diamond near the top, small triangle bottom right"",""message_number"":3}]",yoked,"{'L': -1.1920928244535389e-07, 'K': -15.75, 'D': -18.0, 'J': -18.0, 'H': -18.5, 'E': -22.75, 'F': -22.75, 'G': -23.25, 'C': -24.0, 'B': -24.0, 'I': -25.75, 'A': -26.75}"
zviCQXNM4xWoYTmoY,7,0,A,0.8,[],[],"[{""role"":""describer"",""text"":""like a person walking lifting one foot up, leaning head back a bit, holding a cloth in front of them"",""message_number"":1},{""role"":""matcher"",""text"":""square on their back"",""message_number"":2},{""role"":""describer"",""text"":""lifting the foot up in front of them not behind"",""message_number"":3},{""role"":""matcher"",""text"":""foot lifting up to the left"",""message_number"":4}]",yoked,"{'C': -0.4766176640987396, 'A': -0.976617693901062, 'B': -5.976617813110352, 'D': -17.22661781311035, 'E': -18.47661781311035, 'G': -22.97661781311035, 'K': -22.97661781311035, 'F': -28.72661781311035, 'I': -30.97661781311035, 'L': -31.72661781311035, 'J': -33.22661590576172, 'H': -34.22661590576172}"
zviCQXNM4xWoYTmoY,8,0,H,1.0,[],[],"[{""role"":""describer"",""text"":""boring shape just one big shape and a diamond on top Like the candle one but not a flat top under the diamond"",""message_number"":1},{""role"":""matcher"",""text"":""there's a triangle on the bottom right"",""message_number"":2},{""role"":""describer"",""text"":""yeah sticks out a bit"",""message_number"":3}]",yoked,"{'J': -0.20142288506031036, 'D': -1.701422929763794, 'L': -12.201422691345215, 'H': -12.701422691345215, 'K': -13.701422691345215, 'A': -15.701422691345215, 'B': -15.701422691345215, 'I': -17.20142364501953, 'F': -17.95142364501953, 'E': -19.45142364501953, 'C': -19.70142364501953, 'G': -24.95142364501953}"
zviCQXNM4xWoYTmoY,9,0,D,1.0,[],[],"[{""role"":""describer"",""text"":""like a priest holding hands out little feet sticking out at the bottom"",""message_number"":1},{""role"":""matcher"",""text"":""To the left"",""message_number"":2},{""role"":""matcher"",""text"":""hands out to the left"",""message_number"":3},{""role"":""describer"",""text"":""yeah facing left"",""message_number"":4}]",yoked,"{'A': -0.0001234931987710297, 'B': -9.000123023986816, 'D': -16.500123977661133, 'C': -19.000123977661133, 'E': -23.000123977661133, 'F': -26.500123977661133, 'H': -30.000123977661133, 'G': -33.0001220703125, 'K': -34.7501220703125, 'I': -37.2501220703125, 'J': -37.7501220703125, 'L': -41.0001220703125}"
zviCQXNM4xWoYTmoY,10,0,F,1.0,[],[],"[{""role"":""describer"",""text"":""person sitting down with legs out in front of them, facing left, head hanging forwards a bit"",""message_number"":1},{""role"":""matcher"",""text"":""legs bent"",""message_number"":2},{""role"":""matcher"",""text"":""two triangles out the back or no"",""message_number"":3}]",yoked,"{'B': -0.007050042040646076, 'A': -5.007050037384033, 'F': -8.507050514221191, 'E': -9.007050514221191, 'D': -11.507050514221191, 'C': -18.007049560546875, 'K': -23.507049560546875, 'G': -26.007049560546875, 'J': -28.007049560546875, 'H': -29.257049560546875, 'L': -30.257049560546875, 'I': -32.007049560546875}"
zviCQXNM4xWoYTmoY,11,0,I,1.0,[],[],"[{""role"":""describer"",""text"":""like an ice skater with two triangles sticking out to the left and a tiny one at the right"",""message_number"":1}]",yoked,"{'C': -0.004082560073584318, 'E': -5.504082679748535, 'A': -13.004082679748535, 'B': -13.254082679748535, 'G': -16.50408172607422, 'K': -21.50408172607422, 'F': -21.75408172607422, 'D': -22.50408172607422, 'H': -27.75408172607422, 'L': -28.75408172607422, 'I': -29.25408172607422, 'J': -29.75408172607422}"
zviCQXNM4xWoYTmoY,12,1,E,1.0,[],[],"[{""role"":""describer"",""text"":""the one with two triangles on the top"",""message_number"":1},{""role"":""matcher"",""text"":""bunny"",""message_number"":2}]",yoked,"{'K': -0.4772576689720154, 'J': -0.9772576689720154, 'A': -5.97725772857666, 'E': -7.47725772857666, 'B': -9.97725772857666, 'I': -10.97725772857666, 'C': -11.97725772857666, 'L': -12.72725772857666, 'D': -13.97725772857666, 'G': -19.477256774902344, 'F': -19.977256774902344, 'H': -21.227256774902344}"
zviCQXNM4xWoYTmoY,13,1,F,1.0,[],[],"[{""role"":""describer"",""text"":""person sitting with legs out bent to the left again"",""message_number"":1}]",yoked,"{'B': -0.018194913864135742, 'F': -4.018195152282715, 'E': -10.018195152282715, 'A': -15.518195152282715, 'D': -16.0181941986084, 'C': -20.7681941986084, 'G': -24.2681941986084, 'K': -26.0181941986084, 'H': -26.5181941986084, 'I': -30.2681941986084, 'L': -32.01819610595703, 'J': -33.01819610595703}"
zviCQXNM4xWoYTmoY,14,1,G,1.0,[],[],"[{""role"":""describer"",""text"":""the weird shapes again that doesn't look like anything small triangle in bottom right"",""message_number"":1},{""role"":""matcher"",""text"":""Flat bottom"",""message_number"":2},{""role"":""matcher"",""text"":""like a seal balancing a ball on the back of it's head"",""message_number"":3},{""role"":""describer"",""text"":""yeah flat bottom to the left"",""message_number"":4}]",yoked,"{'L': -0.011047743260860443, 'H': -4.511047840118408, 'D': -19.01104736328125, 'G': -21.01104736328125, 'F': -21.51104736328125, 'J': -21.51104736328125, 'K': -23.01104736328125, 'I': -24.76104736328125, 'E': -25.51104736328125, 'B': -27.26104736328125, 'C': -28.76104736328125, 'A': -29.76104736328125}"
zviCQXNM4xWoYTmoY,15,1,B,0.6,[],[],"[{""role"":""describer"",""text"":""diamond and triangle near the top, the rest is one big shape"",""message_number"":1},{""role"":""matcher"",""text"":""the dog"",""message_number"":2},{""role"":""matcher"",""text"":""Small triangle in bottom left"",""message_number"":3},{""role"":""matcher"",""text"":""body with no arms and legs"",""message_number"":4},{""role"":""matcher"",""text"":""candle"",""message_number"":5},{""role"":""matcher"",""text"":""person kneeling down making a star shape with their arms out"",""message_number"":6}]",yoked,"{'D': -1.8482071161270142, 'B': -0.34820711612701416, 'E': -2.3482069969177246, 'F': -3.3482069969177246, 'A': -5.348206996917725, 'C': -6.848206996917725, 'K': -10.848207473754883, 'G': -13.348207473754883, 'H': -13.848207473754883, 'L': -16.348207473754883, 'J': -23.098207473754883, 'I': -24.098207473754883}"
zviCQXNM4xWoYTmoY,16,1,K,1.0,[],[],"[{""role"":""describer"",""text"":""person kneeling on the floor with feet sticking up behind them, arms out in front Facing right"",""message_number"":1},{""role"":""describer"",""text"":""think it was the first one we did"",""message_number"":2}]",yoked,"{'A': 0.0, 'B': -19.0, 'C': -22.25, 'E': -23.25, 'D': -24.75, 'K': -29.5, 'G': -31.0, 'F': -31.5, 'H': -32.5, 'I': -33.5, 'L': -36.75, 'J': -39.0}"
zviCQXNM4xWoYTmoY,17,1,C,1.0,[],[],"[{""role"":""describer"",""text"":""leaning backwards with arms up"",""message_number"":1}]",yoked,"{'C': -2.288792165927589e-05, 'E': -11.000022888183594, 'B': -12.000022888183594, 'A': -17.000022888183594, 'D': -22.500022888183594, 'F': -23.500022888183594, 'G': -24.750022888183594, 'K': -25.500022888183594, 'H': -27.000022888183594, 'J': -27.250022888183594, 'I': -28.250022888183594, 'L': -31.750022888183594}"
zviCQXNM4xWoYTmoY,18,1,L,1.0,[],[],"[{""role"":""describer"",""text"":""bending knees, facing right, arms out in front"",""message_number"":1}]",yoked,"{'B': -0.08281475305557251, 'A': -2.5828146934509277, 'C': -5.582814693450928, 'E': -9.082815170288086, 'D': -10.082815170288086, 'F': -17.582815170288086, 'K': -20.332815170288086, 'G': -21.332815170288086, 'J': -23.082815170288086, 'I': -25.832815170288086, 'L': -25.832815170288086, 'H': -27.582815170288086}"
zviCQXNM4xWoYTmoY,19,1,D,1.0,[],[],"[{""role"":""describer"",""text"":""priest facing left arms out"",""message_number"":1}]",yoked,"{'A': -0.15013542771339417, 'E': -2.1501355171203613, 'C': -4.150135517120361, 'B': -5.150135517120361, 'D': -6.650135517120361, 'K': -9.650135040283203, 'F': -11.150135040283203, 'H': -13.150135040283203, 'G': -13.150135040283203, 'J': -13.150135040283203, 'L': -14.650135040283203, 'I': -18.900135040283203}"
zviCQXNM4xWoYTmoY,20,1,J,0.8,[],[],"[{""role"":""describer"",""text"":""candle one flat edge on left and top, diamond on top"",""message_number"":1}]",yoked,"{'D': -3.0593655109405518, 'J': -0.05936542898416519, 'A': -4.559365272521973, 'L': -8.559365272521973, 'K': -10.559365272521973, 'B': -10.809365272521973, 'F': -12.309365272521973, 'H': -12.309365272521973, 'C': -12.559365272521973, 'I': -14.309365272521973, 'E': -16.55936622619629, 'G': -17.80936622619629}"
zviCQXNM4xWoYTmoY,21,1,H,1.0,[],[],"[{""role"":""describer"",""text"":""the one that one person thought was the candle one haha"",""message_number"":1},{""role"":""describer"",""text"":""one big shape, diamond bit at the top, small triangle sticking out bottom right"",""message_number"":2},{""role"":""matcher"",""text"":""diamond head, small triangle in bottom right"",""message_number"":3}]",yoked,"{'K': -3.051302194595337, 'F': -0.051302164793014526, 'B': -6.551301956176758, 'E': -8.051301956176758, 'L': -8.051301956176758, 'G': -8.051301956176758, 'J': -8.551301956176758, 'D': -9.051301956176758, 'H': -11.551301956176758, 'A': -12.051301956176758, 'C': -14.051301956176758, 'I': -21.801301956176758}"
zviCQXNM4xWoYTmoY,22,1,A,0.8,[],[],"[{""role"":""describer"",""text"":""person facing left lifting foot up in front of them, leaning head back"",""message_number"":1},{""role"":""matcher"",""text"":""Holding a cloth"",""message_number"":2}]",yoked,"{'A': -8.344646857949556e-07, 'B': -14.000000953674316, 'C': -20.5, 'D': -24.0, 'E': -32.25, 'K': -33.75, 'L': -39.5, 'I': -40.25, 'F': -41.25, 'G': -41.5, 'H': -42.25, 'J': -43.25}"
zviCQXNM4xWoYTmoY,23,1,I,1.0,[],[],"[{""role"":""describer"",""text"":""ice skater with leg out behind"",""message_number"":1}]",yoked,"{'A': -4.625213477993384e-05, 'B': -10.000045776367188, 'C': -14.500045776367188, 'D': -15.000045776367188, 'E': -16.500045776367188, 'K': -23.000045776367188, 'F': -29.000045776367188, 'J': -29.000045776367188, 'I': -29.250045776367188, 'L': -29.500045776367188, 'H': -31.500045776367188, 'G': -31.750045776367188}"
zviCQXNM4xWoYTmoY,24,2,K,0.8,[],[],"[{""role"":""describer"",""text"":""first one again"",""message_number"":1},{""role"":""describer"",""text"":""kneeling on floor, feet sticking up behind, facing right, arms out in front"",""message_number"":2}]",yoked,"{'B': -37.250003814697266, 'A': -12.75000286102295, 'D': -18.750001907348633, 'C': -22.750001907348633, 'E': -22.750001907348633, 'F': -23.250001907348633, 'H': -31.750001907348633, 'K': -32.750003814697266, 'G': -34.500003814697266, 'I': -37.250003814697266, 'L': -37.750003814697266, 'J': -39.500003814697266}"
zviCQXNM4xWoYTmoY,25,2,G,1.0,[],[],"[{""role"":""describer"",""text"":""weird shapes one with small triangle bottom right and flat base"",""message_number"":1},{""role"":""describer"",""text"":""diamond top left"",""message_number"":2}]",yoked,"{'L': -0.001508409040980041, 'K': -6.5015082359313965, 'J': -12.001508712768555, 'G': -18.501508712768555, 'D': -18.751508712768555, 'H': -20.501508712768555, 'I': -22.251508712768555, 'E': -23.001508712768555, 'F': -23.251508712768555, 'C': -23.501508712768555, 'B': -25.751508712768555, 'A': -26.751508712768555}"
zviCQXNM4xWoYTmoY,26,2,C,1.0,[],[],"[{""role"":""describer"",""text"":""leaning back arms up"",""message_number"":1}]",yoked,"{'C': -0.0007135705673135817, 'E': -7.250713348388672, 'B': -12.500713348388672, 'A': -18.000713348388672, 'F': -21.000713348388672, 'G': -21.500713348388672, 'D': -23.250713348388672, 'K': -23.250713348388672, 'H': -26.250713348388672, 'J': -26.500713348388672, 'I': -27.500713348388672, 'L': -30.000713348388672}"
zviCQXNM4xWoYTmoY,27,2,D,1.0,[],[],"[{""role"":""describer"",""text"":""priest"",""message_number"":1}]",yoked,"{'E': -0.07992840558290482, 'A': -3.579928398132324, 'J': -3.579928398132324, 'L': -4.829928398132324, 'K': -5.079928398132324, 'D': -5.829928398132324, 'B': -6.079928398132324, 'F': -7.329928398132324, 'H': -7.579928398132324, 'I': -8.329928398132324, 'C': -8.579928398132324, 'G': -10.329928398132324}"
zviCQXNM4xWoYTmoY,28,2,A,1.0,[],[],"[{""role"":""describer"",""text"":""lifting foot up in front, holding cloth"",""message_number"":1}]",yoked,"{'A': -1.313502311706543, 'B': -0.31350231170654297, 'D': -8.813502311706543, 'C': -9.313502311706543, 'E': -13.313502311706543, 'K': -19.81350326538086, 'F': -21.31350326538086, 'G': -24.81350326538086, 'H': -26.06350326538086, 'I': -27.06350326538086, 'J': -28.81350326538086, 'L': -29.31350326538086}"
zviCQXNM4xWoYTmoY,29,2,I,1.0,[],[],"[{""role"":""describer"",""text"":""ice skater"",""message_number"":1}]",yoked,"{'A': -6.246371776796877e-05, 'B': -10.000061988830566, 'C': -11.500061988830566, 'E': -12.000061988830566, 'D': -14.000061988830566, 'K': -21.750062942504883, 'I': -26.500062942504883, 'L': -26.500062942504883, 'J': -28.250062942504883, 'F': -28.500062942504883, 'G': -29.250062942504883, 'H': -31.500062942504883}"
zviCQXNM4xWoYTmoY,30,2,E,1.0,[],[],"[{""role"":""describer"",""text"":""bunny one with two triangles at the top"",""message_number"":1}]",yoked,"{'A': 0.0, 'E': -17.5, 'K': -17.75, 'B': -21.5, 'C': -22.0, 'I': -27.5, 'D': -27.75, 'L': -28.25, 'J': -29.0, 'G': -31.5, 'H': -33.5, 'F': -36.75}"
zviCQXNM4xWoYTmoY,31,2,H,1.0,[],[],"[{""role"":""describer"",""text"":""the one that isn't the candle one one big shape and diamond at the top, triangle bottom right"",""message_number"":1}]",yoked,"{'D': -0.05069032311439514, 'F': -4.050690174102783, 'E': -4.550690174102783, 'A': -5.050690174102783, 'K': -5.050690174102783, 'B': -5.550690174102783, 'C': -6.050690174102783, 'G': -6.050690174102783, 'L': -10.300690650939941, 'H': -11.050690650939941, 'J': -15.550690650939941, 'I': -20.550689697265625}"
zviCQXNM4xWoYTmoY,32,2,B,1.0,[],[],"[{""role"":""describer"",""text"":""dog diamond and triangle at the top"",""message_number"":1}]",yoked,"{'D': -0.08912179619073868, 'A': -2.5891218185424805, 'B': -4.5891218185424805, 'E': -11.58912181854248, 'F': -12.08912181854248, 'K': -13.08912181854248, 'C': -14.58912181854248, 'L': -14.83912181854248, 'H': -14.83912181854248, 'G': -17.839120864868164, 'J': -19.089120864868164, 'I': -22.589120864868164}"
zviCQXNM4xWoYTmoY,33,2,F,1.0,[],[],"[{""role"":""describer"",""text"":""person sitting facing left with legs out bent in front of them"",""message_number"":1},{""role"":""matcher"",""text"":""I'm not seeing the dog but I keep getting it right!"",""message_number"":2}]",yoked,"{'B': -8.344646857949556e-07, 'F': -14.500000953674316, 'E': -15.000000953674316, 'A': -18.0, 'D': -22.0, 'C': -24.25, 'K': -31.25, 'H': -32.25, 'G': -33.5, 'I': -35.5, 'L': -36.5, 'J': -39.0}"
zviCQXNM4xWoYTmoY,34,2,L,1.0,[],[],"[{""role"":""describer"",""text"":""bending knees and holding hands out, facing right"",""message_number"":1}]",yoked,"{'C': -1.4643722772598267, 'B': -0.4643722474575043, 'A': -1.9643722772598267, 'E': -12.964372634887695, 'D': -13.714372634887695, 'F': -21.464372634887695, 'G': -21.714372634887695, 'K': -24.214372634887695, 'I': -26.964372634887695, 'J': -27.964372634887695, 'H': -28.964372634887695, 'L': -31.964372634887695}"
zviCQXNM4xWoYTmoY,35,2,J,1.0,[],[],"[{""role"":""describer"",""text"":""candle"",""message_number"":1}]",yoked,"{'D': -3.576278118089249e-07, 'A': -15.0, 'J': -19.0, 'H': -19.5, 'F': -20.75, 'B': -21.0, 'L': -21.75, 'K': -22.5, 'C': -23.25, 'E': -25.75, 'I': -26.25, 'G': -27.0}"
zviCQXNM4xWoYTmoY,36,3,I,1.0,[],[],"[{""role"":""describer"",""text"":""ice skater"",""message_number"":1}]",yoked,"{'A': -7.354942499659956e-05, 'B': -10.000073432922363, 'C': -11.000073432922363, 'E': -11.500073432922363, 'D': -13.500073432922363, 'K': -21.50007438659668, 'I': -26.25007438659668, 'L': -26.25007438659668, 'F': -28.00007438659668, 'J': -28.00007438659668, 'G': -29.00007438659668, 'H': -31.00007438659668}"
zviCQXNM4xWoYTmoY,37,3,B,1.0,[],[],"[{""role"":""describer"",""text"":""dog"",""message_number"":1}]",yoked,"{'A': -4.5536911784438416e-05, 'B': -10.000045776367188, 'D': -15.500045776367188, 'E': -21.000045776367188, 'F': -23.500045776367188, 'C': -26.750045776367188, 'H': -29.000045776367188, 'K': -30.000045776367188, 'G': -30.250045776367188, 'L': -32.25004577636719, 'I': -33.00004577636719, 'J': -36.00004577636719}"
zviCQXNM4xWoYTmoY,38,3,L,1.0,[],[],"[{""role"":""describer"",""text"":""bending knees hands out again"",""message_number"":1}]",yoked,"{'A': -0.14023812115192413, 'C': -2.140238046646118, 'B': -4.640238285064697, 'E': -5.640238285064697, 'D': -11.140237808227539, 'G': -19.89023780822754, 'K': -21.14023780822754, 'F': -21.39023780822754, 'J': -21.39023780822754, 'I': -23.64023780822754, 'L': -26.64023780822754, 'H': -27.14023780822754}"
zviCQXNM4xWoYTmoY,39,3,C,1.0,[],[],"[{""role"":""describer"",""text"":""leaning back arms up"",""message_number"":1}]",yoked,"{'C': -0.0009161804337054491, 'E': -7.000916004180908, 'B': -12.250916481018066, 'A': -17.75091552734375, 'F': -20.50091552734375, 'G': -21.50091552734375, 'D': -23.00091552734375, 'K': -23.25091552734375, 'H': -26.00091552734375, 'J': -26.50091552734375, 'I': -27.25091552734375, 'L': -30.00091552734375}"
zviCQXNM4xWoYTmoY,40,3,K,1.0,[],[],"[{""role"":""describer"",""text"":""kneeling on floor, feet sticking up behind, facing right, arms out in front"",""message_number"":1}]",yoked,"{'B': -2.3841855067985307e-07, 'A': -15.25, 'D': -17.0, 'E': -20.0, 'F': -20.25, 'C': -22.75, 'K': -31.0, 'I': -34.25, 'H': -35.25, 'G': -35.5, 'J': -35.75, 'L': -36.0}"
zviCQXNM4xWoYTmoY,41,3,F,1.0,[],[],"[{""role"":""describer"",""text"":""legs out bent in front facing left"",""message_number"":1}]",yoked,"{'B': -0.01776122860610485, 'A': -4.51776123046875, 'D': -5.01776123046875, 'E': -10.01776123046875, 'C': -10.51776123046875, 'F': -18.01776123046875, 'G': -21.51776123046875, 'K': -23.26776123046875, 'H': -24.76776123046875, 'L': -28.51776123046875, 'J': -29.51776123046875, 'I': -30.76776123046875}"
zviCQXNM4xWoYTmoY,42,3,G,1.0,[],[],"[{""role"":""describer"",""text"":""weird shapes one with small triangle bottom right and flat base"",""message_number"":1}]",yoked,"{'L': -3.683499380713329e-05, 'K': -10.25003719329834, 'J': -13.50003719329834, 'G': -16.500036239624023, 'H': -18.250036239624023, 'D': -19.250036239624023, 'I': -21.250036239624023, 'F': -21.500036239624023, 'E': -22.000036239624023, 'C': -23.250036239624023, 'B': -25.000036239624023, 'A': -27.500036239624023}"
zviCQXNM4xWoYTmoY,43,3,D,1.0,[],[],"[{""role"":""describer"",""text"":""priest"",""message_number"":1}]",yoked,"{'E': -0.10274198651313782, 'A': -3.3527419567108154, 'J': -3.3527419567108154, 'L': -4.6027421951293945, 'K': -4.8527421951293945, 'D': -5.3527421951293945, 'B': -5.8527421951293945, 'F': -7.1027421951293945, 'H': -7.1027421951293945, 'I': -8.102742195129395, 'C': -8.352742195129395, 'G': -10.102742195129395}"
zviCQXNM4xWoYTmoY,44,3,J,1.0,[],[],"[{""role"":""describer"",""text"":""candle"",""message_number"":1}]",yoked,"{'D': -3.576278118089249e-07, 'A': -15.0, 'J': -19.0, 'H': -19.5, 'F': -20.75, 'B': -21.0, 'L': -21.75, 'K': -22.5, 'C': -23.25, 'E': -25.75, 'I': -26.25, 'G': -27.0}"
zviCQXNM4xWoYTmoY,45,3,A,1.0,[],[],"[{""role"":""describer"",""text"":""lifting foot up holding cloth"",""message_number"":1}]",yoked,"{'A': -4.60137271147687e-05, 'B': -10.000045776367188, 'D': -14.500045776367188, 'E': -16.000045776367188, 'C': -17.500045776367188, 'K': -24.750045776367188, 'F': -27.500045776367188, 'I': -28.500045776367188, 'J': -28.750045776367188, 'L': -29.250045776367188, 'H': -29.750045776367188, 'G': -30.750045776367188}"
zviCQXNM4xWoYTmoY,46,3,E,1.0,[],[],"[{""role"":""describer"",""text"":""bunny"",""message_number"":1}]",yoked,"{'A': -2.753696753643453e-05, 'E': -10.500027656555176, 'B': -16.75002670288086, 'K': -22.00002670288086, 'D': -23.00002670288086, 'C': -24.00002670288086, 'F': -25.25002670288086, 'L': -25.50002670288086, 'H': -28.00002670288086, 'G': -28.50002670288086, 'I': -30.75002670288086, 'J': -31.25002670288086}"
zviCQXNM4xWoYTmoY,47,3,H,1.0,[],[],"[{""role"":""describer"",""text"":""not the candle"",""message_number"":1}]",yoked,"{'D': -0.4761120080947876, 'B': -1.4761120080947876, 'A': -1.9761120080947876, 'C': -4.976111888885498, 'E': -6.476111888885498, 'K': -6.476111888885498, 'J': -7.726111888885498, 'F': -8.476112365722656, 'G': -9.226112365722656, 'H': -11.726112365722656, 'I': -13.226112365722656, 'L': -13.476112365722656}"
zviCQXNM4xWoYTmoY,48,4,C,1.0,[],[],"[{""role"":""describer"",""text"":""leaning back arms up"",""message_number"":1}]",yoked,"{'C': -0.0009161804337054491, 'E': -7.000916004180908, 'B': -12.250916481018066, 'A': -17.75091552734375, 'F': -20.50091552734375, 'G': -21.50091552734375, 'D': -23.00091552734375, 'K': -23.25091552734375, 'H': -26.00091552734375, 'J': -26.50091552734375, 'I': -27.25091552734375, 'L': -30.00091552734375}"
zviCQXNM4xWoYTmoY,49,4,B,1.0,[],[],"[{""role"":""describer"",""text"":""dog"",""message_number"":1}]",yoked,"{'A': -2.777537883957848e-05, 'B': -10.500027656555176, 'D': -15.500027656555176, 'E': -21.000028610229492, 'F': -23.500028610229492, 'C': -26.750028610229492, 'H': -28.750028610229492, 'G': -30.250028610229492, 'K': -30.250028610229492, 'L': -32.50002670288086, 'I': -32.75002670288086, 'J': -36.25002670288086}"
zviCQXNM4xWoYTmoY,50,4,E,1.0,[],[],"[{""role"":""describer"",""text"":""bunny"",""message_number"":1}]",yoked,"{'A': -4.5536911784438416e-05, 'E': -10.000045776367188, 'B': -16.250045776367188, 'K': -21.250045776367188, 'D': -22.500045776367188, 'C': -23.500045776367188, 'L': -25.000045776367188, 'F': -25.000045776367188, 'H': -27.250045776367188, 'G': -27.750045776367188, 'I': -30.000045776367188, 'J': -30.500045776367188}"
zviCQXNM4xWoYTmoY,51,4,F,1.0,[],[],"[{""role"":""describer"",""text"":""legs out bent in front"",""message_number"":1},{""role"":""describer"",""text"":""sitting"",""message_number"":2}]",yoked,"{'B': -3.576272320060525e-06, 'E': -13.250003814697266, 'F': -13.250003814697266, 'A': -17.750003814697266, 'D': -20.000003814697266, 'C': -23.750003814697266, 'K': -26.250003814697266, 'H': -27.250003814697266, 'G': -29.500003814697266, 'L': -32.500003814697266, 'I': -34.750003814697266, 'J': -35.250003814697266}"
zviCQXNM4xWoYTmoY,52,4,I,1.0,[],[],"[{""role"":""describer"",""text"":""ice skater"",""message_number"":1}]",yoked,"{'A': -9.250213042832911e-05, 'B': -9.500092506408691, 'C': -11.500092506408691, 'E': -12.000092506408691, 'D': -13.500092506408691, 'K': -22.000091552734375, 'I': -26.500091552734375, 'L': -26.500091552734375, 'F': -28.250091552734375, 'J': -28.500091552734375, 'G': -29.500091552734375, 'H': -31.500091552734375}"
zviCQXNM4xWoYTmoY,53,4,G,1.0,[],[],"[{""role"":""describer"",""text"":""weird shapes one"",""message_number"":1}]",yoked,"{'A': -0.14750617742538452, 'C': -3.1475062370300293, 'E': -3.1475062370300293, 'B': -3.1475062370300293, 'D': -5.147506237030029, 'K': -6.647506237030029, 'G': -7.647506237030029, 'F': -8.647505760192871, 'I': -13.147505760192871, 'L': -13.647505760192871, 'H': -13.647505760192871, 'J': -13.647505760192871}"
zviCQXNM4xWoYTmoY,54,4,A,1.0,[],[],"[{""role"":""describer"",""text"":""lifting foot up holding cloth"",""message_number"":1}]",yoked,"{'A': -4.60137271147687e-05, 'B': -10.000045776367188, 'D': -14.500045776367188, 'E': -16.000045776367188, 'C': -17.500045776367188, 'K': -25.000045776367188, 'F': -27.500045776367188, 'I': -28.750045776367188, 'J': -29.000045776367188, 'L': -29.750045776367188, 'H': -30.000045776367188, 'G': -30.750045776367188}"
zviCQXNM4xWoYTmoY,55,4,H,1.0,[],[],"[{""role"":""describer"",""text"":""not the candle"",""message_number"":1}]",yoked,"{'D': -0.4825887084007263, 'B': -1.482588768005371, 'A': -1.982588768005371, 'C': -4.482588768005371, 'K': -5.982588768005371, 'E': -6.232588768005371, 'J': -7.232588768005371, 'F': -8.482588768005371, 'G': -8.982588768005371, 'H': -11.482588768005371, 'I': -12.732588768005371, 'L': -12.732588768005371}"
zviCQXNM4xWoYTmoY,56,4,L,1.0,[],[],"[{""role"":""describer"",""text"":""bending knees arms out"",""message_number"":1}]",yoked,"{'A': -0.0797421783208847, 'C': -2.579742193222046, 'B': -7.079741954803467, 'E': -11.579742431640625, 'D': -14.079742431640625, 'K': -22.829742431640625, 'J': -23.329742431640625, 'G': -24.079742431640625, 'F': -26.579742431640625, 'I': -27.079742431640625, 'H': -28.579742431640625, 'L': -29.829742431640625}"
zviCQXNM4xWoYTmoY,57,4,D,1.0,[],[],"[{""role"":""describer"",""text"":""priest"",""message_number"":1}]",yoked,"{'E': -0.10274198651313782, 'A': -3.3527419567108154, 'J': -3.3527419567108154, 'L': -4.6027421951293945, 'K': -4.8527421951293945, 'D': -5.3527421951293945, 'B': -5.8527421951293945, 'F': -7.1027421951293945, 'H': -7.1027421951293945, 'I': -8.102742195129395, 'C': -8.352742195129395, 'G': -10.102742195129395}"
zviCQXNM4xWoYTmoY,58,4,K,1.0,[],[],"[{""role"":""describer"",""text"":""kneeling on floor, feet sticking up behind arms out"",""message_number"":1}]",yoked,"{'B': -6.6756979322235566e-06, 'A': -12.000006675720215, 'D': -14.500006675720215, 'E': -19.5000057220459, 'F': -22.5000057220459, 'C': -24.5000057220459, 'K': -31.0000057220459, 'I': -35.25000762939453, 'L': -36.00000762939453, 'H': -36.00000762939453, 'J': -37.75000762939453, 'G': -39.50000762939453}"
zviCQXNM4xWoYTmoY,59,4,J,1.0,[],[],"[{""role"":""describer"",""text"":""candle"",""message_number"":1}]",yoked,"{'D': -3.576278118089249e-07, 'A': -15.0, 'J': -19.0, 'H': -19.5, 'F': -20.75, 'B': -21.0, 'L': -21.75, 'K': -22.5, 'C': -23.25, 'E': -25.75, 'I': -26.25, 'G': -27.0}"
zviCQXNM4xWoYTmoY,60,5,K,1.0,[],[],"[{""role"":""describer"",""text"":""kneeling on floor feet sticking up behind"",""message_number"":1}]",yoked,"{'B': -0.00012706902634818107, 'D': -9.000126838684082, 'A': -12.500126838684082, 'F': -17.0001277923584, 'E': -21.2501277923584, 'C': -23.2501277923584, 'H': -29.0001277923584, 'K': -31.2501277923584, 'G': -33.500125885009766, 'I': -34.750125885009766, 'L': -35.250125885009766, 'J': -35.750125885009766}"
zviCQXNM4xWoYTmoY,61,5,A,1.0,[],[],"[{""role"":""describer"",""text"":""lifting foot up holding cloth"",""message_number"":1}]",yoked,"{'A': -4.60137271147687e-05, 'B': -10.000045776367188, 'D': -14.500045776367188, 'E': -16.000045776367188, 'C': -17.500045776367188, 'K': -24.750045776367188, 'F': -27.500045776367188, 'I': -28.500045776367188, 'J': -28.750045776367188, 'L': -29.250045776367188, 'H': -29.750045776367188, 'G': -30.750045776367188}"
zviCQXNM4xWoYTmoY,62,5,D,1.0,[],[],"[{""role"":""describer"",""text"":""priest"",""message_number"":1}]",yoked,"{'E': -0.10274198651313782, 'A': -3.3527419567108154, 'J': -3.3527419567108154, 'L': -4.6027421951293945, 'K': -4.8527421951293945, 'D': -5.3527421951293945, 'B': -5.8527421951293945, 'F': -7.1027421951293945, 'H': -7.1027421951293945, 'I': -8.102742195129395, 'C': -8.352742195129395, 'G': -10.102742195129395}"
zviCQXNM4xWoYTmoY,63,5,F,1.0,[],[],"[{""role"":""describer"",""text"":""sitting with legs bent out in front"",""message_number"":1}]",yoked,"{'B': -0.006716177798807621, 'F': -5.006716251373291, 'E': -14.006715774536133, 'D': -16.756715774536133, 'A': -17.756715774536133, 'C': -24.256715774536133, 'H': -29.006715774536133, 'K': -30.256715774536133, 'J': -31.256715774536133, 'G': -32.006717681884766, 'I': -32.256717681884766, 'L': -34.006717681884766}"
zviCQXNM4xWoYTmoY,64,5,B,1.0,[],[],"[{""role"":""describer"",""text"":""dog"",""message_number"":1}]",yoked,"{'A': -4.5536911784438416e-05, 'B': -10.000045776367188, 'D': -15.500045776367188, 'E': -21.000045776367188, 'F': -23.500045776367188, 'C': -26.750045776367188, 'H': -29.000045776367188, 'K': -30.000045776367188, 'G': -30.250045776367188, 'L': -32.25004577636719, 'I': -33.00004577636719, 'J': -36.00004577636719}"
zviCQXNM4xWoYTmoY,65,5,G,1.0,[],[],"[{""role"":""describer"",""text"":""weird shapes one"",""message_number"":1}]",yoked,"{'C': -3.150888681411743, 'A': -0.15088877081871033, 'E': -2.900888681411743, 'B': -3.400888681411743, 'D': -5.150888919830322, 'K': -6.400888919830322, 'G': -7.150888919830322, 'F': -8.150888442993164, 'I': -12.900888442993164, 'L': -13.150888442993164, 'H': -13.150888442993164, 'J': -13.150888442993164}"
zviCQXNM4xWoYTmoY,66,5,H,1.0,[],[],"[{""role"":""describer"",""text"":""not the candle"",""message_number"":1}]",yoked,"{'B': -1.4761120080947876, 'D': -0.4761120080947876, 'A': -1.9761120080947876, 'C': -4.976111888885498, 'E': -6.476111888885498, 'K': -6.476111888885498, 'J': -7.726111888885498, 'F': -8.476112365722656, 'G': -9.226112365722656, 'H': -11.726112365722656, 'I': -13.226112365722656, 'L': -13.476112365722656}"
zviCQXNM4xWoYTmoY,67,5,J,1.0,[],[],"[{""role"":""describer"",""text"":""candle"",""message_number"":1}]",yoked,"{'D': -3.576278118089249e-07, 'A': -15.0, 'J': -19.0, 'H': -19.5, 'F': -20.75, 'B': -21.0, 'L': -21.75, 'K': -22.5, 'C': -23.25, 'E': -25.75, 'I': -26.25, 'G': -27.0}"
zviCQXNM4xWoYTmoY,68,5,E,1.0,[],[],"[{""role"":""describer"",""text"":""bunny"",""message_number"":1}]",yoked,"{'A': -2.753696753643453e-05, 'E': -10.500027656555176, 'B': -16.75002670288086, 'K': -22.00002670288086, 'D': -23.00002670288086, 'C': -24.00002670288086, 'F': -25.25002670288086, 'L': -25.50002670288086, 'H': -28.00002670288086, 'G': -28.50002670288086, 'I': -30.75002670288086, 'J': -31.25002670288086}"
zviCQXNM4xWoYTmoY,69,5,I,1.0,[],[],"[{""role"":""describer"",""text"":""ice skater"",""message_number"":1}]",yoked,"{'A': -7.354942499659956e-05, 'B': -10.000073432922363, 'C': -11.000073432922363, 'E': -11.500073432922363, 'D': -13.500073432922363, 'K': -21.50007438659668, 'I': -26.25007438659668, 'L': -26.25007438659668, 'F': -28.00007438659668, 'J': -28.00007438659668, 'G': -29.00007438659668, 'H': -31.00007438659668}"
zviCQXNM4xWoYTmoY,70,5,L,0.8,[],[],"[{""role"":""describer"",""text"":""bending knees"",""message_number"":1}]",yoked,"{'B': -0.014042265713214874, 'E': -4.514042377471924, 'A': -6.014042377471924, 'D': -7.514042377471924, 'F': -15.014041900634766, 'C': -16.014041900634766, 'K': -21.514041900634766, 'J': -23.014041900634766, 'H': -24.514041900634766, 'I': -26.014041900634766, 'L': -26.764041900634766, 'G': -26.764041900634766}"
zviCQXNM4xWoYTmoY,71,5,C,1.0,[],[],"[{""role"":""describer"",""text"":""leaning back arms up"",""message_number"":1}]",yoked,"{'C': -0.0009161804337054491, 'E': -7.000916004180908, 'B': -12.250916481018066, 'A': -17.75091552734375, 'F': -20.50091552734375, 'G': -21.50091552734375, 'D': -23.00091552734375, 'K': -23.25091552734375, 'H': -26.00091552734375, 'J': -26.50091552734375, 'I': -27.25091552734375, 'L': -30.00091552734375}"
MEJ8y7jRW4947MPrH,0,0,K,0.2,[],[],"[{""role"":""describer"",""text"":""Person on knees with hands outstretched facing right"",""message_number"":1},{""role"":""matcher"",""text"":""There are two that look similar but I think I got it"",""message_number"":2}]",yoked,"{'B': -6.794906312279636e-06, 'C': -12.000006675720215, 'E': -15.500006675720215, 'F': -15.500006675720215, 'A': -16.50000762939453, 'D': -22.50000762939453, 'G': -29.00000762939453, 'K': -29.00000762939453, 'H': -32.00000762939453, 'I': -35.50000762939453, 'J': -38.25000762939453, 'L': -39.50000762939453}"
MEJ8y7jRW4947MPrH,1,0,A,1.0,[],[],"[{""role"":""describer"",""text"":""Person facing left in process of walking (taking step)"",""message_number"":1},{""role"":""matcher"",""text"":""What direction is their head facing"",""message_number"":2},{""role"":""matcher"",""text"":""is it at an angle or straight"",""message_number"":3},{""role"":""matcher"",""text"":""is one of his legs really far back"",""message_number"":4},{""role"":""matcher"",""text"":""stepping left right"",""message_number"":5},{""role"":""describer"",""text"":""head' towards back"",""message_number"":6},{""role"":""matcher"",""text"":""are they about to fall to their left"",""message_number"":7},{""role"":""matcher"",""text"":""I right leg up in air"",""message_number"":8},{""role"":""describer"",""text"":""stepping left"",""message_number"":9},{""role"":""describer"",""text"":""right leg in air"",""message_number"":10}]",yoked,"{'A': -2.1269280910491943, 'B': -0.12692804634571075, 'C': -18.126928329467773, 'D': -19.626928329467773, 'E': -21.626928329467773, 'F': -22.626928329467773, 'G': -28.626928329467773, 'K': -29.126928329467773, 'L': -32.62692642211914, 'I': -34.62692642211914, 'J': -35.12692642211914, 'H': -36.37692642211914}"
MEJ8y7jRW4947MPrH,2,0,L,0.2,[],[],"[{""role"":""describer"",""text"":""person bending down (but not completely on ground) with hands outstretched in sharp triangle shape"",""message_number"":1},{""role"":""describer"",""text"":""facing right"",""message_number"":2},{""role"":""matcher"",""text"":""diamond head- flat back (on the left)"",""message_number"":3},{""role"":""matcher"",""text"":""back leg up in air"",""message_number"":4},{""role"":""matcher"",""text"":""does it look like one of their knees is on the ground but the other one isnt"",""message_number"":5},{""role"":""matcher"",""text"":""does he have a triangle foot at the bottom left"",""message_number"":6},{""role"":""describer"",""text"":""legs together facing left"",""message_number"":7},{""role"":""matcher"",""text"":""like sitting down"",""message_number"":8},{""role"":""matcher"",""text"":""head looking to the ground"",""message_number"":9},{""role"":""describer"",""text"":""not sitting down"",""message_number"":10},{""role"":""describer"",""text"":""head slightly tilted (diamond shape)"",""message_number"":11}]",yoked,"{'B': -0.006716769654303789, 'A': -5.006716728210449, 'C': -13.50671672821045, 'E': -18.256717681884766, 'D': -18.506717681884766, 'F': -20.006717681884766, 'K': -20.006717681884766, 'G': -28.256717681884766, 'J': -30.256717681884766, 'H': -31.006717681884766, 'I': -33.006717681884766, 'L': -33.006717681884766}"
MEJ8y7jRW4947MPrH,3,0,H,1.0,[],[],"[{""role"":""matcher"",""text"":""how many components on the shape"",""message_number"":1},{""role"":""describer"",""text"":""least resembling human - closest to arrow pointing upwards"",""message_number"":2},{""role"":""matcher"",""text"":""how many components on the shape - good question"",""message_number"":3},{""role"":""matcher"",""text"":""is it the one that looks like a block with triangles on top for a head"",""message_number"":4},{""role"":""describer"",""text"":""lowest component slightly tilting to right, middle in shape of arrow pointing upwards, top diamond as head"",""message_number"":5}]",yoked,"{'D': -0.24713215231895447, 'K': -2.2471320629119873, 'J': -2.7471320629119873, 'L': -3.2471320629119873, 'A': -4.747132301330566, 'C': -7.247132301330566, 'B': -7.747132301330566, 'F': -8.747132301330566, 'H': -8.747132301330566, 'E': -9.747132301330566, 'G': -9.747132301330566, 'I': -11.747132301330566}"
MEJ8y7jRW4947MPrH,4,0,D,0.6,[],[],"[{""role"":""describer"",""text"":""lower component similar to long arrow pointing upwards with additional part sticking out to left, diamond for head"",""message_number"":1},{""role"":""describer"",""text"":""facing left"",""message_number"":2},{""role"":""matcher"",""text"":""does it look like he's pointing to the left"",""message_number"":3},{""role"":""matcher"",""text"":""his left or our right"",""message_number"":4},{""role"":""describer"",""text"":""kind of pointing looks like holding open book to me"",""message_number"":5},{""role"":""matcher"",""text"":""like they're cheering"",""message_number"":6},{""role"":""matcher"",""text"":""no def not cheering"",""message_number"":7},{""role"":""describer"",""text"":""definitely not cheering"",""message_number"":8}]",yoked,"{'B': -0.001190311275422573, 'A': -7.001190185546875, 'E': -8.501190185546875, 'F': -9.501190185546875, 'C': -14.001190185546875, 'D': -16.751190185546875, 'K': -17.001190185546875, 'J': -21.501190185546875, 'G': -22.751190185546875, 'I': -27.501190185546875, 'H': -27.751190185546875, 'L': -29.751190185546875}"
MEJ8y7jRW4947MPrH,5,0,G,0.8,[],[],"[{""role"":""matcher"",""text"":""one arm or two to the left or right"",""message_number"":1},{""role"":""matcher"",""text"":""no arms"",""message_number"":2},{""role"":""describer"",""text"":""middle component in something of a rough l-shape pointed left with two arms pointed to right"",""message_number"":3},{""role"":""describer"",""text"":""head facing left"",""message_number"":4},{""role"":""describer"",""text"":""backwards l-shape"",""message_number"":5},{""role"":""matcher"",""text"":""does it look like the head is hanging backwards"",""message_number"":6},{""role"":""describer"",""text"":""head pointing forwards, hands arms backwards"",""message_number"":7},{""role"":""matcher"",""text"":""forwards is pointing to the right"",""message_number"":8},{""role"":""matcher"",""text"":""kneeling"",""message_number"":9},{""role"":""matcher"",""text"":""standing"",""message_number"":10},{""role"":""describer"",""text"":""closer to sitting"",""message_number"":11},{""role"":""describer"",""text"":""head focused left"",""message_number"":12}]",yoked,"{'D': -0.6932951211929321, 'B': -0.6932951211929321, 'A': -9.1932954788208, 'C': -10.1932954788208, 'F': -11.6932954788208, 'E': -14.6932954788208, 'K': -15.6932954788208, 'H': -18.943294525146484, 'L': -19.943294525146484, 'G': -20.193294525146484, 'I': -29.193294525146484, 'J': -29.193294525146484}"
MEJ8y7jRW4947MPrH,6,0,I,1.0,[],[],"[{""role"":""describer"",""text"":""odd shape - almost like kicking out leg to the right"",""message_number"":1},{""role"":""matcher"",""text"":""like a karate kick"",""message_number"":2},{""role"":""describer"",""text"":""standing on one leg, kicking other out to right"",""message_number"":3},{""role"":""matcher"",""text"":""standing on one leg"",""message_number"":4},{""role"":""describer"",""text"":""100% karate kick"",""message_number"":5},{""role"":""matcher"",""text"":""diamond head hanging on the left"",""message_number"":6},{""role"":""describer"",""text"":""diamond head on left"",""message_number"":7},{""role"":""matcher"",""text"":""ARMS POINTED TO LEFT"",""message_number"":8},{""role"":""matcher"",""text"":""oh- hands on the left"",""message_number"":9},{""role"":""matcher"",""text"":""didn't mean the capital letters"",""message_number"":10},{""role"":""describer"",""text"":""arms on left"",""message_number"":11},{""role"":""matcher"",""text"":""looks like a backwards kick"",""message_number"":12},{""role"":""matcher"",""text"":""like he's kicking behind himself"",""message_number"":13}]",yoked,"{'A': -3.6954811548639555e-06, 'B': -12.500003814697266, 'D': -20.500003814697266, 'C': -21.500003814697266, 'K': -32.000003814697266, 'E': -37.750003814697266, 'J': -39.250003814697266, 'I': -41.250003814697266, 'F': -42.000003814697266, 'G': -42.500003814697266, 'H': -42.750003814697266, 'L': -44.250003814697266}"
MEJ8y7jRW4947MPrH,7,0,B,0.6,[],[],"[{""role"":""describer"",""text"":""down on knees pointing right, sharp triangle arms with diamond head"",""message_number"":1},{""role"":""matcher"",""text"":""is his leg pointing up or to the ground"",""message_number"":2},{""role"":""matcher"",""text"":""his arms are right angled triangles"",""message_number"":3},{""role"":""matcher"",""text"":""blocky body or no"",""message_number"":4},{""role"":""matcher"",""text"":""like really obvious right angle triangle arms"",""message_number"":5},{""role"":""describer"",""text"":""not so much blocky body"",""message_number"":6},{""role"":""matcher"",""text"":""are his legs flicked up to the ceiling or in line with the ground"",""message_number"":7},{""role"":""matcher"",""text"":""\""Feet\"" are a triangle on bottom left"",""message_number"":8},{""role"":""describer"",""text"":""legs behind body in line with ground"",""message_number"":9},{""role"":""describer"",""text"":""*feet"",""message_number"":10}]",yoked,"{'B': -0.47407788038253784, 'A': -0.9740778803825378, 'D': -13.974078178405762, 'E': -20.724077224731445, 'F': -20.724077224731445, 'C': -22.974077224731445, 'K': -26.224077224731445, 'L': -30.224077224731445, 'H': -30.224077224731445, 'G': -31.724077224731445, 'J': -32.72407913208008, 'I': -35.97407913208008}"
MEJ8y7jRW4947MPrH,8,0,F,1.0,[],[],"[{""role"":""describer"",""text"":""sitting facing left, legs jutting out from body (knees somewhat up), diamond head looking left"",""message_number"":1},{""role"":""matcher"",""text"":""does it look like he's sitting down like he would be leaning against a wall"",""message_number"":2},{""role"":""matcher"",""text"":""head facing slightly down to the left"",""message_number"":3},{""role"":""matcher"",""text"":""no sign of arms"",""message_number"":4},{""role"":""describer"",""text"":""no arms"",""message_number"":5}]",yoked,"{'B': -2.3841855067985307e-07, 'A': -16.0, 'D': -16.0, 'F': -21.5, 'E': -25.0, 'C': -27.5, 'H': -35.5, 'K': -35.75, 'J': -38.25, 'L': -39.0, 'G': -39.25, 'I': -39.75}"
MEJ8y7jRW4947MPrH,9,0,E,1.0,[],[],"[{""role"":""describer"",""text"":""sitting facing right, rabbit ears jutting out from head"",""message_number"":1},{""role"":""matcher"",""text"":""add rabbit ears to the list"",""message_number"":2},{""role"":""matcher"",""text"":""and rabbit guy"",""message_number"":3},{""role"":""matcher"",""text"":""yea rabbit guy definitely"",""message_number"":4},{""role"":""matcher"",""text"":""looks like 2 triangles overlapping on the bottom"",""message_number"":5},{""role"":""describer"",""text"":""sharp straight angle for the 'back'"",""message_number"":6},{""role"":""matcher"",""text"":""and a little triangle for the legs sloping down to the right"",""message_number"":7},{""role"":""describer"",""text"":""two triangles overlapping on bottom"",""message_number"":8},{""role"":""describer"",""text"":""smaller triangle for legs on right"",""message_number"":9}]",yoked,"{'B': -6.198863957251888e-06, 'A': -12.500005722045898, 'F': -13.000005722045898, 'E': -15.500005722045898, 'D': -21.0000057220459, 'C': -24.0000057220459, 'G': -25.5000057220459, 'K': -26.0000057220459, 'H': -32.00000762939453, 'J': -33.25000762939453, 'L': -36.00000762939453, 'I': -38.25000762939453}"
MEJ8y7jRW4947MPrH,10,0,C,1.0,[],[],"[{""role"":""describer"",""text"":""celebratory person - arms extended, diamond head"",""message_number"":1},{""role"":""matcher"",""text"":""no legs"",""message_number"":2},{""role"":""matcher"",""text"":""leaning left"",""message_number"":3},{""role"":""matcher"",""text"":""leaning to left"",""message_number"":4},{""role"":""matcher"",""text"":""body laying left"",""message_number"":5},{""role"":""describer"",""text"":""no legs"",""message_number"":6},{""role"":""matcher"",""text"":""no legs"",""message_number"":7},{""role"":""describer"",""text"":""leaning left"",""message_number"":8}]",yoked,"{'B': -0.07971058785915375, 'D': -2.5797104835510254, 'A': -7.579710483551025, 'C': -8.079710960388184, 'E': -19.079710006713867, 'H': -21.579710006713867, 'K': -21.579710006713867, 'F': -21.829710006713867, 'G': -23.329710006713867, 'L': -25.829710006713867, 'J': -26.829710006713867, 'I': -33.3297119140625}"
MEJ8y7jRW4947MPrH,11,0,J,1.0,[],[],"[{""role"":""describer"",""text"":""blockiest' body with diamond head"",""message_number"":1},{""role"":""matcher"",""text"":""with hand pointing to the right"",""message_number"":2},{""role"":""matcher"",""text"":""does his body get wider as it goes up with a diamond head in center"",""message_number"":3},{""role"":""describer"",""text"":""body wider as it goes up"",""message_number"":4},{""role"":""matcher"",""text"":""pointing right feet arms"",""message_number"":5},{""role"":""matcher"",""text"":""small triangle top right of block"",""message_number"":6},{""role"":""describer"",""text"":""small triangle or 'point' jutting out of top right of body"",""message_number"":7}]",yoked,"{'B': -0.47572338581085205, 'D': -0.975723385810852, 'K': -6.9757232666015625, 'A': -7.9757232666015625, 'F': -7.9757232666015625, 'E': -11.475723266601562, 'G': -11.475723266601562, 'C': -12.975723266601562, 'J': -15.475723266601562, 'L': -16.475723266601562, 'H': -18.475723266601562, 'I': -25.725723266601562}"
MEJ8y7jRW4947MPrH,12,1,K,1.0,[],[],"[{""role"":""describer"",""text"":""kneeling down arms pointed to the right legs behind body facing left and flicking up to the ceiling"",""message_number"":1},{""role"":""matcher"",""text"":""like holding a serving tray to the right"",""message_number"":2},{""role"":""describer"",""text"":""diamond head"",""message_number"":3},{""role"":""matcher"",""text"":""bending knees or kneeling on them"",""message_number"":4},{""role"":""describer"",""text"":""kneeling on them and his feet behind him flicking up to the sky"",""message_number"":5},{""role"":""describer"",""text"":""his shoulders also look like the start of another diamond"",""message_number"":6}]",yoked,"{'B': -0.0009115354623645544, 'A': -7.000911712646484, 'E': -16.500911712646484, 'C': -17.500911712646484, 'D': -18.000911712646484, 'F': -21.500911712646484, 'K': -22.500911712646484, 'G': -27.250911712646484, 'H': -28.500911712646484, 'L': -31.500911712646484, 'J': -33.250911712646484, 'I': -34.750911712646484}"
MEJ8y7jRW4947MPrH,13,1,D,1.0,[],[],"[{""role"":""describer"",""text"":""man standing up perfectly straight back arms facing left either pointing left or holding something to his left"",""message_number"":1},{""role"":""matcher"",""text"":""feet to the left also"",""message_number"":2}]",yoked,"{'A': -0.03626956418156624, 'B': -3.5362696647644043, 'D': -5.036269664764404, 'C': -17.036270141601562, 'E': -19.036270141601562, 'F': -22.036270141601562, 'K': -25.536270141601562, 'H': -27.786270141601562, 'L': -29.036270141601562, 'G': -30.286270141601562, 'J': -31.786270141601562, 'I': -35.78627014160156}"
MEJ8y7jRW4947MPrH,14,1,J,1.0,[],[],"[{""role"":""describer"",""text"":""body gets wider as it goes up diamond head"",""message_number"":1},{""role"":""matcher"",""text"":""Last two reminded me of servers a woman and a man"",""message_number"":2},{""role"":""describer"",""text"":""any jutting parts are all to the right"",""message_number"":3},{""role"":""matcher"",""text"":""at the bottom right"",""message_number"":4},{""role"":""describer"",""text"":""yeah his left side is completely straight"",""message_number"":5},{""role"":""matcher"",""text"":""is it the one where there's a small triangle sticking out of the top of the right of their body"",""message_number"":6},{""role"":""describer"",""text"":""he gets wider as he goes up"",""message_number"":7}]",yoked,"{'J': -0.00671771727502346, 'K': -5.006717681884766, 'D': -13.006717681884766, 'A': -16.506717681884766, 'B': -18.006717681884766, 'L': -19.006717681884766, 'C': -21.006717681884766, 'I': -21.506717681884766, 'H': -25.756717681884766, 'F': -26.506717681884766, 'E': -27.256717681884766, 'G': -28.256717681884766}"
MEJ8y7jRW4947MPrH,15,1,A,0.8,[],[],"[{""role"":""describer"",""text"":""to me this one looks like how frankenstein's monster would walk"",""message_number"":1},{""role"":""describer"",""text"":""one leg in the air, the other flat arms up in the air and pointing sharply down"",""message_number"":2},{""role"":""matcher"",""text"":""diamond head left or right"",""message_number"":3},{""role"":""describer"",""text"":""diamond head is on the right hand side and kinda falling back"",""message_number"":4},{""role"":""matcher"",""text"":""their head is pointed back to the right"",""message_number"":5},{""role"":""matcher"",""text"":""one leg straight one leg bent"",""message_number"":6},{""role"":""matcher"",""text"":""zombie esque arms"",""message_number"":7},{""role"":""describer"",""text"":""well one leg is in the air"",""message_number"":8},{""role"":""describer"",""text"":""yeah zombie arms"",""message_number"":9},{""role"":""describer"",""text"":""like michael Jackson's Thriller movie"",""message_number"":10}]",yoked,"{'B': -0.6965118050575256, 'A': -0.6965118050575256, 'C': -5.696511745452881, 'D': -13.696512222290039, 'E': -15.696512222290039, 'G': -16.69651222229004, 'F': -22.69651222229004, 'K': -23.19651222229004, 'H': -25.94651222229004, 'L': -34.196510314941406, 'I': -36.196510314941406, 'J': -38.946510314941406}"
MEJ8y7jRW4947MPrH,16,1,C,1.0,[],[],"[{""role"":""describer"",""text"":""celebration guy"",""message_number"":1},{""role"":""describer"",""text"":""no legs"",""message_number"":2},{""role"":""describer"",""text"":""body leaning diagonally left"",""message_number"":3}]",yoked,"{'D': -9.536738616588991e-07, 'A': -14.500000953674316, 'B': -14.500000953674316, 'K': -19.25, 'H': -19.5, 'C': -21.0, 'J': -23.25, 'L': -23.5, 'E': -23.75, 'F': -24.75, 'G': -26.25, 'I': -28.0}"
MEJ8y7jRW4947MPrH,17,1,L,0.8,[],[],"[{""role"":""describer"",""text"":""man kneeling down facing to the right arms also to the right"",""message_number"":1},{""role"":""describer"",""text"":""but feet legs are flat to the ground"",""message_number"":2},{""role"":""matcher"",""text"":""knees bent crouched over"",""message_number"":3},{""role"":""matcher"",""text"":""triangle arms hands"",""message_number"":4},{""role"":""describer"",""text"":""knees bent facing right"",""message_number"":5},{""role"":""matcher"",""text"":""holding out something in arms"",""message_number"":6},{""role"":""describer"",""text"":""he might be holding something or just pointing sharply"",""message_number"":7},{""role"":""matcher"",""text"":""feet pointing up on left"",""message_number"":8},{""role"":""describer"",""text"":""triangle arm with the flat surface facing the ceiling"",""message_number"":9},{""role"":""describer"",""text"":""no not pointing up"",""message_number"":10},{""role"":""describer"",""text"":""but it looks very close to that one"",""message_number"":11}]",yoked,"{'B': -0.00012063252506777644, 'C': -9.500120162963867, 'A': -10.000120162963867, 'D': -15.000120162963867, 'E': -17.000120162963867, 'K': -18.000120162963867, 'F': -23.000120162963867, 'J': -27.000120162963867, 'G': -29.750120162963867, 'H': -31.250120162963867, 'L': -32.2501220703125, 'I': -33.2501220703125}"
MEJ8y7jRW4947MPrH,18,1,G,1.0,[],[],"[{""role"":""describer"",""text"":""I think this one looks like a dancer"",""message_number"":1},{""role"":""matcher"",""text"":""2 arms to left"",""message_number"":2},{""role"":""describer"",""text"":""two triangles for arms but one arm is near the head and the other is almost touching the ground"",""message_number"":3},{""role"":""describer"",""text"":""body trailing really far back to the left"",""message_number"":4},{""role"":""matcher"",""text"":""arms out front on one leg one leg behind"",""message_number"":5},{""role"":""describer"",""text"":""looks like a backwards L"",""message_number"":6},{""role"":""describer"",""text"":""diamond head hanging to the left"",""message_number"":7},{""role"":""describer"",""text"":""i guess the bottom triangle is a leg actually"",""message_number"":8},{""role"":""matcher"",""text"":""i thought it was sleepwalking"",""message_number"":9},{""role"":""matcher"",""text"":""kinda looks like their legs are being dragged along the ground"",""message_number"":10},{""role"":""matcher"",""text"":""dragging legs on ground behind him on the left"",""message_number"":11},{""role"":""describer"",""text"":""yeah legs dragged kinda"",""message_number"":12}]",yoked,"{'C': -0.12728719413280487, 'A': -2.1272871494293213, 'B': -8.627286911010742, 'K': -8.627286911010742, 'E': -14.627286911010742, 'D': -15.127286911010742, 'L': -18.127286911010742, 'G': -23.127286911010742, 'J': -25.127286911010742, 'H': -25.627286911010742, 'I': -26.377286911010742, 'F': -30.877286911010742}"
MEJ8y7jRW4947MPrH,19,1,I,1.0,[],[],"[{""role"":""describer"",""text"":""karate kick guy"",""message_number"":1}]",yoked,"{'A': 0.0, 'B': -16.75, 'D': -20.25, 'E': -21.25, 'C': -22.75, 'K': -29.0, 'F': -29.75, 'G': -30.25, 'H': -30.75, 'I': -32.0, 'J': -33.0, 'L': -33.75}"
MEJ8y7jRW4947MPrH,20,1,E,1.0,[],[],"[{""role"":""describer"",""text"":""bunny ear guy"",""message_number"":1}]",yoked,"{'E': -0.018150195479393005, 'C': -4.018150329589844, 'A': -16.018150329589844, 'K': -16.518150329589844, 'G': -17.518150329589844, 'B': -18.018150329589844, 'F': -20.518150329589844, 'J': -23.018150329589844, 'D': -24.018150329589844, 'L': -25.518150329589844, 'I': -26.518150329589844, 'H': -26.768150329589844}"
MEJ8y7jRW4947MPrH,21,1,B,1.0,[],[],"[{""role"":""describer"",""text"":""kneeling down leg at the bottom left both arms spread out to each side of him"",""message_number"":1},{""role"":""describer"",""text"":""not really sure what it looks like he's doing"",""message_number"":2},{""role"":""matcher"",""text"":""triangle foot and head"",""message_number"":3},{""role"":""matcher"",""text"":""two triangle arms hands"",""message_number"":4},{""role"":""describer"",""text"":""he's actually the only one except the celebration guy who has arms at either side"",""message_number"":5},{""role"":""matcher"",""text"":""their right arm is almost detached from their body"",""message_number"":6},{""role"":""describer"",""text"":""yeah triangle arms"",""message_number"":7}]",yoked,"{'B': -0.006715704221278429, 'A': -5.006715774536133, 'D': -15.006715774536133, 'C': -17.506715774536133, 'E': -18.006715774536133, 'F': -18.006715774536133, 'G': -26.006715774536133, 'K': -26.006715774536133, 'H': -32.2567138671875, 'J': -32.7567138671875, 'L': -34.0067138671875, 'I': -36.5067138671875}"
MEJ8y7jRW4947MPrH,22,1,H,0.8,[],[],"[{""role"":""describer"",""text"":""this one looks like a block no arms and only one little triangle foot at the bottom right facing right"",""message_number"":1},{""role"":""describer"",""text"":""this person looks like someone has tied him up in a bag no arms only a little foot hanging to the bottom right"",""message_number"":2},{""role"":""matcher"",""text"":""block man"",""message_number"":3},{""role"":""matcher"",""text"":""bag boy"",""message_number"":4},{""role"":""describer"",""text"":""bag boy"",""message_number"":5},{""role"":""matcher"",""text"":""sackperson can be their name"",""message_number"":6},{""role"":""matcher"",""text"":""bag boy works"",""message_number"":7}]",yoked,"{'D': -1.1920928244535389e-07, 'B': -15.75, 'H': -19.25, 'F': -20.0, 'A': -20.75, 'C': -28.25, 'E': -28.5, 'K': -29.5, 'L': -29.75, 'G': -31.25, 'J': -33.25, 'I': -35.0}"
MEJ8y7jRW4947MPrH,23,1,F,1.0,[],[],"[{""role"":""describer"",""text"":""the last one was the \""gets wider as it goes up\"" guy"",""message_number"":1},{""role"":""describer"",""text"":""this one is wall leaning man"",""message_number"":2},{""role"":""describer"",""text"":""legs stretched to the left"",""message_number"":3},{""role"":""describer"",""text"":""knees up"",""message_number"":4},{""role"":""matcher"",""text"":""no arms triangle head"",""message_number"":5},{""role"":""matcher"",""text"":""head pointing slightly down"",""message_number"":6},{""role"":""matcher"",""text"":""looks sAD"",""message_number"":7},{""role"":""describer"",""text"":""yeah like he could be sleeping"",""message_number"":8}]",yoked,"{'B': -40.50000762939453, 'F': -12.000007629394531, 'D': -13.500007629394531, 'A': -18.50000762939453, 'E': -21.00000762939453, 'C': -22.25000762939453, 'H': -24.25000762939453, 'G': -25.25000762939453, 'K': -30.75000762939453, 'L': -36.50000762939453, 'I': -38.25000762939453, 'J': -43.25000762939453}"
MEJ8y7jRW4947MPrH,24,2,L,1.0,[],[],"[{""role"":""describer"",""text"":""diamond head arms left knees bent"",""message_number"":1},{""role"":""describer"",""text"":""arms right sorry"",""message_number"":2},{""role"":""matcher"",""text"":""are his legs facing the ceiling or flat"",""message_number"":3},{""role"":""matcher"",""text"":""feet up or no"",""message_number"":4},{""role"":""matcher"",""text"":""it looks like they're doing a squat while holding a tray"",""message_number"":5},{""role"":""describer"",""text"":""knees bent to right under knees"",""message_number"":6},{""role"":""matcher"",""text"":""*tray"",""message_number"":7},{""role"":""describer"",""text"":""yes squat with the tray guy"",""message_number"":8},{""role"":""matcher"",""text"":""squat guy"",""message_number"":9},{""role"":""matcher"",""text"":""squat is a good one"",""message_number"":10},{""role"":""matcher"",""text"":""squat guy"",""message_number"":11}]",yoked,"{'F': -0.07889095693826675, 'B': -2.5788910388946533, 'D': -14.328890800476074, 'A': -15.078890800476074, 'E': -15.078890800476074, 'C': -18.82889175415039, 'G': -18.82889175415039, 'K': -26.57889175415039, 'H': -28.57889175415039, 'L': -32.82889175415039, 'I': -33.07889175415039, 'J': -34.57889175415039}"
MEJ8y7jRW4947MPrH,25,2,A,1.0,[],[],"[{""role"":""describer"",""text"":""Frankenstein"",""message_number"":1}]",yoked,"{'A': -0.0005529781919904053, 'D': -7.500553131103516, 'B': -16.500553131103516, 'K': -20.250553131103516, 'L': -22.250553131103516, 'E': -23.250553131103516, 'H': -24.500553131103516, 'C': -24.750553131103516, 'I': -25.500553131103516, 'J': -28.000553131103516, 'G': -28.250553131103516, 'F': -30.250553131103516}"
MEJ8y7jRW4947MPrH,26,2,J,1.0,[],[],"[{""role"":""describer"",""text"":""block guy arm and leg to the right diamond head"",""message_number"":1},{""role"":""describer"",""text"":""left side straight line"",""message_number"":2},{""role"":""matcher"",""text"":""gets wider as it goes up"",""message_number"":3}]",yoked,"{'A': -3.099436753473128e-06, 'D': -13.00000286102295, 'B': -14.00000286102295, 'K': -22.750003814697266, 'C': -23.750003814697266, 'E': -27.250003814697266, 'J': -28.000003814697266, 'F': -30.000003814697266, 'L': -30.250003814697266, 'H': -32.000003814697266, 'G': -34.000003814697266, 'I': -36.250003814697266}"
MEJ8y7jRW4947MPrH,27,2,H,1.0,[],[],"[{""role"":""describer"",""text"":""guy in a bag"",""message_number"":1},{""role"":""describer"",""text"":""foot to the right"",""message_number"":2}]",yoked,"{'B': -40.002479553222656, 'A': -6.002478122711182, 'D': -13.002477645874023, 'C': -24.502477645874023, 'E': -30.502477645874023, 'F': -31.752477645874023, 'K': -34.002479553222656, 'H': -34.502479553222656, 'L': -37.252479553222656, 'I': -38.502479553222656, 'G': -38.502479553222656, 'J': -41.502479553222656}"
MEJ8y7jRW4947MPrH,28,2,C,1.0,[],[],"[{""role"":""describer"",""text"":""celebration guy"",""message_number"":1},{""role"":""describer"",""text"":""no legs"",""message_number"":2}]",yoked,"{'D': -1.3232143828645349e-05, 'H': -11.25001335144043, 'L': -16.00001335144043, 'A': -17.00001335144043, 'K': -17.00001335144043, 'J': -18.75001335144043, 'B': -22.00001335144043, 'I': -22.75001335144043, 'E': -22.75001335144043, 'F': -23.75001335144043, 'C': -24.00001335144043, 'G': -24.00001335144043}"
MEJ8y7jRW4947MPrH,29,2,F,1.0,[],[],"[{""role"":""describer"",""text"":""sleeping guy sitting to the left no arms knees up"",""message_number"":1},{""role"":""matcher"",""text"":""wall guy"",""message_number"":2},{""role"":""matcher"",""text"":""wall guy"",""message_number"":3}]",yoked,"{'B': -7.510157047363464e-06, 'A': -12.000007629394531, 'F': -14.000007629394531, 'E': -15.500007629394531, 'D': -15.500007629394531, 'C': -21.00000762939453, 'K': -27.25000762939453, 'G': -27.50000762939453, 'H': -27.75000762939453, 'L': -28.75000762939453, 'I': -32.50000762939453, 'J': -33.00000762939453}"
MEJ8y7jRW4947MPrH,30,2,G,0.8,[],[],"[{""role"":""describer"",""text"":""dancer arms up in air leg in air other leg dragging"",""message_number"":1},{""role"":""matcher"",""text"":""nice we'll call her the dancer"",""message_number"":2},{""role"":""describer"",""text"":""facing right"",""message_number"":3},{""role"":""matcher"",""text"":""is that the one where their right arm is almost detached from the body"",""message_number"":4},{""role"":""matcher"",""text"":""it looks like they have a long dragging leg"",""message_number"":5},{""role"":""describer"",""text"":""I think it looks a lot like a zombie too"",""message_number"":6},{""role"":""matcher"",""text"":""both legs"",""message_number"":7},{""role"":""matcher"",""text"":""to the left"",""message_number"":8},{""role"":""matcher"",""text"":""one arm pointing up one down"",""message_number"":9},{""role"":""describer"",""text"":""one foot stepping to the right"",""message_number"":10},{""role"":""describer"",""text"":""the other leg dragging"",""message_number"":11}]",yoked,"{'B': -0.6931490898132324, 'A': -0.6931490898132324, 'C': -13.69314956665039, 'E': -14.19314956665039, 'F': -18.69314956665039, 'D': -19.44314956665039, 'G': -22.44314956665039, 'K': -22.94314956665039, 'H': -27.94314956665039, 'J': -29.94314956665039, 'I': -30.94314956665039, 'L': -31.19314956665039}"
MEJ8y7jRW4947MPrH,31,2,K,0.8,[],[],"[{""role"":""describer"",""text"":""server girl kneeling down feet pointing up to left, arms to right"",""message_number"":1},{""role"":""matcher"",""text"":""nice server girl"",""message_number"":2},{""role"":""matcher"",""text"":""kneeling girl"",""message_number"":3},{""role"":""matcher"",""text"":""server girl"",""message_number"":4},{""role"":""describer"",""text"":""kneeling server girl"",""message_number"":5},{""role"":""matcher"",""text"":""kneeling server girl"",""message_number"":6}]",yoked,"{'B': -33.0, 'F': -17.0, 'A': -17.25, 'E': -20.5, 'D': -25.0, 'C': -27.75, 'H': -30.0, 'K': -31.0, 'G': -31.75, 'J': -33.25, 'I': -34.0, 'L': -36.0}"
MEJ8y7jRW4947MPrH,32,2,D,1.0,[],[],"[{""role"":""describer"",""text"":""Priest standing holding out arms to left offering bread"",""message_number"":1},{""role"":""matcher"",""text"":""completely straight right side"",""message_number"":2},{""role"":""matcher"",""text"":""priest guy"",""message_number"":3},{""role"":""matcher"",""text"":""communion dude"",""message_number"":4},{""role"":""describer"",""text"":""looks like he's holding a pot or something"",""message_number"":5}]",yoked,"{'F': -37.75004577636719, 'B': -10.000045776367188, 'D': -20.000045776367188, 'E': -22.000045776367188, 'A': -24.750045776367188, 'G': -27.750045776367188, 'C': -29.500045776367188, 'H': -29.750045776367188, 'K': -32.50004577636719, 'J': -35.25004577636719, 'I': -39.00004577636719, 'L': -42.00004577636719}"
MEJ8y7jRW4947MPrH,33,2,E,1.0,[],[],"[{""role"":""describer"",""text"":""bunny ears guy"",""message_number"":1}]",yoked,"{'E': -0.00012337400403339416, 'C': -9.000123023986816, 'K': -18.000123977661133, 'A': -18.500123977661133, 'B': -21.000123977661133, 'G': -21.250123977661133, 'F': -23.750123977661133, 'J': -24.250123977661133, 'L': -26.250123977661133, 'D': -26.750123977661133, 'I': -27.500123977661133, 'H': -30.500123977661133}"
MEJ8y7jRW4947MPrH,34,2,B,0.8,[],[],"[{""role"":""describer"",""text"":""kneeling down, diamond head, both arms stretched straight out to side, feet to left behind her"",""message_number"":1},{""role"":""matcher"",""text"":""arms out guy"",""message_number"":2},{""role"":""describer"",""text"":""Blessing lady"",""message_number"":3},{""role"":""matcher"",""text"":""right arm coming off body"",""message_number"":4},{""role"":""matcher"",""text"":""yeah not the celebration guy"",""message_number"":5},{""role"":""matcher"",""text"":""not the server girl"",""message_number"":6},{""role"":""describer"",""text"":""no both arms out"",""message_number"":7},{""role"":""describer"",""text"":""like wings"",""message_number"":8}]",yoked,"{'B': -0.00162588432431221, 'A': -6.501626014709473, 'D': -9.001626014709473, 'C': -21.001625061035156, 'K': -21.501625061035156, 'F': -22.251625061035156, 'J': -22.251625061035156, 'E': -24.251625061035156, 'H': -26.001625061035156, 'L': -26.501625061035156, 'G': -30.251625061035156, 'I': -33.751625061035156}"
MEJ8y7jRW4947MPrH,35,2,I,1.0,[],[],"[{""role"":""describer"",""text"":""guy on one leg, other leg behind him, arm out forward in front of him, diamond head"",""message_number"":1},{""role"":""describer"",""text"":""both arms in front of him"",""message_number"":2},{""role"":""matcher"",""text"":""karate guy"",""message_number"":3},{""role"":""matcher"",""text"":""karate guy"",""message_number"":4},{""role"":""matcher"",""text"":""karate guy"",""message_number"":5},{""role"":""describer"",""text"":""karate guy yes forgot sorry!"",""message_number"":6}]",yoked,"{'A': -1.8358061424805783e-05, 'B': -11.000018119812012, 'E': -14.000018119812012, 'C': -14.500018119812012, 'K': -15.500018119812012, 'D': -17.000019073486328, 'G': -20.750019073486328, 'F': -23.250019073486328, 'J': -25.500019073486328, 'I': -28.750019073486328, 'H': -30.000019073486328, 'L': -32.00001907348633}"
MEJ8y7jRW4947MPrH,36,3,L,1.0,[],[],"[{""role"":""describer"",""text"":""it's the one holding the tray to their right, squatting, legs aren't sticking up"",""message_number"":1},{""role"":""matcher"",""text"":""squat guy"",""message_number"":2},{""role"":""matcher"",""text"":""or server girl"",""message_number"":3},{""role"":""describer"",""text"":""both arms on right"",""message_number"":4},{""role"":""matcher"",""text"":""server girl has legs flicked up"",""message_number"":5},{""role"":""describer"",""text"":""legs aren't sticking up"",""message_number"":6},{""role"":""matcher"",""text"":""so squatting"",""message_number"":7},{""role"":""describer"",""text"":""seryes"",""message_number"":8},{""role"":""describer"",""text"":""squatting"",""message_number"":9},{""role"":""matcher"",""text"":""server girl is kneeling"",""message_number"":10}]",yoked,"{'B': -1.3708974620385561e-05, 'F': -11.25001335144043, 'D': -14.50001335144043, 'A': -16.00001335144043, 'E': -16.25001335144043, 'C': -22.00001335144043, 'H': -24.00001335144043, 'K': -25.00001335144043, 'L': -27.25001335144043, 'J': -27.50001335144043, 'G': -28.25001335144043, 'I': -30.50001335144043}"
MEJ8y7jRW4947MPrH,37,3,A,1.0,[],[],"[{""role"":""describer"",""text"":""frankenstein"",""message_number"":1},{""role"":""describer"",""text"":""zombie arms"",""message_number"":2}]",yoked,"{'A': -0.0024757706560194492, 'D': -6.002475738525391, 'B': -16.50247573852539, 'C': -24.75247573852539, 'K': -27.50247573852539, 'E': -28.25247573852539, 'H': -29.50247573852539, 'F': -34.50247573852539, 'L': -34.75247573852539, 'G': -34.75247573852539, 'I': -35.25247573852539, 'J': -40.25247573852539}"
MEJ8y7jRW4947MPrH,38,3,F,1.0,[],[],"[{""role"":""describer"",""text"":""wall guy"",""message_number"":1}]",yoked,"{'A': -0.07973227649927139, 'D': -2.5797321796417236, 'B': -7.079732418060303, 'C': -15.329731941223145, 'E': -18.32973289489746, 'F': -23.07973289489746, 'H': -23.32973289489746, 'K': -24.82973289489746, 'G': -25.32973289489746, 'L': -26.57973289489746, 'I': -29.32973289489746, 'J': -30.32973289489746}"
MEJ8y7jRW4947MPrH,39,3,B,1.0,[],[],"[{""role"":""describer"",""text"":""arms spread like wings"",""message_number"":1},{""role"":""matcher"",""text"":""wings guy"",""message_number"":2},{""role"":""describer"",""text"":""kneeling down"",""message_number"":3},{""role"":""matcher"",""text"":""wings guy"",""message_number"":4},{""role"":""describer"",""text"":""wings guy"",""message_number"":5},{""role"":""matcher"",""text"":""the only one other than celebration guy with arms on either side"",""message_number"":6},{""role"":""describer"",""text"":""not the celebration guy"",""message_number"":7}]",yoked,"{'C': -6.198863957251888e-06, 'A': -12.500005722045898, 'E': -13.000005722045898, 'B': -15.500005722045898, 'K': -18.7500057220459, 'D': -20.5000057220459, 'L': -23.2500057220459, 'F': -23.2500057220459, 'G': -23.5000057220459, 'J': -25.5000057220459, 'H': -26.5000057220459, 'I': -29.5000057220459}"
MEJ8y7jRW4947MPrH,40,3,E,1.0,[],[],"[{""role"":""describer"",""text"":""bunny ears"",""message_number"":1}]",yoked,"{'E': -0.008185884915292263, 'C': -5.508185863494873, 'K': -5.508185863494873, 'A': -10.008186340332031, 'B': -14.508186340332031, 'J': -18.00818634033203, 'L': -18.50818634033203, 'I': -21.25818634033203, 'D': -21.50818634033203, 'G': -23.00818634033203, 'F': -23.50818634033203, 'H': -26.50818634033203}"
MEJ8y7jRW4947MPrH,41,3,G,1.0,[],[],"[{""role"":""describer"",""text"":""legs dragging behind them"",""message_number"":1},{""role"":""describer"",""text"":""both arms to the right"",""message_number"":2},{""role"":""matcher"",""text"":""dancer girl"",""message_number"":3},{""role"":""matcher"",""text"":""dancer"",""message_number"":4},{""role"":""describer"",""text"":""dancer"",""message_number"":5},{""role"":""describer"",""text"":""head sticking backwards to the left"",""message_number"":6},{""role"":""matcher"",""text"":""head to left"",""message_number"":7}]",yoked,"{'C': -0.5550980567932129, 'A': -1.055098056793213, 'B': -2.555098056793213, 'E': -9.555097579956055, 'D': -10.055097579956055, 'K': -10.555097579956055, 'G': -18.555097579956055, 'F': -20.055097579956055, 'L': -21.055097579956055, 'H': -22.555097579956055, 'J': -23.305097579956055, 'I': -25.805097579956055}"
MEJ8y7jRW4947MPrH,42,3,J,1.0,[],[],"[{""role"":""describer"",""text"":""body gets wider as it goes up"",""message_number"":1},{""role"":""matcher"",""text"":""block boy"",""message_number"":2},{""role"":""describer"",""text"":""little triangle sticking out of the top of the right side of their blocky body"",""message_number"":3}]",yoked,"{'J': -0.9741712212562561, 'K': -0.4741712212562561, 'L': -9.47417163848877, 'D': -10.97417163848877, 'F': -15.47417163848877, 'H': -16.974170684814453, 'B': -17.474170684814453, 'C': -17.974170684814453, 'A': -20.224170684814453, 'G': -20.724170684814453, 'E': -20.974170684814453, 'I': -21.974170684814453}"
MEJ8y7jRW4947MPrH,43,3,D,1.0,[],[],"[{""role"":""describer"",""text"":""facing the left"",""message_number"":1},{""role"":""describer"",""text"":""communion guy"",""message_number"":2},{""role"":""matcher"",""text"":""priest guy"",""message_number"":3},{""role"":""describer"",""text"":""communion*"",""message_number"":4},{""role"":""describer"",""text"":""priest yeah"",""message_number"":5}]",yoked,"{'B': -0.047376204282045364, 'D': -3.5473761558532715, 'F': -4.0473761558532715, 'A': -13.04737663269043, 'E': -14.54737663269043, 'H': -14.54737663269043, 'C': -18.79737663269043, 'G': -19.54737663269043, 'K': -22.29737663269043, 'L': -24.79737663269043, 'J': -25.54737663269043, 'I': -29.04737663269043}"
MEJ8y7jRW4947MPrH,44,3,I,1.0,[],[],"[{""role"":""describer"",""text"":""karate"",""message_number"":1}]",yoked,"{'A': 0.0, 'D': -18.5, 'C': -18.75, 'E': -19.25, 'B': -20.75, 'K': -25.25, 'I': -30.5, 'G': -31.5, 'J': -34.5, 'H': -35.25, 'F': -35.75, 'L': -37.5}"
MEJ8y7jRW4947MPrH,45,3,C,1.0,[],[],"[{""role"":""describer"",""text"":""celebration"",""message_number"":1}]",yoked,"{'A': -0.011977184563875198, 'E': -4.511977195739746, 'B': -7.011977195739746, 'D': -10.511977195739746, 'C': -14.011977195739746, 'K': -16.76197624206543, 'G': -19.01197624206543, 'F': -21.01197624206543, 'I': -23.26197624206543, 'J': -23.76197624206543, 'L': -24.76197624206543, 'H': -27.26197624206543}"
MEJ8y7jRW4947MPrH,46,3,H,1.0,[],[],"[{""role"":""describer"",""text"":""bag"",""message_number"":1},{""role"":""describer"",""text"":""sack guy"",""message_number"":2}]",yoked,"{'D': -0.03136957809329033, 'F': -3.531369686126709, 'H': -7.031369686126709, 'E': -7.531369686126709, 'B': -8.53136920928955, 'A': -14.03136920928955, 'G': -18.281370162963867, 'L': -19.781370162963867, 'K': -21.281370162963867, 'C': -22.781370162963867, 'J': -27.781370162963867, 'I': -28.531370162963867}"
MEJ8y7jRW4947MPrH,47,3,K,1.0,[],[],"[{""role"":""describer"",""text"":""server girl"",""message_number"":1},{""role"":""describer"",""text"":""legs sticking up to the left"",""message_number"":2},{""role"":""describer"",""text"":""arms out to right"",""message_number"":3}]",yoked,"{'C': -0.0007566926069557667, 'B': -7.500756740570068, 'E': -8.50075626373291, 'A': -15.00075626373291, 'G': -17.750757217407227, 'D': -20.000757217407227, 'K': -21.000757217407227, 'F': -21.750757217407227, 'H': -26.500757217407227, 'L': -29.500757217407227, 'I': -31.000757217407227, 'J': -31.750757217407227}"
MEJ8y7jRW4947MPrH,48,4,J,1.0,[],[],"[{""role"":""describer"",""text"":""block man"",""message_number"":1}]",yoked,"{'A': -0.0009862087899819016, 'B': -7.000986099243164, 'D': -9.500986099243164, 'C': -22.750986099243164, 'E': -24.000986099243164, 'F': -25.500986099243164, 'K': -28.500986099243164, 'H': -31.500986099243164, 'J': -31.500986099243164, 'G': -32.0009880065918, 'I': -33.0009880065918, 'L': -34.7509880065918}"
MEJ8y7jRW4947MPrH,49,4,K,1.0,[],[],"[{""role"":""describer"",""text"":""server girl (feet up)"",""message_number"":1}]",yoked,"{'C': -2.2859854698181152, 'A': -0.2859854996204376, 'E': -2.2859854698181152, 'D': -3.7859854698181152, 'B': -3.7859854698181152, 'F': -12.285985946655273, 'L': -14.285985946655273, 'K': -14.785985946655273, 'G': -15.285985946655273, 'H': -16.535985946655273, 'I': -21.035985946655273, 'J': -21.785985946655273}"
MEJ8y7jRW4947MPrH,50,4,I,1.0,[],[],"[{""role"":""describer"",""text"":""karate"",""message_number"":1}]",yoked,"{'A': 0.0, 'C': -18.75, 'D': -18.75, 'E': -19.0, 'B': -21.0, 'K': -25.0, 'I': -30.25, 'G': -31.0, 'J': -34.0, 'H': -35.0, 'F': -35.25, 'L': -37.25}"
MEJ8y7jRW4947MPrH,51,4,L,1.0,[],[],"[{""role"":""describer"",""text"":""server girl (no feet)"",""message_number"":1},{""role"":""matcher"",""text"":""kneeling down"",""message_number"":2},{""role"":""matcher"",""text"":""squat guy"",""message_number"":3},{""role"":""matcher"",""text"":""squat guy"",""message_number"":4},{""role"":""matcher"",""text"":""arms out"",""message_number"":5},{""role"":""matcher"",""text"":""squat guy"",""message_number"":6},{""role"":""describer"",""text"":""bent knees but not kneeling"",""message_number"":7},{""role"":""matcher"",""text"":""squat guy"",""message_number"":8},{""role"":""describer"",""text"":""tray to right"",""message_number"":9},{""role"":""matcher"",""text"":""yea its squat guy"",""message_number"":10}]",yoked,"{'F': -36.0001220703125, 'B': -46.0001220703125, 'D': -22.250123977661133, 'E': -25.750123977661133, 'G': -26.500123977661133, 'C': -31.250123977661133, 'H': -33.0001220703125, 'A': -33.5001220703125, 'I': -37.5001220703125, 'K': -40.2501220703125, 'L': -44.2501220703125, 'J': -46.8751220703125}"
MEJ8y7jRW4947MPrH,52,4,F,1.0,[],[],"[{""role"":""describer"",""text"":""wall guy"",""message_number"":1}]",yoked,"{'A': -0.049114201217889786, 'D': -3.049114227294922, 'B': -7.549114227294922, 'C': -15.799114227294922, 'E': -19.049114227294922, 'F': -24.049114227294922, 'H': -24.049114227294922, 'K': -25.549114227294922, 'G': -26.299114227294922, 'L': -27.049114227294922, 'I': -29.799114227294922, 'J': -30.799114227294922}"
MEJ8y7jRW4947MPrH,53,4,B,1.0,[],[],"[{""role"":""describer"",""text"":""two arms - one coming off body on right"",""message_number"":1},{""role"":""describer"",""text"":""two"",""message_number"":2},{""role"":""matcher"",""text"":""wings guy"",""message_number"":3},{""role"":""matcher"",""text"":""kneeling down"",""message_number"":4},{""role"":""matcher"",""text"":""wings"",""message_number"":5},{""role"":""matcher"",""text"":""foot left"",""message_number"":6},{""role"":""matcher"",""text"":""wing guy"",""message_number"":7},{""role"":""describer"",""text"":""wings guy"",""message_number"":8},{""role"":""matcher"",""text"":""not celebration guy"",""message_number"":9},{""role"":""matcher"",""text"":""angel wings"",""message_number"":10},{""role"":""describer"",""text"":""not celeb"",""message_number"":11}]",yoked,"{'B': -0.029777146875858307, 'C': -3.5297770500183105, 'A': -10.529777526855469, 'K': -17.77977752685547, 'E': -18.27977752685547, 'G': -18.52977752685547, 'D': -20.52977752685547, 'J': -24.02977752685547, 'F': -24.27977752685547, 'H': -26.27977752685547, 'L': -29.02977752685547, 'I': -31.02977752685547}"
MEJ8y7jRW4947MPrH,54,4,A,1.0,[],[],"[{""role"":""describer"",""text"":""frank!"",""message_number"":1},{""role"":""matcher"",""text"":""frankie!"",""message_number"":2}]",yoked,"{'A': -0.01178186945617199, 'B': -4.511781692504883, 'E': -7.761781692504883, 'D': -8.261781692504883, 'F': -10.511781692504883, 'C': -11.761781692504883, 'G': -12.011781692504883, 'K': -13.011781692504883, 'L': -14.761781692504883, 'J': -15.761781692504883, 'I': -17.511781692504883, 'H': -19.761781692504883}"
MEJ8y7jRW4947MPrH,55,4,E,1.0,[],[],"[{""role"":""describer"",""text"":""bunny"",""message_number"":1}]",yoked,"{'A': -4.541770613286644e-05, 'E': -10.000045776367188, 'B': -16.500045776367188, 'K': -22.000045776367188, 'D': -22.500045776367188, 'C': -23.500045776367188, 'F': -25.000045776367188, 'L': -25.250045776367188, 'H': -27.750045776367188, 'G': -28.250045776367188, 'I': -30.500045776367188, 'J': -30.750045776367188}"
MEJ8y7jRW4947MPrH,56,4,H,1.0,[],[],"[{""role"":""describer"",""text"":""bag"",""message_number"":1}]",yoked,"{'F': -0.0004338276921771467, 'D': -8.500433921813965, 'B': -8.500433921813965, 'H': -11.000433921813965, 'E': -11.500433921813965, 'A': -15.500433921813965, 'G': -19.00043296813965, 'L': -20.75043296813965, 'C': -24.25043296813965, 'K': -25.50043296813965, 'I': -28.25043296813965, 'J': -31.00043296813965}"
MEJ8y7jRW4947MPrH,57,4,D,1.0,[],[],"[{""role"":""describer"",""text"":""priest"",""message_number"":1}]",yoked,"{'E': -0.07992840558290482, 'A': -3.579928398132324, 'J': -3.579928398132324, 'L': -4.829928398132324, 'K': -5.079928398132324, 'D': -5.829928398132324, 'B': -6.079928398132324, 'F': -7.329928398132324, 'H': -7.579928398132324, 'I': -8.329928398132324, 'C': -8.579928398132324, 'G': -10.329928398132324}"
MEJ8y7jRW4947MPrH,58,4,G,1.0,[],[],"[{""role"":""describer"",""text"":""legs dragging on floor to left"",""message_number"":1},{""role"":""matcher"",""text"":""dancer"",""message_number"":2},{""role"":""matcher"",""text"":""dancer"",""message_number"":3},{""role"":""describer"",""text"":""two arms to right"",""message_number"":4},{""role"":""matcher"",""text"":""dancer"",""message_number"":5}]",yoked,"{'B': -0.00821307860314846, 'C': -5.008213043212891, 'E': -6.508213043212891, 'A': -12.50821304321289, 'K': -13.50821304321289, 'D': -15.25821304321289, 'F': -16.50821304321289, 'G': -17.25821304321289, 'H': -27.50821304321289, 'L': -28.75821304321289, 'J': -28.75821304321289, 'I': -30.00821304321289}"
MEJ8y7jRW4947MPrH,59,4,C,1.0,[],[],"[{""role"":""describer"",""text"":""celeb"",""message_number"":1}]",yoked,"{'L': -0.6145157217979431, 'K': -1.114515781402588, 'E': -2.114515781402588, 'G': -5.114515781402588, 'H': -6.614515781402588, 'J': -6.614515781402588, 'A': -7.114515781402588, 'B': -7.614515781402588, 'D': -8.11451530456543, 'F': -10.61451530456543, 'C': -11.86451530456543, 'I': -12.61451530456543}"
MEJ8y7jRW4947MPrH,60,5,A,1.0,[],[],"[{""role"":""describer"",""text"":""Frank"",""message_number"":1}]",yoked,"{'A': -0.22033657133579254, 'B': -1.7203365564346313, 'D': -4.720336437225342, 'F': -4.720336437225342, 'C': -7.720336437225342, 'J': -8.2203369140625, 'E': -8.7203369140625, 'G': -10.4703369140625, 'K': -11.2203369140625, 'I': -13.9703369140625, 'L': -14.9703369140625, 'H': -15.2203369140625}"
MEJ8y7jRW4947MPrH,61,5,C,1.0,[],[],"[{""role"":""describer"",""text"":""celebrate"",""message_number"":1}]",yoked,"{'E': -0.4760037362575531, 'A': -0.9760037660598755, 'D': -6.976003646850586, 'B': -6.976003646850586, 'C': -10.476003646850586, 'K': -10.476003646850586, 'G': -14.976003646850586, 'L': -16.976003646850586, 'J': -16.976003646850586, 'I': -18.226003646850586, 'F': -18.226003646850586, 'H': -20.976003646850586}"
MEJ8y7jRW4947MPrH,62,5,K,1.0,[],[],"[{""role"":""describer"",""text"":""kneeling server"",""message_number"":1},{""role"":""matcher"",""text"":""feet point up"",""message_number"":2},{""role"":""matcher"",""text"":""not server girll"",""message_number"":3},{""role"":""describer"",""text"":""NOT SQUAT GUY"",""message_number"":4},{""role"":""matcher"",""text"":""server girl"",""message_number"":5}]",yoked,"{'B': -0.022376900538802147, 'A': -4.522377014160156, 'C': -4.522377014160156, 'D': -8.022377014160156, 'K': -9.522377014160156, 'E': -14.022377014160156, 'L': -19.022377014160156, 'G': -19.772377014160156, 'H': -20.772377014160156, 'F': -22.772377014160156, 'J': -27.522377014160156, 'I': -28.022377014160156}"
MEJ8y7jRW4947MPrH,63,5,L,1.0,[],[],"[{""role"":""describer"",""text"":""squat boy"",""message_number"":1},{""role"":""describer"",""text"":""my margarita says \""Yes life is good\"""",""message_number"":2},{""role"":""describer"",""text"":""squat guy"",""message_number"":3},{""role"":""matcher"",""text"":""squat boyyy"",""message_number"":4},{""role"":""describer"",""text"":""squat guy"",""message_number"":5},{""role"":""matcher"",""text"":""the one who looks like server girl but no server girl"",""message_number"":6}]",yoked,"{'A': -42.627037048339844, 'B': -42.877037048339844, 'D': -9.127037048339844, 'C': -19.627037048339844, 'E': -21.627037048339844, 'F': -22.377037048339844, 'G': -30.627037048339844, 'I': -33.627037048339844, 'H': -35.377037048339844, 'K': -36.127037048339844, 'L': -41.627037048339844, 'J': -45.127037048339844}"
MEJ8y7jRW4947MPrH,64,5,I,1.0,[],[],"[{""role"":""describer"",""text"":""karate"",""message_number"":1}]",yoked,"{'A': 0.0, 'C': -18.75, 'D': -18.75, 'E': -19.0, 'B': -21.0, 'K': -25.0, 'I': -30.25, 'G': -31.0, 'J': -34.0, 'H': -35.0, 'F': -35.25, 'L': -37.25}"
MEJ8y7jRW4947MPrH,65,5,F,1.0,[],[],"[{""role"":""describer"",""text"":""wall boy"",""message_number"":1}]",yoked,"{'A': -0.019045226275920868, 'B': -4.019045352935791, 'D': -7.019045352935791, 'E': -16.019044876098633, 'C': -16.269044876098633, 'F': -19.519044876098633, 'K': -24.269044876098633, 'H': -25.769044876098633, 'G': -26.019044876098633, 'L': -27.019044876098633, 'I': -29.269044876098633, 'J': -30.519044876098633}"
MEJ8y7jRW4947MPrH,66,5,D,1.0,[],[],"[{""role"":""describer"",""text"":""priest"",""message_number"":1}]",yoked,"{'E': -0.10274198651313782, 'A': -3.3527419567108154, 'J': -3.3527419567108154, 'L': -4.6027421951293945, 'K': -4.8527421951293945, 'D': -5.3527421951293945, 'B': -5.8527421951293945, 'F': -7.1027421951293945, 'H': -7.1027421951293945, 'I': -8.102742195129395, 'C': -8.352742195129395, 'G': -10.102742195129395}"
MEJ8y7jRW4947MPrH,67,5,J,1.0,[],[],"[{""role"":""describer"",""text"":""block boy"",""message_number"":1}]",yoked,"{'A': -2.038458114839159e-05, 'B': -11.000020027160645, 'D': -12.500020027160645, 'C': -24.50002098083496, 'E': -24.75002098083496, 'F': -26.75002098083496, 'K': -28.50002098083496, 'H': -31.25002098083496, 'G': -32.00001907348633, 'I': -33.75001907348633, 'J': -33.75001907348633, 'L': -34.50001907348633}"
MEJ8y7jRW4947MPrH,68,5,G,1.0,[],[],"[{""role"":""describer"",""text"":""dancer"",""message_number"":1}]",yoked,"{'A': -0.00033682872890494764, 'B': -8.000336647033691, 'E': -13.500336647033691, 'C': -21.500337600708008, 'D': -21.500337600708008, 'K': -25.250337600708008, 'F': -29.000337600708008, 'L': -30.000337600708008, 'H': -31.500337600708008, 'I': -31.750337600708008, 'G': -31.750337600708008, 'J': -35.000335693359375}"
MEJ8y7jRW4947MPrH,69,5,B,1.0,[],[],"[{""role"":""describer"",""text"":""wings boy"",""message_number"":1}]",yoked,"{'C': -0.0010028815595433116, 'A': -7.001002788543701, 'E': -9.50100326538086, 'K': -11.00100326538086, 'B': -17.25100326538086, 'D': -22.00100326538086, 'G': -24.75100326538086, 'I': -25.00100326538086, 'L': -26.25100326538086, 'J': -27.00100326538086, 'F': -27.25100326538086, 'H': -30.50100326538086}"
MEJ8y7jRW4947MPrH,70,5,H,1.0,[],[],"[{""role"":""describer"",""text"":""bag boy"",""message_number"":1}]",yoked,"{'B': -1.3133000135421753, 'A': -0.3132999837398529, 'D': -10.313300132751465, 'E': -12.313300132751465, 'F': -14.313300132751465, 'C': -17.81329917907715, 'G': -24.56329917907715, 'K': -26.06329917907715, 'H': -27.56329917907715, 'L': -27.81329917907715, 'I': -29.81329917907715, 'J': -31.31329917907715}"
MEJ8y7jRW4947MPrH,71,5,E,1.0,[],[],"[{""role"":""describer"",""text"":""bunny"",""message_number"":1}]",yoked,"{'A': -2.753696753643453e-05, 'E': -10.500027656555176, 'B': -16.75002670288086, 'K': -22.00002670288086, 'D': -23.00002670288086, 'C': -24.00002670288086, 'F': -25.25002670288086, 'L': -25.50002670288086, 'H': -28.00002670288086, 'G': -28.50002670288086, 'I': -30.75002670288086, 'J': -31.25002670288086}"
BTbGhXZvjdSFubTBg,0,0,E,0.6,[],[],"[{""role"":""describer"",""text"":""The person sitting down with its arms above its head"",""message_number"":1}]",yoked,"{'B': -0.00021336186910048127, 'E': -8.500213623046875, 'F': -11.750213623046875, 'A': -13.250213623046875, 'C': -15.500213623046875, 'D': -17.500213623046875, 'K': -20.750213623046875, 'G': -21.750213623046875, 'H': -22.250213623046875, 'J': -22.750213623046875, 'L': -25.500213623046875, 'I': -28.750213623046875}"
BTbGhXZvjdSFubTBg,1,0,L,0.6,[],[],"[{""role"":""describer"",""text"":""The person in a half kneeling position with the knees off the ground"",""message_number"":1},{""role"":""matcher"",""text"":""They look like they are holding something"",""message_number"":2}]",yoked,"{'A': -0.0024757706560194492, 'B': -6.002475738525391, 'D': -16.50247573852539, 'C': -23.75247573852539, 'E': -24.25247573852539, 'F': -28.50247573852539, 'K': -31.75247573852539, 'L': -34.00247573852539, 'H': -36.50247573852539, 'I': -38.00247573852539, 'J': -39.25247573852539, 'G': -39.75247573852539}"
BTbGhXZvjdSFubTBg,2,0,A,1.0,[],[],"[{""role"":""describer"",""text"":""The person with one leg up and the head tilted back"",""message_number"":1},{""role"":""matcher"",""text"":""reminds me of a zombie"",""message_number"":2}]",yoked,"{'A': -41.0, 'B': -18.25, 'C': -20.0, 'D': -26.25, 'K': -32.75, 'E': -33.5, 'H': -36.0, 'I': -37.5, 'G': -40.25, 'L': -43.0, 'F': -43.5, 'J': -45.0}"
BTbGhXZvjdSFubTBg,3,0,K,0.8,[],[],"[{""role"":""describer"",""text"":""The person praying with head tilted up"",""message_number"":1},{""role"":""matcher"",""text"":""Are their arms in the air"",""message_number"":2},{""role"":""describer"",""text"":""not very high"",""message_number"":3}]",yoked,"{'E': -0.0041004871018230915, 'B': -5.504100322723389, 'A': -11.004100799560547, 'F': -12.504100799560547, 'D': -13.504100799560547, 'C': -15.004100799560547, 'K': -16.504100799560547, 'J': -21.754100799560547, 'H': -22.254100799560547, 'L': -23.754100799560547, 'G': -27.004100799560547, 'I': -28.004100799560547}"
BTbGhXZvjdSFubTBg,4,0,F,1.0,[],[],"[{""role"":""describer"",""text"":""sitting down in a slouched position"",""message_number"":1},{""role"":""matcher"",""text"":""kinda like me rn"",""message_number"":2},{""role"":""describer"",""text"":""arms down"",""message_number"":3},{""role"":""matcher"",""text"":""Legs or no legs"",""message_number"":4},{""role"":""describer"",""text"":""legs"",""message_number"":5},{""role"":""matcher"",""text"":""In a bean bag chair"",""message_number"":6}]",yoked,"{'F': -35.77975082397461, 'B': -42.27975082397461, 'E': -17.27975082397461, 'D': -17.52975082397461, 'A': -19.52975082397461, 'C': -26.02975082397461, 'H': -30.27975082397461, 'G': -32.52975082397461, 'I': -36.27975082397461, 'K': -36.52975082397461, 'L': -39.02975082397461, 'J': -44.52975082397461}"
BTbGhXZvjdSFubTBg,5,0,J,0.6,[],[],"[{""role"":""describer"",""text"":""upright with a square back"",""message_number"":1},{""role"":""matcher"",""text"":""Are they holding a tray"",""message_number"":2},{""role"":""matcher"",""text"":""Sitting, standing, kneeling"",""message_number"":3},{""role"":""matcher"",""text"":""Are they holding a top hat upside down"",""message_number"":4},{""role"":""describer"",""text"":""standing"",""message_number"":5},{""role"":""matcher"",""text"":""Do they have a wide body that isn't symmetrical"",""message_number"":6}]",yoked,"{'A': -0.0003524397616274655, 'B': -8.00035285949707, 'D': -11.00035285949707, 'C': -15.00035285949707, 'E': -24.00035285949707, 'K': -26.25035285949707, 'F': -30.50035285949707, 'G': -32.75035095214844, 'L': -33.25035095214844, 'I': -34.50035095214844, 'J': -35.00035095214844, 'H': -37.25035095214844}"
BTbGhXZvjdSFubTBg,6,0,D,1.0,[],[],"[{""role"":""describer"",""text"":""a person standing holding out their hands,"",""message_number"":1},{""role"":""matcher"",""text"":""Both feet on the ground"",""message_number"":2},{""role"":""matcher"",""text"":""Inverted top hat in hands"",""message_number"":3},{""role"":""matcher"",""text"":""Are they side on"",""message_number"":4},{""role"":""matcher"",""text"":""Wait, holding OUT their hands, or holding UP their hands"",""message_number"":5},{""role"":""describer"",""text"":""yes inverted top hat"",""message_number"":6},{""role"":""matcher"",""text"":""lol top hat"",""message_number"":7}]",yoked,"{'B': -0.0005646541831083596, 'A': -7.5005645751953125, 'D': -11.500564575195312, 'C': -13.500564575195312, 'E': -16.000564575195312, 'F': -17.500564575195312, 'K': -22.250564575195312, 'G': -24.250564575195312, 'H': -27.500564575195312, 'J': -28.500564575195312, 'I': -32.75056457519531, 'L': -34.00056457519531}"
BTbGhXZvjdSFubTBg,7,0,B,1.0,[],[],"[{""role"":""describer"",""text"":""kneeling with one hand in front and the other behind"",""message_number"":1},{""role"":""describer"",""text"":""head tilted forward"",""message_number"":2},{""role"":""matcher"",""text"":""Arms like triangles"",""message_number"":3},{""role"":""matcher"",""text"":""Are you sure the head isn't looking up"",""message_number"":4}]",yoked,"{'B': -0.01818063110113144, 'A': -4.018180847167969, 'D': -10.518180847167969, 'C': -12.518180847167969, 'E': -17.01818084716797, 'F': -22.51818084716797, 'K': -24.26818084716797, 'H': -31.51818084716797, 'L': -32.26818084716797, 'I': -33.01818084716797, 'G': -33.01818084716797, 'J': -37.01818084716797}"
BTbGhXZvjdSFubTBg,8,0,C,1.0,[],[],"[{""role"":""describer"",""text"":""a person flying"",""message_number"":1},{""role"":""matcher"",""text"":""no legs hands up in the air like \""I DON'T KNOW!\"""",""message_number"":2},{""role"":""matcher"",""text"":""no legs huh"",""message_number"":3},{""role"":""matcher"",""text"":""Is he at a concert with his hands in the air like he just doesn't care"",""message_number"":4},{""role"":""describer"",""text"":""no legs"",""message_number"":5},{""role"":""matcher"",""text"":""\""SUE ME\"""",""message_number"":6},{""role"":""matcher"",""text"":""Angry skeleton meme pose"",""message_number"":7}]",yoked,"{'A': -0.005165682639926672, 'C': -6.0051655769348145, 'E': -6.5051655769348145, 'K': -7.0051655769348145, 'B': -8.505166053771973, 'D': -9.505166053771973, 'J': -12.005166053771973, 'L': -14.505166053771973, 'I': -17.005165100097656, 'G': -17.755165100097656, 'F': -21.255165100097656, 'H': -22.755165100097656}"
BTbGhXZvjdSFubTBg,9,0,H,0.8,[],[],"[{""role"":""describer"",""text"":""sitting down no legs showing"",""message_number"":1},{""role"":""matcher"",""text"":""no arms"",""message_number"":2},{""role"":""matcher"",""text"":""Bunny ears"",""message_number"":3},{""role"":""describer"",""text"":""legs showing to one side no arms"",""message_number"":4},{""role"":""matcher"",""text"":""kinda like kneeling"",""message_number"":5},{""role"":""describer"",""text"":""no feet"",""message_number"":6},{""role"":""describer"",""text"":""yes kneeling"",""message_number"":7}]",yoked,"{'D': -0.9598776698112488, 'B': -0.9598776698112488, 'C': -1.4598777294158936, 'F': -6.4598774909973145, 'E': -8.459877967834473, 'G': -9.459877967834473, 'A': -14.959877967834473, 'K': -14.959877967834473, 'H': -21.709877014160156, 'L': -22.209877014160156, 'I': -28.459877014160156, 'J': -30.709877014160156}"
BTbGhXZvjdSFubTBg,10,0,I,0.6,[],[],"[{""role"":""describer"",""text"":""One leg on floor the other leg up both arms outstretched"",""message_number"":1},{""role"":""describer"",""text"":""head tilted back"",""message_number"":2},{""role"":""matcher"",""text"":""Like doing yoga"",""message_number"":3},{""role"":""matcher"",""text"":""That's what I thought, yeah"",""message_number"":4},{""role"":""describer"",""text"":""yes head looking behind"",""message_number"":5},{""role"":""matcher"",""text"":""Is he ice skating perhaps"",""message_number"":6},{""role"":""matcher"",""text"":""Leg in the air is behind the body"",""message_number"":7},{""role"":""matcher"",""text"":""crying"",""message_number"":8}]",yoked,"{'A': -0.0009592937421984971, 'B': -7.000959396362305, 'E': -10.000959396362305, 'C': -13.000959396362305, 'K': -15.500959396362305, 'D': -18.500959396362305, 'F': -23.500959396362305, 'L': -26.000959396362305, 'J': -26.500959396362305, 'G': -27.500959396362305, 'H': -29.250959396362305, 'I': -29.500959396362305}"
BTbGhXZvjdSFubTBg,11,0,G,0.8,[],[],"[{""role"":""describer"",""text"":""kneeling with one leg in front and arm up by the =face"",""message_number"":1},{""role"":""matcher"",""text"":""More"",""message_number"":2},{""role"":""matcher"",""text"":""Head tilted back"",""message_number"":3},{""role"":""describer"",""text"":""maybe half kneeling half standing"",""message_number"":4},{""role"":""matcher"",""text"":""The one that looks like the dancing lady emoji"",""message_number"":5},{""role"":""describer"",""text"":""Head slightly back"",""message_number"":6},{""role"":""matcher"",""text"":""Only one arm"",""message_number"":7},{""role"":""matcher"",""text"":""Does he kind of look like his arms are out as if he is begging"",""message_number"":8},{""role"":""describer"",""text"":""one arm"",""message_number"":9}]",yoked,"{'B': -4.851700214203447e-05, 'A': -10.000048637390137, 'D': -13.500048637390137, 'C': -14.000048637390137, 'E': -14.000048637390137, 'K': -17.00004768371582, 'F': -22.00004768371582, 'J': -22.00004768371582, 'L': -23.00004768371582, 'H': -24.25004768371582, 'G': -26.50004768371582, 'I': -31.00004768371582}"
BTbGhXZvjdSFubTBg,12,1,A,1.0,[],[],"[{""role"":""describer"",""text"":""head looking the other way one leg down one leg up"",""message_number"":1},{""role"":""describer"",""text"":""upright"",""message_number"":2},{""role"":""matcher"",""text"":""Zombie guy"",""message_number"":3},{""role"":""matcher"",""text"":""the zombie walk one or the yoga one"",""message_number"":4},{""role"":""matcher"",""text"":""Is this the ice skating one again"",""message_number"":5},{""role"":""describer"",""text"":""zombie"",""message_number"":6},{""role"":""describer"",""text"":""not the ice skating one"",""message_number"":7}]",yoked,"{'A': -38.00001907348633, 'B': -11.000017166137695, 'D': -14.000017166137695, 'E': -25.500017166137695, 'C': -26.750017166137695, 'F': -27.750017166137695, 'K': -28.750017166137695, 'H': -32.00001907348633, 'G': -32.00001907348633, 'I': -36.75001907348633, 'L': -39.50001907348633, 'J': -39.75001907348633}"
BTbGhXZvjdSFubTBg,13,1,F,0.8,[],[],"[{""role"":""describer"",""text"":""The one sitting down slouching no arms visible"",""message_number"":1},{""role"":""matcher"",""text"":""Beanbag guy"",""message_number"":2},{""role"":""matcher"",""text"":""Beanbag"",""message_number"":3}]",yoked,"{'F': -38.006717681884766, 'B': -5.006716728210449, 'E': -13.50671672821045, 'D': -16.006717681884766, 'A': -19.256717681884766, 'H': -22.506717681884766, 'G': -23.506717681884766, 'C': -23.756717681884766, 'K': -31.506717681884766, 'I': -33.006717681884766, 'L': -33.006717681884766, 'J': -38.006717681884766}"
BTbGhXZvjdSFubTBg,14,1,E,1.0,[],[],"[{""role"":""describer"",""text"":""sitting down with both arms above the head looking down"",""message_number"":1},{""role"":""matcher"",""text"":""The rabbit ears one"",""message_number"":2},{""role"":""matcher"",""text"":""That's how i see him too lol"",""message_number"":3},{""role"":""matcher"",""text"":""Rabbit ears"",""message_number"":4}]",yoked,"{'E': -4.529942543740617e-06, 'K': -12.500004768371582, 'C': -14.000004768371582, 'A': -18.500003814697266, 'B': -21.000003814697266, 'L': -22.500003814697266, 'G': -23.500003814697266, 'J': -23.750003814697266, 'D': -26.250003814697266, 'F': -26.500003814697266, 'I': -28.000003814697266, 'H': -29.250003814697266}"
BTbGhXZvjdSFubTBg,15,1,G,0.8,[],[],"[{""role"":""describer"",""text"":""The one doing the dramatic yoga pose"",""message_number"":1},{""role"":""matcher"",""text"":""I don't know that one"",""message_number"":2},{""role"":""matcher"",""text"":""The ice skater"",""message_number"":3},{""role"":""describer"",""text"":""one arm in front one leg in front"",""message_number"":4},{""role"":""describer"",""text"":""not the ice skater"",""message_number"":5},{""role"":""matcher"",""text"":""Like kung fu from the side"",""message_number"":6},{""role"":""matcher"",""text"":""Like he's doing a dance from Disturbia lol"",""message_number"":7}]",yoked,"{'A': -0.33329877257347107, 'E': -1.8332988023757935, 'C': -2.333298683166504, 'F': -3.833298683166504, 'B': -5.333298683166504, 'D': -9.333298683166504, 'K': -10.833298683166504, 'G': -12.333298683166504, 'I': -23.58329963684082, 'J': -23.83329963684082, 'L': -25.33329963684082, 'H': -25.58329963684082}"
BTbGhXZvjdSFubTBg,16,1,J,1.0,[],[],"[{""role"":""describer"",""text"":""the one with the almost square body"",""message_number"":1},{""role"":""matcher"",""text"":""Looks like it's pointing off to the side"",""message_number"":2},{""role"":""matcher"",""text"":""Our right"",""message_number"":3},{""role"":""matcher"",""text"":""Like half his body is swallowed by a rectangle"",""message_number"":4},{""role"":""matcher"",""text"":""Arms and feet out front"",""message_number"":5},{""role"":""matcher"",""text"":""Front on with just a foot at the bottom"",""message_number"":6},{""role"":""matcher"",""text"":""chubby dude"",""message_number"":7}]",yoked,"{'B': -4.625213477993384e-05, 'D': -10.000045776367188, 'A': -14.000045776367188, 'F': -21.500045776367188, 'C': -27.000045776367188, 'E': -30.750045776367188, 'H': -32.75004577636719, 'G': -34.25004577636719, 'K': -35.75004577636719, 'J': -36.75004577636719, 'I': -39.25004577636719, 'L': -39.50004577636719}"
BTbGhXZvjdSFubTBg,17,1,K,1.0,[],[],"[{""role"":""describer"",""text"":""the one kneeling with head tilted back"",""message_number"":1},{""role"":""matcher"",""text"":""Like in prayer"",""message_number"":2},{""role"":""matcher"",""text"":""I feel like there is a lot of these guys"",""message_number"":3},{""role"":""describer"",""text"":""arms out and feet up"",""message_number"":4},{""role"":""matcher"",""text"":""both arms up almost like a T"",""message_number"":5},{""role"":""matcher"",""text"":""The beggar"",""message_number"":6}]",yoked,"{'A': -4.542052745819092, 'E': -0.042052581906318665, 'B': -4.042052745819092, 'C': -4.542052745819092, 'D': -6.542052745819092, 'F': -7.042052745819092, 'K': -16.54205322265625, 'G': -20.54205322265625, 'J': -22.04205322265625, 'H': -22.54205322265625, 'L': -26.04205322265625, 'I': -29.04205322265625}"
BTbGhXZvjdSFubTBg,18,1,I,1.0,[],[],"[{""role"":""describer"",""text"":""the ice skating one"",""message_number"":1}]",yoked,"{'C': -0.04704371094703674, 'E': -3.547043800354004, 'B': -4.547043800354004, 'A': -5.047043800354004, 'D': -9.047043800354004, 'G': -16.547042846679688, 'F': -18.547042846679688, 'K': -19.797042846679688, 'J': -23.797042846679688, 'I': -24.297042846679688, 'H': -24.297042846679688, 'L': -25.297042846679688}"
BTbGhXZvjdSFubTBg,19,1,D,0.8,[],[],"[{""role"":""describer"",""text"":""the one standing straight with arms outstretched"",""message_number"":1},{""role"":""describer"",""text"":""looks like holding a tray"",""message_number"":2},{""role"":""matcher"",""text"":""upside down top hat"",""message_number"":3}]",yoked,"{'D': -0.01255748514086008, 'A': -4.512557506561279, 'J': -6.512557506561279, 'K': -11.012557029724121, 'B': -12.012557029724121, 'L': -14.012557029724121, 'I': -15.262557029724121, 'C': -15.512557029724121, 'E': -19.512557983398438, 'F': -19.512557983398438, 'H': -19.762557983398438, 'G': -24.012557983398438}"
BTbGhXZvjdSFubTBg,20,1,B,1.0,[],[],"[{""role"":""describer"",""text"":""kneeling head forward feet showing"",""message_number"":1},{""role"":""describer"",""text"":""praying"",""message_number"":2},{""role"":""matcher"",""text"":""Bent knees"",""message_number"":3},{""role"":""matcher"",""text"":""Is he puking out a triangle"",""message_number"":4},{""role"":""describer"",""text"":""triangle"",""message_number"":5},{""role"":""matcher"",""text"":""To me that looks like someone in a kimono going \""SAFE\"" like at a baseball game"",""message_number"":6},{""role"":""matcher"",""text"":""i can see that lol"",""message_number"":7}]",yoked,"{'F': -0.07981119304895401, 'B': -2.5798110961914062, 'E': -7.579811096191406, 'A': -8.079811096191406, 'D': -10.079811096191406, 'K': -10.079811096191406, 'J': -11.079811096191406, 'C': -13.579811096191406, 'G': -19.829811096191406, 'L': -23.329811096191406, 'H': -23.329811096191406, 'I': -25.079811096191406}"
BTbGhXZvjdSFubTBg,21,1,L,1.0,[],[],"[{""role"":""describer"",""text"":""bent knees but not kneeling arms out"",""message_number"":1},{""role"":""describer"",""text"":""both feet on floor"",""message_number"":2},{""role"":""matcher"",""text"":""Does he kind of have the shape of the letter S"",""message_number"":3},{""role"":""matcher"",""text"":""lightning bolt"",""message_number"":4}]",yoked,"{'A': -0.2270100861787796, 'C': -1.7270101308822632, 'B': -3.7270100116729736, 'D': -6.727010250091553, 'G': -11.727009773254395, 'E': -13.727009773254395, 'K': -18.72701072692871, 'F': -21.72701072692871, 'H': -26.47701072692871, 'L': -28.47701072692871, 'I': -31.22701072692871, 'J': -31.47701072692871}"
BTbGhXZvjdSFubTBg,22,1,C,1.0,[],[],"[{""role"":""describer"",""text"":""flying person"",""message_number"":1},{""role"":""matcher"",""text"":""Raver guy"",""message_number"":2},{""role"":""matcher"",""text"":""Like a ghost"",""message_number"":3},{""role"":""matcher"",""text"":""No legs"",""message_number"":4},{""role"":""describer"",""text"":""no legs flat body"",""message_number"":5},{""role"":""matcher"",""text"":""Ghost meme"",""message_number"":6},{""role"":""matcher"",""text"":""Arms out in the air or no arms"",""message_number"":7},{""role"":""describer"",""text"":""both arms in air"",""message_number"":8},{""role"":""matcher"",""text"":""Raver guy"",""message_number"":9}]",yoked,"{'A': -0.07919508218765259, 'C': -2.579195022583008, 'E': -8.579195022583008, 'K': -9.079195022583008, 'B': -13.079195022583008, 'J': -14.329195022583008, 'D': -14.829195022583008, 'L': -15.329195022583008, 'I': -17.829195022583008, 'H': -18.579195022583008, 'G': -18.829195022583008, 'F': -24.829195022583008}"
BTbGhXZvjdSFubTBg,23,1,H,1.0,[],[],"[{""role"":""describer"",""text"":""sitting down with no feet showing legs to one side"",""message_number"":1},{""role"":""describer"",""text"":""no arms"",""message_number"":2},{""role"":""matcher"",""text"":""Swaddled up like a bb"",""message_number"":3},{""role"":""matcher"",""text"":""cute bb"",""message_number"":4},{""role"":""matcher"",""text"":""I think that's the one that looks like a ghost to me, like he's wearing a sheet ( )"",""message_number"":5}]",yoked,"{'D': -0.004993111826479435, 'B': -5.504992961883545, 'F': -7.004992961883545, 'A': -12.004993438720703, 'E': -14.504993438720703, 'C': -15.754993438720703, 'H': -17.504993438720703, 'K': -19.254993438720703, 'G': -20.254993438720703, 'L': -24.754993438720703, 'I': -29.004993438720703, 'J': -31.254993438720703}"
BTbGhXZvjdSFubTBg,24,2,E,1.0,[],[],"[{""role"":""describer"",""text"":""rabbit ears guy"",""message_number"":1}]",yoked,"{'E': -0.00012337400403339416, 'C': -9.000123023986816, 'A': -17.000123977661133, 'K': -19.000123977661133, 'B': -21.000123977661133, 'G': -24.000123977661133, 'F': -25.750123977661133, 'J': -26.250123977661133, 'I': -28.000123977661133, 'D': -28.000123977661133, 'L': -28.250123977661133, 'H': -31.750123977661133}"
BTbGhXZvjdSFubTBg,25,2,J,1.0,[],[],"[{""role"":""describer"",""text"":""square body shape guy"",""message_number"":1}]",yoked,"{'B': -0.053898394107818604, 'D': -3.053898334503174, 'F': -5.553898334503174, 'A': -6.553898334503174, 'E': -17.553897857666016, 'J': -19.553897857666016, 'C': -20.053897857666016, 'K': -21.053897857666016, 'H': -22.803897857666016, 'G': -25.303897857666016, 'L': -28.303897857666016, 'I': -28.803897857666016}"
BTbGhXZvjdSFubTBg,26,2,D,1.0,[],[],"[{""role"":""describer"",""text"":""person holding a tray"",""message_number"":1},{""role"":""matcher"",""text"":""top hat"",""message_number"":2},{""role"":""describer"",""text"":""upside down top hat"",""message_number"":3}]",yoked,"{'D': -0.059158142656087875, 'A': -3.0591580867767334, 'B': -4.5591583251953125, 'J': -10.059158325195312, 'K': -14.059158325195312, 'L': -14.809158325195312, 'C': -15.059158325195312, 'H': -19.059158325195312, 'E': -21.059158325195312, 'F': -21.309158325195312, 'I': -21.809158325195312, 'G': -23.809158325195312}"
BTbGhXZvjdSFubTBg,27,2,B,1.0,[],[],"[{""role"":""describer"",""text"":""puking a triangle guy"",""message_number"":1},{""role"":""matcher"",""text"":""The kimono guy going \""SAFE\"""",""message_number"":2},{""role"":""matcher"",""text"":""Kimono baseball"",""message_number"":3}]",yoked,"{'F': -0.17948566377162933, 'E': -2.179485559463501, 'B': -3.179485559463501, 'D': -4.67948579788208, 'A': -9.179485321044922, 'C': -9.179485321044922, 'G': -9.179485321044922, 'K': -15.679485321044922, 'H': -16.679485321044922, 'J': -21.179485321044922, 'L': -21.429485321044922, 'I': -26.429485321044922}"
BTbGhXZvjdSFubTBg,28,2,F,1.0,[],[],"[{""role"":""describer"",""text"":""slouchy guy"",""message_number"":1},{""role"":""matcher"",""text"":""bean bag sloucher"",""message_number"":2},{""role"":""matcher"",""text"":""bean bag"",""message_number"":3}]",yoked,"{'F': -0.07889261096715927, 'B': -2.578892707824707, 'A': -13.578892707824707, 'E': -13.578892707824707, 'D': -15.078892707824707, 'G': -22.57889175415039, 'C': -24.57889175415039, 'H': -25.07889175415039, 'K': -28.32889175415039, 'L': -31.82889175415039, 'I': -32.07889175415039, 'J': -36.32889175415039}"
BTbGhXZvjdSFubTBg,29,2,A,1.0,[],[],"[{""role"":""describer"",""text"":""zombie!"",""message_number"":1}]",yoked,"{'A': -7.486063259420916e-05, 'D': -9.50007438659668, 'B': -17.00007438659668, 'E': -20.00007438659668, 'H': -25.25007438659668, 'F': -26.25007438659668, 'C': -26.50007438659668, 'K': -30.25007438659668, 'G': -30.50007438659668, 'I': -31.50007438659668, 'L': -32.50007629394531, 'J': -37.25007629394531}"
BTbGhXZvjdSFubTBg,30,2,I,1.0,[],[],"[{""role"":""describer"",""text"":""ice skater"",""message_number"":1}]",yoked,"{'A': -6.246371776796877e-05, 'B': -10.000061988830566, 'C': -11.500061988830566, 'E': -12.000061988830566, 'D': -14.000061988830566, 'K': -21.750062942504883, 'I': -26.500062942504883, 'L': -26.500062942504883, 'J': -28.250062942504883, 'F': -28.500062942504883, 'G': -29.250062942504883, 'H': -31.500062942504883}"
BTbGhXZvjdSFubTBg,31,2,H,1.0,[],[],"[{""role"":""matcher"",""text"":""we getting good at this"",""message_number"":1},{""role"":""describer"",""text"":""sitting down no arms showing legs to one side"",""message_number"":2},{""role"":""matcher"",""text"":""the bb"",""message_number"":3},{""role"":""matcher"",""text"":""Swaddled baby"",""message_number"":4},{""role"":""matcher"",""text"":""Baby"",""message_number"":5},{""role"":""describer"",""text"":""the bb"",""message_number"":6}]",yoked,"{'B': -35.50020217895508, 'F': -8.500203132629395, 'E': -22.75020408630371, 'D': -27.00020408630371, 'H': -28.50020408630371, 'A': -30.25020408630371, 'C': -31.25020408630371, 'G': -34.00020217895508, 'K': -36.00020217895508, 'I': -36.25020217895508, 'L': -39.00020217895508, 'J': -40.50020217895508}"
BTbGhXZvjdSFubTBg,32,2,L,1.0,[],[],"[{""role"":""describer"",""text"":""knees bent but still standing"",""message_number"":1},{""role"":""matcher"",""text"":""S guy"",""message_number"":2}]",yoked,"{'B': -0.14237737655639648, 'A': -2.1423773765563965, 'C': -4.6423773765563965, 'D': -5.6423773765563965, 'E': -6.1423773765563965, 'K': -14.892377853393555, 'F': -16.392377853393555, 'G': -17.392377853393555, 'L': -18.642377853393555, 'H': -20.142377853393555, 'I': -21.142377853393555, 'J': -23.392377853393555}"
BTbGhXZvjdSFubTBg,33,2,G,1.0,[],[],"[{""role"":""describer"",""text"":""kung fu guy"",""message_number"":1},{""role"":""matcher"",""text"":""The dancer one"",""message_number"":2},{""role"":""matcher"",""text"":""Dramatic yoga pose"",""message_number"":3}]",yoked,"{'E': -0.3352462649345398, 'B': -1.3352463245391846, 'A': -3.8352463245391846, 'C': -8.835246086120605, 'F': -12.835246086120605, 'D': -16.835247039794922, 'G': -17.335247039794922, 'K': -19.835247039794922, 'H': -27.835247039794922, 'J': -28.085247039794922, 'I': -29.085247039794922, 'L': -31.085247039794922}"
BTbGhXZvjdSFubTBg,34,2,K,0.8,[],[],"[{""role"":""describer"",""text"":""kneeling with feet up and arms out"",""message_number"":1},{""role"":""describer"",""text"":""head up"",""message_number"":2},{""role"":""matcher"",""text"":""beggar"",""message_number"":3},{""role"":""matcher"",""text"":""Triangle arms"",""message_number"":4},{""role"":""matcher"",""text"":""Looks like he has a hoodie"",""message_number"":5},{""role"":""matcher"",""text"":""Looks like a monk beggar :P"",""message_number"":6}]",yoked,"{'B': -2.372236667724792e-05, 'F': -11.00002384185791, 'E': -12.00002384185791, 'A': -14.00002384185791, 'D': -21.250022888183594, 'C': -22.000022888183594, 'K': -24.250022888183594, 'G': -28.000022888183594, 'H': -29.250022888183594, 'J': -31.500022888183594, 'I': -32.750022888183594, 'L': -34.000022888183594}"
BTbGhXZvjdSFubTBg,35,2,C,1.0,[],[],"[{""role"":""describer"",""text"":""the flying ghost meme"",""message_number"":1}]",yoked,"{'E': -0.3498745262622833, 'K': -1.349874496459961, 'A': -3.349874496459961, 'C': -8.099874496459961, 'D': -8.349874496459961, 'B': -8.349874496459961, 'G': -9.599874496459961, 'F': -11.099874496459961, 'L': -13.849874496459961, 'J': -14.099874496459961, 'H': -14.599874496459961, 'I': -14.849874496459961}"
BTbGhXZvjdSFubTBg,36,3,K,1.0,[],[],"[{""role"":""describer"",""text"":""the beggar in a hoodie"",""message_number"":1}]",yoked,"{'A': -0.00248968368396163, 'B': -6.0024895668029785, 'E': -11.502490043640137, 'D': -12.502490043640137, 'F': -16.50248908996582, 'C': -17.25248908996582, 'G': -22.00248908996582, 'K': -24.50248908996582, 'H': -25.25248908996582, 'L': -28.25248908996582, 'I': -29.00248908996582, 'J': -29.50248908996582}"
BTbGhXZvjdSFubTBg,37,3,E,1.0,[],[],"[{""role"":""describer"",""text"":""rabbit ears guy"",""message_number"":1}]",yoked,"{'E': -7.486063259420916e-05, 'C': -9.50007438659668, 'A': -17.50007438659668, 'K': -19.50007438659668, 'B': -21.25007438659668, 'G': -24.75007438659668, 'F': -26.25007438659668, 'J': -26.75007438659668, 'I': -28.25007438659668, 'D': -28.25007438659668, 'L': -28.50007438659668, 'H': -32.25007629394531}"
BTbGhXZvjdSFubTBg,38,3,B,1.0,[],[],"[{""role"":""describer"",""text"":""puking a triangle"",""message_number"":1}]",yoked,"{'D': -3.576278118089249e-07, 'A': -14.75, 'B': -17.5, 'E': -18.75, 'C': -20.75, 'H': -21.25, 'F': -22.0, 'K': -23.0, 'G': -26.0, 'J': -26.25, 'L': -30.25, 'I': -32.0}"
BTbGhXZvjdSFubTBg,39,3,J,1.0,[],[],"[{""role"":""describer"",""text"":""square body guy"",""message_number"":1}]",yoked,"{'B': -0.13288503885269165, 'D': -2.132884979248047, 'A': -5.132884979248047, 'F': -10.132884979248047, 'E': -19.132884979248047, 'J': -19.632884979248047, 'C': -20.132884979248047, 'K': -20.632884979248047, 'H': -25.132884979248047, 'G': -26.382884979248047, 'L': -29.632884979248047, 'I': -29.882884979248047}"
BTbGhXZvjdSFubTBg,40,3,L,1.0,[],[],"[{""role"":""describer"",""text"":""s shaped guy"",""message_number"":1}]",yoked,"{'E': -0.009366615675389767, 'F': -5.009366512298584, 'B': -6.509366512298584, 'A': -7.509366512298584, 'C': -7.509366512298584, 'D': -10.009366989135742, 'G': -11.009366989135742, 'H': -14.009366989135742, 'L': -16.009366989135742, 'K': -18.759366989135742, 'J': -20.759366989135742, 'I': -26.009366989135742}"
BTbGhXZvjdSFubTBg,41,3,C,1.0,[],[],"[{""role"":""describer"",""text"":""the flying ghost"",""message_number"":1}]",yoked,"{'C': -0.018699781969189644, 'E': -4.018699645996094, 'A': -7.518699645996094, 'B': -12.018699645996094, 'D': -14.518699645996094, 'K': -15.518699645996094, 'G': -17.018699645996094, 'F': -19.768699645996094, 'H': -19.768699645996094, 'I': -21.768699645996094, 'J': -22.518699645996094, 'L': -24.018699645996094}"
BTbGhXZvjdSFubTBg,42,3,A,1.0,[],[],"[{""role"":""describer"",""text"":""zombie"",""message_number"":1}]",yoked,"{'A': -0.011047860607504845, 'D': -4.511047840118408, 'B': -16.01104736328125, 'E': -17.51104736328125, 'H': -22.01104736328125, 'C': -23.76104736328125, 'F': -25.26104736328125, 'K': -25.76104736328125, 'G': -26.76104736328125, 'L': -28.26104736328125, 'I': -30.01104736328125, 'J': -37.26104736328125}"
BTbGhXZvjdSFubTBg,43,3,F,1.0,[],[],"[{""role"":""describer"",""text"":""bean bag guy"",""message_number"":1}]",yoked,"{'E': -0.08415623754262924, 'A': -2.5841562747955322, 'B': -5.584156036376953, 'F': -6.584156036376953, 'D': -9.084156036376953, 'C': -15.584156036376953, 'G': -18.084156036376953, 'K': -19.084156036376953, 'H': -21.584156036376953, 'L': -23.584156036376953, 'I': -28.084156036376953, 'J': -28.084156036376953}"
BTbGhXZvjdSFubTBg,44,3,I,1.0,[],[],"[{""role"":""describer"",""text"":""ice skater"",""message_number"":1}]",yoked,"{'A': -7.354942499659956e-05, 'B': -10.000073432922363, 'C': -11.000073432922363, 'E': -11.500073432922363, 'D': -13.500073432922363, 'K': -21.50007438659668, 'I': -26.25007438659668, 'L': -26.25007438659668, 'F': -28.00007438659668, 'J': -28.00007438659668, 'G': -29.00007438659668, 'H': -31.00007438659668}"
BTbGhXZvjdSFubTBg,45,3,H,1.0,[],[],"[{""role"":""describer"",""text"":""sitting down with no arms legs to one side"",""message_number"":1}]",yoked,"{'D': -0.0005631053354591131, 'B': -7.500563144683838, 'F': -11.50056266784668, 'H': -18.50056266784668, 'A': -18.75056266784668, 'E': -21.75056266784668, 'C': -26.25056266784668, 'L': -27.75056266784668, 'J': -28.00056266784668, 'K': -30.50056266784668, 'G': -31.50056266784668, 'I': -33.75056457519531}"
BTbGhXZvjdSFubTBg,46,3,G,0.8,[],[],"[{""role"":""describer"",""text"":""kung fu yoga expert"",""message_number"":1}]",yoked,"{'E': -0.2047577202320099, 'A': -1.7047576904296875, 'C': -5.7047576904296875, 'B': -11.704757690429688, 'D': -14.704757690429688, 'K': -18.704757690429688, 'G': -20.704757690429688, 'I': -22.454757690429688, 'F': -24.954757690429688, 'J': -25.454757690429688, 'L': -26.954757690429688, 'H': -29.454757690429688}"
BTbGhXZvjdSFubTBg,47,3,D,1.0,[],[],"[{""role"":""describer"",""text"":""upside down top hat"",""message_number"":1}]",yoked,"{'J': -0.0013412775006145239, 'A': -7.501341342926025, 'B': -7.751341342926025, 'D': -8.001340866088867, 'L': -10.751340866088867, 'E': -14.251340866088867, 'C': -14.501340866088867, 'K': -15.751340866088867, 'F': -16.251340866088867, 'I': -17.001340866088867, 'H': -18.001340866088867, 'G': -23.501340866088867}"
BTbGhXZvjdSFubTBg,48,4,D,1.0,[],[],"[{""role"":""describer"",""text"":""upside down top hat"",""message_number"":1}]",yoked,"{'J': -0.0013412775006145239, 'A': -7.501341342926025, 'B': -7.751341342926025, 'D': -8.001340866088867, 'L': -10.751340866088867, 'E': -14.251340866088867, 'C': -14.501340866088867, 'K': -15.751340866088867, 'F': -16.251340866088867, 'I': -17.001340866088867, 'H': -18.001340866088867, 'G': -23.501340866088867}"
BTbGhXZvjdSFubTBg,49,4,G,1.0,[],[],"[{""role"":""describer"",""text"":""kung fu yoga guy again"",""message_number"":1}]",yoked,"{'E': -0.0009126074146479368, 'A': -7.000912666320801, 'B': -14.0009126663208, 'C': -15.5009126663208, 'F': -16.500911712646484, 'D': -17.000911712646484, 'G': -20.250911712646484, 'K': -23.500911712646484, 'J': -28.000911712646484, 'H': -29.250911712646484, 'I': -29.750911712646484, 'L': -31.500911712646484}"
BTbGhXZvjdSFubTBg,50,4,E,1.0,[],[],"[{""role"":""describer"",""text"":""rabbit ears"",""message_number"":1}]",yoked,"{'E': -0.006777276284992695, 'A': -5.006777286529541, 'C': -10.006776809692383, 'K': -11.006776809692383, 'B': -15.006776809692383, 'J': -20.006776809692383, 'L': -22.256776809692383, 'I': -23.006776809692383, 'D': -23.006776809692383, 'F': -24.756776809692383, 'G': -26.756776809692383, 'H': -27.756776809692383}"
BTbGhXZvjdSFubTBg,51,4,F,1.0,[],[],"[{""role"":""describer"",""text"":""bean bag guy"",""message_number"":1}]",yoked,"{'E': -0.08415623754262924, 'A': -2.5841562747955322, 'B': -5.584156036376953, 'F': -6.584156036376953, 'D': -9.084156036376953, 'C': -15.584156036376953, 'G': -18.084156036376953, 'K': -19.084156036376953, 'H': -21.584156036376953, 'L': -23.584156036376953, 'I': -28.084156036376953, 'J': -28.084156036376953}"
BTbGhXZvjdSFubTBg,52,4,I,1.0,[],[],"[{""role"":""describer"",""text"":""ice skater"",""message_number"":1}]",yoked,"{'A': -7.354942499659956e-05, 'B': -10.000073432922363, 'C': -11.000073432922363, 'E': -11.500073432922363, 'D': -13.500073432922363, 'K': -21.50007438659668, 'I': -26.25007438659668, 'L': -26.25007438659668, 'F': -28.00007438659668, 'J': -28.00007438659668, 'G': -29.00007438659668, 'H': -31.00007438659668}"
BTbGhXZvjdSFubTBg,53,4,L,1.0,[],[],"[{""role"":""describer"",""text"":""s shape guy"",""message_number"":1}]",yoked,"{'E': -0.0019631178583949804, 'A': -7.501963138580322, 'C': -7.501963138580322, 'F': -7.501963138580322, 'B': -8.501962661743164, 'D': -9.501962661743164, 'G': -11.001962661743164, 'H': -11.501962661743164, 'L': -14.501962661743164, 'K': -16.501962661743164, 'J': -21.001962661743164, 'I': -25.751962661743164}"
BTbGhXZvjdSFubTBg,54,4,A,1.0,[],[],"[{""role"":""describer"",""text"":""halloween time zombie"",""message_number"":1}]",yoked,"{'D': -0.0183633491396904, 'A': -4.0183634757995605, 'B': -8.518362998962402, 'E': -11.268362998962402, 'F': -15.768362998962402, 'H': -15.768362998962402, 'C': -16.51836395263672, 'K': -17.76836395263672, 'G': -18.76836395263672, 'I': -19.26836395263672, 'L': -20.26836395263672, 'J': -24.26836395263672}"
BTbGhXZvjdSFubTBg,55,4,H,1.0,[],[],"[{""role"":""describer"",""text"":""sitting no arms and legs to one side I will call them Kevin"",""message_number"":1},{""role"":""matcher"",""text"":""<3 Kevin"",""message_number"":2},{""role"":""matcher"",""text"":""bb kevin"",""message_number"":3}]",yoked,"{'F': -0.001503052655607462, 'B': -6.501502990722656, 'H': -14.501502990722656, 'D': -15.001502990722656, 'E': -19.751502990722656, 'A': -26.251502990722656, 'C': -28.501502990722656, 'G': -29.251502990722656, 'K': -29.251502990722656, 'L': -29.501502990722656, 'I': -31.001502990722656, 'J': -34.251502990722656}"
BTbGhXZvjdSFubTBg,56,4,K,1.0,[],[],"[{""role"":""describer"",""text"":""the beggar"",""message_number"":1}]",yoked,"{'A': -0.048674196004867554, 'B': -3.0486741065979004, 'E': -9.548674583435059, 'D': -11.548674583435059, 'F': -12.048674583435059, 'C': -19.048673629760742, 'G': -22.298673629760742, 'H': -22.548673629760742, 'I': -26.298673629760742, 'K': -26.298673629760742, 'L': -26.798673629760742, 'J': -32.298675537109375}"
BTbGhXZvjdSFubTBg,57,4,J,1.0,[],[],"[{""role"":""describer"",""text"":""square shape body guy"",""message_number"":1}]",yoked,"{'B': -0.017689788714051247, 'D': -4.5176897048950195, 'A': -5.0176897048950195, 'F': -15.51768970489502, 'C': -23.267690658569336, 'K': -23.517690658569336, 'J': -23.767690658569336, 'E': -28.017690658569336, 'H': -30.267690658569336, 'G': -30.517690658569336, 'L': -33.2676887512207, 'I': -34.0176887512207}"
BTbGhXZvjdSFubTBg,58,4,B,1.0,[],[],"[{""role"":""describer"",""text"":""puking a triangle guy"",""message_number"":1}]",yoked,"{'D': -4.768370445162873e-07, 'A': -14.5, 'E': -17.0, 'B': -17.25, 'F': -19.75, 'C': -21.5, 'H': -22.0, 'K': -24.75, 'G': -26.5, 'J': -28.25, 'L': -32.25, 'I': -33.0}"
BTbGhXZvjdSFubTBg,59,4,C,1.0,[],[],"[{""role"":""describer"",""text"":""the flying ghost"",""message_number"":1}]",yoked,"{'C': -0.018699781969189644, 'E': -4.018699645996094, 'A': -7.518699645996094, 'B': -12.018699645996094, 'D': -14.518699645996094, 'K': -15.518699645996094, 'G': -17.018699645996094, 'F': -19.768699645996094, 'H': -19.768699645996094, 'I': -21.768699645996094, 'J': -22.518699645996094, 'L': -24.018699645996094}"
BTbGhXZvjdSFubTBg,60,5,L,1.0,[],[],"[{""role"":""describer"",""text"":""s shape guy"",""message_number"":1}]",yoked,"{'E': -0.0019631178583949804, 'A': -7.501963138580322, 'C': -7.501963138580322, 'F': -7.501963138580322, 'B': -8.501962661743164, 'D': -9.501962661743164, 'G': -11.001962661743164, 'H': -11.501962661743164, 'L': -14.501962661743164, 'K': -16.501962661743164, 'J': -21.001962661743164, 'I': -25.751962661743164}"
BTbGhXZvjdSFubTBg,61,5,I,1.0,[],[],"[{""role"":""describer"",""text"":""ice skater"",""message_number"":1}]",yoked,"{'A': -7.354942499659956e-05, 'B': -10.000073432922363, 'C': -11.000073432922363, 'E': -11.500073432922363, 'D': -13.500073432922363, 'K': -21.50007438659668, 'I': -26.25007438659668, 'L': -26.25007438659668, 'F': -28.00007438659668, 'J': -28.00007438659668, 'G': -29.00007438659668, 'H': -31.00007438659668}"
BTbGhXZvjdSFubTBg,62,5,D,1.0,[],[],"[{""role"":""describer"",""text"":""upside down top hat"",""message_number"":1}]",yoked,"{'J': -0.0013412775006145239, 'A': -7.501341342926025, 'B': -7.751341342926025, 'D': -8.001340866088867, 'L': -10.751340866088867, 'E': -14.251340866088867, 'C': -14.501340866088867, 'K': -15.751340866088867, 'F': -16.251340866088867, 'I': -17.001340866088867, 'H': -18.001340866088867, 'G': -23.501340866088867}"
BTbGhXZvjdSFubTBg,63,5,E,1.0,[],[],"[{""role"":""describer"",""text"":""rabbit ears"",""message_number"":1}]",yoked,"{'E': -0.006777276284992695, 'A': -5.006777286529541, 'C': -10.006776809692383, 'K': -11.006776809692383, 'B': -15.006776809692383, 'J': -20.006776809692383, 'L': -22.256776809692383, 'I': -23.006776809692383, 'D': -23.006776809692383, 'F': -24.756776809692383, 'G': -26.756776809692383, 'H': -27.756776809692383}"
BTbGhXZvjdSFubTBg,64,5,G,1.0,[],[],"[{""role"":""describer"",""text"":""kung fu yoga guy"",""message_number"":1}]",yoked,"{'A': -0.47414082288742065, 'E': -0.9741408228874207, 'B': -9.974141120910645, 'C': -10.974141120910645, 'D': -16.474140167236328, 'F': -20.224140167236328, 'G': -22.474140167236328, 'K': -22.974140167236328, 'I': -27.224140167236328, 'J': -28.724140167236328, 'L': -31.224140167236328, 'H': -31.224140167236328}"
BTbGhXZvjdSFubTBg,65,5,K,1.0,[],[],"[{""role"":""describer"",""text"":""beggar"",""message_number"":1}]",yoked,"{'A': -1.1920928244535389e-07, 'B': -16.5, 'E': -19.0, 'D': -19.5, 'C': -28.0, 'F': -28.0, 'H': -31.0, 'K': -33.25, 'I': -34.0, 'G': -34.25, 'L': -35.0, 'J': -40.0}"
BTbGhXZvjdSFubTBg,66,5,A,1.0,[],[],"[{""role"":""describer"",""text"":""zombie"",""message_number"":1}]",yoked,"{'A': -0.011047860607504845, 'D': -4.511047840118408, 'B': -16.01104736328125, 'E': -17.01104736328125, 'H': -21.51104736328125, 'C': -23.76104736328125, 'F': -24.51104736328125, 'K': -25.76104736328125, 'G': -26.26104736328125, 'L': -28.01104736328125, 'I': -29.76104736328125, 'J': -37.01104736328125}"
BTbGhXZvjdSFubTBg,67,5,C,1.0,[],[],"[{""role"":""describer"",""text"":""flying ghost"",""message_number"":1}]",yoked,"{'C': -0.00012563870404846966, 'E': -9.000125885009766, 'A': -13.000125885009766, 'B': -17.750125885009766, 'K': -18.500125885009766, 'D': -20.750125885009766, 'G': -22.250125885009766, 'H': -23.000125885009766, 'F': -25.750125885009766, 'I': -26.000125885009766, 'J': -27.000125885009766, 'L': -27.750125885009766}"
BTbGhXZvjdSFubTBg,68,5,B,1.0,[],[],"[{""role"":""describer"",""text"":""puking a triangle"",""message_number"":1}]",yoked,"{'D': -3.576278118089249e-07, 'A': -14.75, 'B': -17.5, 'E': -18.75, 'C': -20.75, 'H': -21.25, 'F': -22.0, 'K': -23.0, 'G': -26.0, 'J': -26.25, 'L': -30.25, 'I': -32.0}"
BTbGhXZvjdSFubTBg,69,5,F,1.0,[],[],"[{""role"":""describer"",""text"":""bean bag guy"",""message_number"":1}]",yoked,"{'E': -0.08512616157531738, 'A': -2.5851261615753174, 'B': -5.585125923156738, 'F': -6.085125923156738, 'D': -8.585125923156738, 'C': -15.085125923156738, 'G': -17.335126876831055, 'K': -18.585126876831055, 'H': -20.585126876831055, 'L': -22.835126876831055, 'I': -27.335126876831055, 'J': -27.335126876831055}"
BTbGhXZvjdSFubTBg,70,5,J,1.0,[],[],"[{""role"":""describer"",""text"":""square shape body guy"",""message_number"":1}]",yoked,"{'B': -0.017689788714051247, 'D': -4.5176897048950195, 'A': -5.0176897048950195, 'F': -15.51768970489502, 'C': -23.017690658569336, 'K': -23.517690658569336, 'J': -23.517690658569336, 'E': -27.767690658569336, 'H': -30.017690658569336, 'G': -30.267690658569336, 'L': -33.2676887512207, 'I': -33.7676887512207}"
BTbGhXZvjdSFubTBg,71,5,H,1.0,[],[],"[{""role"":""describer"",""text"":""kevin the baby"",""message_number"":1},{""role"":""matcher"",""text"":""yess kevin"",""message_number"":2}]",yoked,"{'A': -0.315170556306839, 'E': -1.3151705265045166, 'B': -6.315170764923096, 'D': -9.315170288085938, 'F': -12.315170288085938, 'L': -12.565170288085938, 'K': -16.565170288085938, 'C': -17.815170288085938, 'J': -18.815170288085938, 'G': -19.065170288085938, 'H': -19.315170288085938, 'I': -19.815170288085938}"
GWCD2NGoiA2n5Wh2i,0,0,G,0.0,[],[],"[{""role"":""describer"",""text"":""looks like a person leaning back, with head forward"",""message_number"":1},{""role"":""describer"",""text"":""except there is a small triangle in the back"",""message_number"":2},{""role"":""matcher"",""text"":""are the legs showing"",""message_number"":3},{""role"":""describer"",""text"":""not the one that clearly looks like a person, sorry! no legs"",""message_number"":4},{""role"":""matcher"",""text"":""Facing which direction, left or right"",""message_number"":5},{""role"":""describer"",""text"":""left"",""message_number"":6},{""role"":""matcher"",""text"":""is the head at the very top of the tangram, or lower down"",""message_number"":7},{""role"":""describer"",""text"":""hmm, top i'd say, though leaning forward"",""message_number"":8}]",yoked,"{'K': -0.01816599816083908, 'J': -4.0181660652160645, 'I': -11.518165588378906, 'L': -12.018165588378906, 'A': -18.018165588378906, 'C': -21.268165588378906, 'B': -23.018165588378906, 'D': -23.518165588378906, 'H': -23.768165588378906, 'E': -26.768165588378906, 'G': -28.018165588378906, 'F': -29.518165588378906}"
GWCD2NGoiA2n5Wh2i,1,0,D,1.0,[],[],"[{""role"":""describer"",""text"":""ohh man i biffed the last one okay, this guy totally looks like a speaker standing at a podium"",""message_number"":1},{""role"":""describer"",""text"":""holding a book, maybe wearing a robe"",""message_number"":2},{""role"":""matcher"",""text"":""are his arms on the left side of the body"",""message_number"":3},{""role"":""matcher"",""text"":""Book to the left feet to the left"",""message_number"":4},{""role"":""describer"",""text"":""feet to the left, book to the left"",""message_number"":5},{""role"":""matcher"",""text"":""which way is he facing"",""message_number"":6},{""role"":""matcher"",""text"":""does it look like he's holding an upside down hat"",""message_number"":7},{""role"":""describer"",""text"":""facing the left i wouldn't say he's wearing a hat"",""message_number"":8}]",yoked,"{'B': -0.9741275906562805, 'F': -0.4741275906562805, 'D': -9.974127769470215, 'A': -12.474127769470215, 'E': -15.474127769470215, 'C': -19.4741268157959, 'G': -20.4741268157959, 'J': -22.4741268157959, 'K': -25.9741268157959, 'H': -28.9741268157959, 'I': -31.4741268157959, 'L': -33.97412872314453}"
GWCD2NGoiA2n5Wh2i,2,0,L,1.0,[],[],"[{""role"":""describer"",""text"":""alright, this guy looks similar to the last, except he's facing the right, and kneeling"",""message_number"":1},{""role"":""describer"",""text"":""also with a book in hand"",""message_number"":2},{""role"":""matcher"",""text"":""bent legs head in the same orientation"",""message_number"":3},{""role"":""describer"",""text"":""bent legs, knees to the right, normal head"",""message_number"":4},{""role"":""matcher"",""text"":""more of a sharp book being held than last time"",""message_number"":5},{""role"":""matcher"",""text"":""is his back flat"",""message_number"":6},{""role"":""matcher"",""text"":""is the book triangle this time"",""message_number"":7},{""role"":""describer"",""text"":""yeah definitely, book looks more triangular"",""message_number"":8},{""role"":""matcher"",""text"":""yeah, is the back flat two images look like a guy facing the right"",""message_number"":9},{""role"":""describer"",""text"":""back is flat mostly, upright"",""message_number"":10}]",yoked,"{'B': -0.01822628453373909, 'D': -4.018226146697998, 'F': -9.518226623535156, 'A': -13.518226623535156, 'E': -14.018226623535156, 'K': -14.518226623535156, 'J': -17.018226623535156, 'C': -17.518226623535156, 'G': -18.518226623535156, 'L': -19.518226623535156, 'H': -21.518226623535156, 'I': -27.768226623535156}"
GWCD2NGoiA2n5Wh2i,3,0,J,0.8,[],[],"[{""role"":""describer"",""text"":""okay, so this one has a body that is shaped almost like a state like minnesota"",""message_number"":1},{""role"":""describer"",""text"":""but a diamond head on top"",""message_number"":2},{""role"":""matcher"",""text"":""obvious legs"",""message_number"":3},{""role"":""matcher"",""text"":""legs"",""message_number"":4},{""role"":""matcher"",""text"":""does it have a triangle turned right on bottom right side"",""message_number"":5},{""role"":""describer"",""text"":""the body is sort of one shape, feet pointing to right"",""message_number"":6},{""role"":""matcher"",""text"":""I see a shape that has a solid flat line on the right, and beside the head, a straight line on the top"",""message_number"":7},{""role"":""describer"",""text"":""also has a little triangle pointing to the right at the top, the shoulder area"",""message_number"":8},{""role"":""matcher"",""text"":""is it the most basic blob of the set"",""message_number"":9},{""role"":""matcher"",""text"":""facing to the right with pointy toes to the right and hands further to the right"",""message_number"":10}]",yoked,"{'B': -0.03626967966556549, 'A': -3.5362696647644043, 'D': -5.036269664764404, 'J': -16.036270141601562, 'K': -17.036270141601562, 'E': -18.536270141601562, 'F': -18.536270141601562, 'C': -20.036270141601562, 'L': -20.786270141601562, 'H': -21.786270141601562, 'G': -23.786270141601562, 'I': -26.536270141601562}"
GWCD2NGoiA2n5Wh2i,4,0,F,1.0,[],[],"[{""role"":""describer"",""text"":""anyway this guy looks like they're sitting, legs to the left"",""message_number"":1},{""role"":""matcher"",""text"":""head tilted down towards legs"",""message_number"":2},{""role"":""matcher"",""text"":""reclining, with the head tilted slightly forward"",""message_number"":3}]",yoked,"{'B': -2.753696753643453e-05, 'F': -10.500027656555176, 'E': -19.50002670288086, 'A': -19.75002670288086, 'D': -22.50002670288086, 'C': -24.25002670288086, 'H': -28.25002670288086, 'G': -29.75002670288086, 'K': -31.00002670288086, 'J': -31.50002670288086, 'L': -35.50002670288086, 'I': -35.75002670288086}"
GWCD2NGoiA2n5Wh2i,5,0,I,0.8,[],[],"[{""role"":""describer"",""text"":""this guy looks like he's doing a high kick to the right"",""message_number"":1},{""role"":""describer"",""text"":""body leaning to the left"",""message_number"":2},{""role"":""describer"",""text"":""weird double triangle body haha"",""message_number"":3},{""role"":""matcher"",""text"":""hmm with his 'robe' draping the ground low and to the left"",""message_number"":4},{""role"":""describer"",""text"":""like, standing on one leg, with another leg outstretched to the right"",""message_number"":5},{""role"":""matcher"",""text"":""like an ice skater"",""message_number"":6},{""role"":""describer"",""text"":""i wouldn't call what he's wearing a robe"",""message_number"":7},{""role"":""describer"",""text"":""yeah ice skater is a good description!"",""message_number"":8},{""role"":""matcher"",""text"":""beak looking thing to left"",""message_number"":9},{""role"":""matcher"",""text"":""2 pointy triangles on left"",""message_number"":10},{""role"":""matcher"",""text"":""under head"",""message_number"":11},{""role"":""describer"",""text"":""yup yup two pointy triangles facing left, with a head, one leg down and one to the right"",""message_number"":12}]",yoked,"{'B': -1.4305104514278355e-06, 'A': -13.500000953674316, 'E': -21.500001907348633, 'C': -22.000001907348633, 'D': -24.000001907348633, 'F': -26.000001907348633, 'K': -27.500001907348633, 'G': -30.750001907348633, 'H': -33.75, 'J': -34.75, 'L': -37.75, 'I': -41.0}"
GWCD2NGoiA2n5Wh2i,6,0,E,1.0,[],[],"[{""role"":""describer"",""text"":""this looks like a person who is wearing a big ole bow on their head (or like rabbit ears), facing the right also appear to be sitting"",""message_number"":1},{""role"":""matcher"",""text"":""hehe, rabbit ears are perfect"",""message_number"":2}]",yoked,"{'E': -4.8040190449682996e-05, 'A': -10.00004768371582, 'B': -13.00004768371582, 'C': -15.00004768371582, 'K': -18.00004768371582, 'J': -20.00004768371582, 'F': -23.00004768371582, 'L': -25.50004768371582, 'D': -27.00004768371582, 'G': -28.50004768371582, 'H': -30.50004768371582, 'I': -34.00004959106445}"
GWCD2NGoiA2n5Wh2i,7,0,C,1.0,[],[],"[{""role"":""describer"",""text"":""this looks like a guy wearing a robe pretending like he's flying both arms outstretched, head sort of leaning to the left"",""message_number"":1},{""role"":""describer"",""text"":""parallelogram (i think ) shaped body"",""message_number"":2},{""role"":""matcher"",""text"":""hahaha, I think that's what I was referring to as 'fainting man falling backwards'"",""message_number"":3}]",yoked,"{'F': -0.7181698083877563, 'E': -0.7181698083877563, 'B': -3.718169689178467, 'A': -8.218170166015625, 'C': -8.718170166015625, 'G': -14.718170166015625, 'D': -17.468170166015625, 'K': -20.468170166015625, 'J': -24.218170166015625, 'I': -25.718170166015625, 'H': -26.468170166015625, 'L': -28.718170166015625}"
GWCD2NGoiA2n5Wh2i,8,0,H,1.0,[],[],"[{""role"":""describer"",""text"":""oh no okay this one is similar to the one i called minnesota, so like pretty simple, with just a distinct \""head\"" diamond and then a body beneath"",""message_number"":1},{""role"":""describer"",""text"":""the body has sort of sloping shoulders"",""message_number"":2},{""role"":""matcher"",""text"":""BEAN SHAPED BODY"",""message_number"":3},{""role"":""matcher"",""text"":""with a small triangle on the bottom right"",""message_number"":4},{""role"":""describer"",""text"":""yeah i think so! bean is a good description lol"",""message_number"":5},{""role"":""describer"",""text"":""bean body"",""message_number"":6}]",yoked,"{'F': -1.6689160474925302e-05, 'B': -11.000016212463379, 'E': -21.750017166137695, 'D': -27.500017166137695, 'A': -28.500017166137695, 'J': -28.500017166137695, 'G': -29.000017166137695, 'H': -29.250017166137695, 'K': -29.500017166137695, 'C': -32.25001525878906, 'L': -36.00001525878906, 'I': -37.75001525878906}"
GWCD2NGoiA2n5Wh2i,9,0,B,0.4,[],[],"[{""role"":""describer"",""text"":""uhh this one does not really look like a person to me the shape around the head region looks a bit like the radioactive toxic designation"",""message_number"":1},{""role"":""describer"",""text"":""so like, a diamond, with two triangles below it one of the triangles is distinct, the other sort of blends with the body"",""message_number"":2},{""role"":""matcher"",""text"":""triangle on right side of neck"",""message_number"":3},{""role"":""matcher"",""text"":""could you say it looks like a zombie walking left"",""message_number"":4},{""role"":""describer"",""text"":""yeah the distinct triangle is to the right"",""message_number"":5},{""role"":""describer"",""text"":""the right of the neck"",""message_number"":6},{""role"":""describer"",""text"":""this does not look like a person walking to me"",""message_number"":7},{""role"":""matcher"",""text"":""if it were a person they'd be facing to the right with a long robe to the left and a tiny foot to the right"",""message_number"":8},{""role"":""describer"",""text"":""nah no foot to the right, if anything a foot to the left"",""message_number"":9}]",yoked,"{'B': -0.20264391601085663, 'A': -1.702643871307373, 'C': -6.702643871307373, 'D': -13.202644348144531, 'E': -14.702644348144531, 'K': -17.20264434814453, 'F': -21.70264434814453, 'G': -22.70264434814453, 'H': -25.45264434814453, 'J': -26.45264434814453, 'I': -31.70264434814453, 'L': -32.20264434814453}"
GWCD2NGoiA2n5Wh2i,10,0,A,1.0,[],[],"[{""role"":""describer"",""text"":""my bad guys! anyway this one looks a bit like a guy dancing, both legs to the left, one on the ground and one in the area"",""message_number"":1},{""role"":""matcher"",""text"":""head tilted back"",""message_number"":2},{""role"":""describer"",""text"":""\""head\"" diamond to the right, tilted back for sure"",""message_number"":3},{""role"":""matcher"",""text"":""one foot higher than the other"",""message_number"":4},{""role"":""describer"",""text"":""yup! pretty distinct feet legs"",""message_number"":5}]",yoked,"{'B': -0.013703790493309498, 'E': -4.5137038230896, 'F': -6.0137038230896, 'C': -8.513703346252441, 'A': -12.013703346252441, 'D': -14.513703346252441, 'G': -15.513703346252441, 'K': -17.013704299926758, 'J': -18.513704299926758, 'L': -25.013704299926758, 'H': -26.013704299926758, 'I': -30.763704299926758}"
GWCD2NGoiA2n5Wh2i,11,0,K,1.0,[],[],"[{""role"":""matcher"",""text"":""Have we had the guy kneeling with his hands outstretched yet"",""message_number"":1},{""role"":""describer"",""text"":""hmm this one has a diamond head, with another diamond directly beneath triangle to the right below that"",""message_number"":2},{""role"":""describer"",""text"":""has a triangle pointing directly up to the left"",""message_number"":3}]",yoked,"{'J': -0.0007524043321609497, 'F': -7.5007524490356445, 'B': -9.000752449035645, 'K': -9.500752449035645, 'E': -14.000752449035645, 'D': -15.000752449035645, 'A': -15.500752449035645, 'C': -19.500751495361328, 'G': -23.750751495361328, 'L': -24.000751495361328, 'I': -24.250751495361328, 'H': -25.750751495361328}"
GWCD2NGoiA2n5Wh2i,12,1,E,1.0,[],[],"[{""role"":""describer"",""text"":""bunny ears again!"",""message_number"":1}]",yoked,"{'E': -0.02012629061937332, 'K': -4.5201263427734375, 'C': -5.0201263427734375, 'A': -6.0201263427734375, 'B': -13.020126342773438, 'L': -13.520126342773438, 'J': -14.020126342773438, 'D': -16.770126342773438, 'G': -17.770126342773438, 'F': -18.520126342773438, 'I': -18.770126342773438, 'H': -21.770126342773438}"
GWCD2NGoiA2n5Wh2i,13,1,B,1.0,[],[],"[{""role"":""matcher"",""text"":""we should take notes Bunny ears, ice skater, etc heh"",""message_number"":1},{""role"":""describer"",""text"":""the one i thought looked radioactive, haha there is a little distinct triangle at the bottom right"",""message_number"":2},{""role"":""describer"",""text"":""bottom left!!!"",""message_number"":3}]",yoked,"{'A': -1.1086402082582936e-05, 'B': -12.000011444091797, 'D': -12.500011444091797, 'H': -14.000011444091797, 'F': -15.000011444091797, 'E': -17.500011444091797, 'C': -22.000011444091797, 'L': -23.750011444091797, 'G': -24.000011444091797, 'K': -24.750011444091797, 'J': -27.500011444091797, 'I': -31.500011444091797}"
GWCD2NGoiA2n5Wh2i,14,1,D,1.0,[],[],"[{""role"":""describer"",""text"":""guy standing at podium again, facing left"",""message_number"":1}]",yoked,"{'B': -0.01124909520149231, 'A': -4.51124906539917, 'D': -8.511249542236328, 'F': -16.011249542236328, 'E': -18.261249542236328, 'C': -19.511249542236328, 'K': -24.761249542236328, 'H': -27.761249542236328, 'J': -28.011249542236328, 'G': -29.511249542236328, 'I': -30.261249542236328, 'L': -30.511249542236328}"
GWCD2NGoiA2n5Wh2i,15,1,J,1.0,[],[],"[{""role"":""describer"",""text"":""minnesota lol i'm married but flattered"",""message_number"":1},{""role"":""describer"",""text"":""anyway, it's the other simple one, not the bean body"",""message_number"":2},{""role"":""matcher"",""text"":""okay just figured I'd not throw away my shot"",""message_number"":3}]",yoked,"{'C': -0.037340447306632996, 'A': -3.5373404026031494, 'D': -5.0373406410217285, 'E': -7.5373406410217285, 'B': -7.5373406410217285, 'F': -12.53734016418457, 'G': -14.03734016418457, 'K': -15.53734016418457, 'H': -19.03734016418457, 'L': -19.28734016418457, 'I': -21.78734016418457, 'J': -24.03734016418457}"
GWCD2NGoiA2n5Wh2i,16,1,F,0.8,[],[],"[{""role"":""describer"",""text"":""guy sitting', facing the left, legs out, head tilted a bit forward"",""message_number"":1}]",yoked,"{'B': -38.25, 'A': -13.750000953674316, 'D': -19.500001907348633, 'F': -20.000001907348633, 'E': -21.250001907348633, 'C': -24.500001907348633, 'H': -33.0, 'G': -33.25, 'K': -33.25, 'I': -35.25, 'L': -39.25, 'J': -39.25}"
GWCD2NGoiA2n5Wh2i,17,1,L,1.0,[],[],"[{""role"":""describer"",""text"":""this is the person holding a book and kneeling, facing right"",""message_number"":1},{""role"":""describer"",""text"":""kinda look like they're kneeing in a robe"",""message_number"":2}]",yoked,"{'B': -39.250003814697266, 'F': -12.500003814697266, 'A': -18.750003814697266, 'D': -20.500003814697266, 'E': -23.000003814697266, 'C': -28.500003814697266, 'H': -31.750003814697266, 'K': -33.750003814697266, 'G': -35.000003814697266, 'I': -38.750003814697266, 'L': -38.750003814697266, 'J': -41.500003814697266}"
GWCD2NGoiA2n5Wh2i,18,1,A,1.0,[],[],"[{""role"":""describer"",""text"":""dancing guy again!"",""message_number"":1},{""role"":""describer"",""text"":""legs facing left"",""message_number"":2},{""role"":""matcher"",""text"":""hmm ice skater on one leg"",""message_number"":3},{""role"":""describer"",""text"":""one up, one on floor not the ice skater"",""message_number"":4}]",yoked,"{'A': -0.0002783149539027363, 'B': -8.50027847290039, 'D': -9.50027847290039, 'C': -19.00027847290039, 'F': -21.00027847290039, 'E': -23.00027847290039, 'K': -30.25027847290039, 'G': -30.50027847290039, 'H': -34.75027847290039, 'L': -35.50027847290039, 'I': -39.25027847290039, 'J': -43.00027847290039}"
GWCD2NGoiA2n5Wh2i,19,1,C,1.0,[],[],"[{""role"":""describer"",""text"":""flying guyyyy"",""message_number"":1}]",yoked,"{'C': -1.7881377516459906e-06, 'A': -13.250001907348633, 'E': -18.250001907348633, 'B': -22.750001907348633, 'K': -24.500001907348633, 'D': -28.250001907348633, 'G': -30.250001907348633, 'I': -32.25, 'J': -34.75, 'L': -36.0, 'H': -36.0, 'F': -37.0}"
GWCD2NGoiA2n5Wh2i,20,1,H,1.0,[],[],"[{""role"":""describer"",""text"":""bean body!!"",""message_number"":1}]",yoked,"{'H': -0.012534411624073982, 'F': -4.5125346183776855, 'E': -6.5125346183776855, 'D': -14.762534141540527, 'G': -15.512534141540527, 'A': -16.262535095214844, 'B': -17.262535095214844, 'L': -19.012535095214844, 'K': -20.262535095214844, 'C': -21.762535095214844, 'J': -24.512535095214844, 'I': -24.762535095214844}"
GWCD2NGoiA2n5Wh2i,21,1,K,0.8,[],[],"[{""role"":""describer"",""text"":""double diamond, the second directly beneath the head"",""message_number"":1},{""role"":""describer"",""text"":""triangle on left pointing up"",""message_number"":2}]",yoked,"{'K': -0.20257188379764557, 'J': -1.7025718688964844, 'B': -7.202571868896484, 'A': -8.202571868896484, 'D': -9.202571868896484, 'E': -10.702571868896484, 'C': -11.202571868896484, 'L': -13.702571868896484, 'F': -13.702571868896484, 'G': -16.702571868896484, 'H': -18.202571868896484, 'I': -20.952571868896484}"
GWCD2NGoiA2n5Wh2i,22,1,G,0.8,[],[],"[{""role"":""matcher"",""text"":""I think that one looks like johnny 5 from short circuit"",""message_number"":1},{""role"":""describer"",""text"":""i think this is the first one i did, with head pointing to the left"",""message_number"":2},{""role"":""describer"",""text"":""sort of a tiny-pointed triangle, also pointing left, below the head"",""message_number"":3},{""role"":""matcher"",""text"":""standing on one leg ice skater"",""message_number"":4},{""role"":""describer"",""text"":""no not the ice skater, the body doesn't really have distinct \""legs\"""",""message_number"":5},{""role"":""describer"",""text"":""though the body is primarily pointing to the left"",""message_number"":6},{""role"":""describer"",""text"":""there is a little distinct triangle hanging off the back to the right"",""message_number"":7}]",yoked,"{'A': 0.0, 'B': -22.5, 'D': -25.25, 'K': -27.0, 'C': -28.0, 'J': -32.0, 'E': -32.5, 'H': -32.5, 'L': -33.25, 'I': -33.5, 'F': -33.5, 'G': -36.0}"
GWCD2NGoiA2n5Wh2i,23,1,I,0.6,[],[],"[{""role"":""describer"",""text"":""this one is the ice skater! one leg down, foot pointing to left, one leg up with the foot out"",""message_number"":1}]",yoked,"{'A': -1.2993727978027891e-05, 'B': -11.25001335144043, 'C': -19.50001335144043, 'D': -19.50001335144043, 'E': -21.25001335144043, 'K': -27.75001335144043, 'F': -29.50001335144043, 'H': -30.75001335144043, 'G': -30.75001335144043, 'L': -33.7500114440918, 'I': -35.2500114440918, 'J': -36.2500114440918}"
GWCD2NGoiA2n5Wh2i,24,2,J,1.0,[],[],"[{""role"":""matcher"",""text"":""you guys selectee dancing man"",""message_number"":1},{""role"":""describer"",""text"":""this one is minnesota again, simple body but not tha bean"",""message_number"":2}]",yoked,"{'F': -0.12431235611438751, 'E': -2.624312400817871, 'G': -3.124312400817871, 'D': -8.624312400817871, 'B': -8.624312400817871, 'C': -9.624312400817871, 'K': -11.624312400817871, 'A': -12.624312400817871, 'H': -13.624312400817871, 'L': -18.374311447143555, 'J': -18.874311447143555, 'I': -21.874311447143555}"
GWCD2NGoiA2n5Wh2i,25,2,I,0.8,[],[],"[{""role"":""matcher"",""text"":""I have no idea what Minnesota looks like, but now I will always assume it looks like a blob with a diamond head"",""message_number"":1},{""role"":""describer"",""text"":""ice skater once more! one leg on the ground, with a foot pointing to the left one leg in the air, on the right, foot pointing out"",""message_number"":2}]",yoked,"{'A': -41.750038146972656, 'B': -10.500038146972656, 'C': -11.500038146972656, 'D': -15.500038146972656, 'K': -28.250038146972656, 'E': -29.250038146972656, 'I': -37.000038146972656, 'H': -37.250038146972656, 'G': -38.000038146972656, 'F': -38.500038146972656, 'L': -41.750038146972656, 'J': -42.250038146972656}"
GWCD2NGoiA2n5Wh2i,26,2,F,1.0,[],[],"[{""role"":""matcher"",""text"":""that was ice skater Dancing man was selected"",""message_number"":1},{""role"":""describer"",""text"":""guy sitting, body pointing to the left, distinct leg and foot"",""message_number"":2}]",yoked,"{'B': -39.250335693359375, 'F': -8.000335693359375, 'E': -23.000335693359375, 'D': -25.250335693359375, 'A': -27.250335693359375, 'C': -29.250335693359375, 'H': -31.000335693359375, 'G': -35.250335693359375, 'K': -38.500335693359375, 'I': -39.000335693359375, 'J': -44.000335693359375, 'L': -44.250335693359375}"
GWCD2NGoiA2n5Wh2i,27,2,D,1.0,[],[],"[{""role"":""matcher"",""text"":""sitting man was last"",""message_number"":1},{""role"":""describer"",""text"":""this one is podium guy, facing left"",""message_number"":2}]",yoked,"{'F': -0.2049216628074646, 'B': -1.7049217224121094, 'D': -5.704921722412109, 'A': -9.20492172241211, 'C': -10.70492172241211, 'G': -10.70492172241211, 'E': -11.20492172241211, 'J': -11.20492172241211, 'K': -16.70492172241211, 'H': -18.45492172241211, 'I': -22.70492172241211, 'L': -24.70492172241211}"
GWCD2NGoiA2n5Wh2i,28,2,E,1.0,[],[],"[{""role"":""matcher"",""text"":""podium guy ;)"",""message_number"":1},{""role"":""describer"",""text"":""bunny ears for this one!"",""message_number"":2}]",yoked,"{'E': -0.018162136897444725, 'C': -4.018162250518799, 'A': -12.01816177368164, 'K': -12.01816177368164, 'B': -17.01816177368164, 'J': -21.51816177368164, 'F': -23.01816177368164, 'D': -23.26816177368164, 'L': -23.76816177368164, 'G': -26.26816177368164, 'I': -29.51816177368164, 'H': -30.76816177368164}"
GWCD2NGoiA2n5Wh2i,29,2,A,1.0,[],[],"[{""role"":""matcher"",""text"":""roger rabbit =p"",""message_number"":1},{""role"":""describer"",""text"":""dancing man this round"",""message_number"":2},{""role"":""describer"",""text"":""both legs to left, one up and one on the floor"",""message_number"":3},{""role"":""describer"",""text"":""head back to the left"",""message_number"":4},{""role"":""describer"",""text"":""to the right"",""message_number"":5}]",yoked,"{'B': -0.0072654555551707745, 'A': -5.007265567779541, 'C': -7.507265567779541, 'D': -14.007265090942383, 'E': -18.007265090942383, 'F': -25.507265090942383, 'K': -27.007265090942383, 'G': -27.257265090942383, 'L': -31.257265090942383, 'H': -32.257266998291016, 'I': -33.007266998291016, 'J': -37.257266998291016}"
GWCD2NGoiA2n5Wh2i,30,2,B,1.0,[],[],"[{""role"":""matcher"",""text"":""dancing man"",""message_number"":1},{""role"":""describer"",""text"":""radioactive one here do we have a better description for this one distinct triangle at bottom left, indistinct body to right, with a distinct triangle below the head to the right"",""message_number"":2},{""role"":""matcher"",""text"":""diamond head above two separate triangles"",""message_number"":3},{""role"":""matcher"",""text"":""radioactive is a good description diamond on back of neck right side"",""message_number"":4}]",yoked,"{'K': -0.012234287336468697, 'A': -5.012234210968018, 'G': -5.512234210968018, 'C': -7.012234210968018, 'E': -8.512234687805176, 'D': -8.512234687805176, 'H': -9.012234687805176, 'F': -10.512234687805176, 'B': -11.512234687805176, 'J': -12.512234687805176, 'L': -13.762234687805176, 'I': -15.762234687805176}"
GWCD2NGoiA2n5Wh2i,31,2,L,0.8,[],[],"[{""role"":""matcher"",""text"":""radioactive"",""message_number"":1},{""role"":""describer"",""text"":""kneeling person in a robe for this round, facing right"",""message_number"":2},{""role"":""matcher"",""text"":""with a book"",""message_number"":3},{""role"":""matcher"",""text"":""diamond on diamond"",""message_number"":4},{""role"":""describer"",""text"":""also to the right"",""message_number"":5},{""role"":""describer"",""text"":""no not diamond on diamond"",""message_number"":6},{""role"":""matcher"",""text"":""flat back one right on left"",""message_number"":7}]",yoked,"{'B': -0.0009882333688437939, 'D': -7.000988006591797, 'A': -9.500988006591797, 'E': -13.500988006591797, 'F': -14.250988006591797, 'C': -16.750988006591797, 'K': -23.000988006591797, 'H': -24.250988006591797, 'G': -25.750988006591797, 'L': -28.000988006591797, 'I': -30.000988006591797, 'J': -33.2509880065918}"
GWCD2NGoiA2n5Wh2i,32,2,C,0.8,[],[],"[{""role"":""matcher"",""text"":""let's call that one kneeling man right side"",""message_number"":1},{""role"":""describer"",""text"":""flying guy on this round"",""message_number"":2}]",yoked,"{'C': -1.811964830267243e-05, 'K': -11.000018119812012, 'E': -13.500018119812012, 'G': -17.750017166137695, 'A': -18.500017166137695, 'J': -20.000017166137695, 'D': -22.750017166137695, 'L': -24.250017166137695, 'H': -24.250017166137695, 'I': -25.500017166137695, 'B': -25.500017166137695, 'F': -31.250017166137695}"
GWCD2NGoiA2n5Wh2i,33,2,G,1.0,[],[],"[{""role"":""matcher"",""text"":""flying man (or fainting man)"",""message_number"":1},{""role"":""matcher"",""text"":""i like flying"",""message_number"":2},{""role"":""matcher"",""text"":""yeah, flying is good"",""message_number"":3},{""role"":""describer"",""text"":""i don't know if we have a name for this one head leaning forward and to the left (he looks bummed), with tiny pointy triangle below it, also facing left"",""message_number"":4},{""role"":""describer"",""text"":""distinct triangle on the right, sort of hanging off"",""message_number"":5},{""role"":""matcher"",""text"":""bottom triangle on right"",""message_number"":6},{""role"":""describer"",""text"":""yeah, distinct triangle on bottom right and top right"",""message_number"":7},{""role"":""matcher"",""text"":""maybe bummed dude"",""message_number"":8},{""role"":""matcher"",""text"":""going to call it bummed man with triangle butt"",""message_number"":9},{""role"":""matcher"",""text"":""looks like the person who would be catching the ice skater if they were doing pairs"",""message_number"":10}]",yoked,"{'B': -1.0728830375228426e-06, 'E': -14.000000953674316, 'C': -15.500000953674316, 'F': -17.000001907348633, 'D': -17.500001907348633, 'A': -18.000001907348633, 'K': -20.000001907348633, 'G': -25.250001907348633, 'H': -26.750001907348633, 'J': -28.000001907348633, 'I': -33.5, 'L': -33.75}"
GWCD2NGoiA2n5Wh2i,34,2,K,0.8,[],[],"[{""role"":""matcher"",""text"":""bummed man"",""message_number"":1},{""role"":""matcher"",""text"":""ha 'bummed man with triangle butt'"",""message_number"":2},{""role"":""describer"",""text"":""double diamond here"",""message_number"":3},{""role"":""describer"",""text"":""i endorse the triangle butt descriptor"",""message_number"":4},{""role"":""describer"",""text"":""u would be sad too with a triangle butt :("",""message_number"":5},{""role"":""matcher"",""text"":""I still think this one is johnny 5 but double diamond works"",""message_number"":6}]",yoked,"{'F': -1.7253631353378296, 'B': -0.22536315023899078, 'A': -4.225363254547119, 'E': -4.725363254547119, 'D': -8.725362777709961, 'K': -13.225362777709961, 'C': -15.725362777709961, 'G': -17.22536277770996, 'L': -19.72536277770996, 'H': -20.22536277770996, 'J': -25.47536277770996, 'I': -28.22536277770996}"
GWCD2NGoiA2n5Wh2i,35,2,H,1.0,[],[],"[{""role"":""matcher"",""text"":""Double Diamond Radioactive was selected wrongly"",""message_number"":1},{""role"":""describer"",""text"":""bean body!"",""message_number"":2}]",yoked,"{'F': -1.728519782773219e-05, 'E': -11.000017166137695, 'B': -14.750017166137695, 'H': -15.750017166137695, 'D': -17.750017166137695, 'A': -20.250017166137695, 'G': -21.000017166137695, 'C': -26.000017166137695, 'K': -26.250017166137695, 'L': -27.500017166137695, 'I': -30.000017166137695, 'J': -33.00001907348633}"
GWCD2NGoiA2n5Wh2i,36,3,E,1.0,[],[],"[{""role"":""matcher"",""text"":""Bean"",""message_number"":1},{""role"":""describer"",""text"":""bunny ears"",""message_number"":2}]",yoked,"{'E': -1.6689286894688848e-06, 'C': -14.000001907348633, 'K': -14.000001907348633, 'A': -21.500001907348633, 'L': -22.000001907348633, 'J': -22.000001907348633, 'G': -23.250001907348633, 'B': -23.500001907348633, 'I': -25.750001907348633, 'F': -27.250001907348633, 'D': -28.000001907348633, 'H': -28.500001907348633}"
GWCD2NGoiA2n5Wh2i,37,3,D,1.0,[],[],"[{""role"":""matcher"",""text"":""Bugs Bunny =p"",""message_number"":1},{""role"":""describer"",""text"":""podium man!"",""message_number"":2}]",yoked,"{'B': -0.9741339683532715, 'D': -0.4741339683532715, 'F': -9.97413444519043, 'A': -11.47413444519043, 'E': -17.22413444519043, 'J': -19.22413444519043, 'C': -21.97413444519043, 'K': -25.22413444519043, 'I': -25.47413444519043, 'H': -26.72413444519043, 'L': -27.22413444519043, 'G': -30.72413444519043}"
GWCD2NGoiA2n5Wh2i,38,3,L,1.0,[],[],"[{""role"":""matcher"",""text"":""Podium You guys don't need me anymore"",""message_number"":1},{""role"":""describer"",""text"":""kneeling man in a robe, facing right"",""message_number"":2},{""role"":""describer"",""text"":""keep it up repi, i think it helps as long as you go first!"",""message_number"":3}]",yoked,"{'B': -34.5, 'E': -16.25, 'F': -16.25, 'A': -17.25, 'D': -22.25, 'C': -22.5, 'H': -30.5, 'K': -32.25, 'I': -34.75, 'G': -34.75, 'J': -41.0, 'L': -41.25}"
GWCD2NGoiA2n5Wh2i,39,3,H,1.0,[],[],"[{""role"":""matcher"",""text"":""kneeling man right side"",""message_number"":1},{""role"":""describer"",""text"":""bean body!"",""message_number"":2}]",yoked,"{'F': -0.0017909454181790352, 'B': -7.001791000366211, 'H': -7.501791000366211, 'D': -8.501791000366211, 'E': -9.001791000366211, 'A': -14.501791000366211, 'G': -19.75179100036621, 'C': -24.00179100036621, 'K': -25.25179100036621, 'L': -26.25179100036621, 'J': -30.25179100036621, 'I': -30.50179100036621}"
GWCD2NGoiA2n5Wh2i,40,3,C,1.0,[],[],"[{""role"":""matcher"",""text"":""Mr Bean"",""message_number"":1},{""role"":""describer"",""text"":""flying guy!"",""message_number"":2}]",yoked,"{'C': -0.04737302288413048, 'E': -3.547373056411743, 'A': -4.047372817993164, 'B': -17.297372817993164, 'G': -18.797372817993164, 'K': -19.797372817993164, 'D': -21.297372817993164, 'I': -24.297372817993164, 'J': -26.547372817993164, 'F': -27.547372817993164, 'H': -28.547372817993164, 'L': -29.797372817993164}"
GWCD2NGoiA2n5Wh2i,41,3,K,0.8,[],[],"[{""role"":""matcher"",""text"":""Flying man"",""message_number"":1},{""role"":""describer"",""text"":""double diamond, triangle at the bottom left that is pointing up"",""message_number"":2},{""role"":""matcher"",""text"":""I think Flying man is like Neo from the Matrix but it's all good"",""message_number"":3},{""role"":""matcher"",""text"":""Johnny 5!"",""message_number"":4}]",yoked,"{'K': -0.2691808044910431, 'A': -1.7691807746887207, 'E': -3.2691807746887207, 'B': -4.269180774688721, 'C': -4.769180774688721, 'D': -5.769180774688721, 'F': -6.769180774688721, 'J': -7.269180774688721, 'G': -13.269181251525879, 'L': -15.769181251525879, 'I': -17.019180297851562, 'H': -19.019180297851562}"
GWCD2NGoiA2n5Wh2i,42,3,A,1.0,[],[],"[{""role"":""matcher"",""text"":""Johnny 5 is alive!"",""message_number"":1},{""role"":""matcher"",""text"":""Double Diamond Bummed man with triangle butt was selected"",""message_number"":2},{""role"":""describer"",""text"":""dancing man for this round!"",""message_number"":3}]",yoked,"{'E': -0.03125358000397682, 'C': -3.5312535762786865, 'B': -6.531253814697266, 'A': -10.031253814697266, 'F': -14.031253814697266, 'D': -17.031253814697266, 'G': -19.031253814697266, 'K': -21.281253814697266, 'I': -29.781253814697266, 'J': -29.781253814697266, 'L': -30.031253814697266, 'H': -30.531253814697266}"
GWCD2NGoiA2n5Wh2i,43,3,F,1.0,[],[],"[{""role"":""matcher"",""text"":""That was dancing man right i zoned out lol"",""message_number"":1},{""role"":""describer"",""text"":""sitting man this time, facing left, distinct leg and foot"",""message_number"":2},{""role"":""describer"",""text"":""last round was def dancing man"",""message_number"":3}]",yoked,"{'B': -40.2567138671875, 'D': -45.2567138671875, 'A': -21.506715774536133, 'F': -22.506715774536133, 'C': -31.256715774536133, 'H': -34.2567138671875, 'E': -39.0067138671875, 'I': -43.2567138671875, 'G': -44.5067138671875, 'K': -49.5067138671875, 'L': -50.2567138671875, 'J': -51.2567138671875}"
GWCD2NGoiA2n5Wh2i,44,3,I,1.0,[],[],"[{""role"":""matcher"",""text"":""Sitting man"",""message_number"":1},{""role"":""describer"",""text"":""this one is the ice skater! one leg up and pointing to the right, one on the ground with foot pointing to the left"",""message_number"":2}]",yoked,"{'C': -2.264974000354414e-06, 'E': -13.000001907348633, 'B': -17.500001907348633, 'A': -19.500001907348633, 'K': -20.000001907348633, 'D': -23.000001907348633, 'G': -23.250001907348633, 'F': -25.250001907348633, 'H': -26.750001907348633, 'J': -28.250001907348633, 'L': -30.000001907348633, 'I': -30.250001907348633}"
GWCD2NGoiA2n5Wh2i,45,3,B,1.0,[],[],"[{""role"":""matcher"",""text"":""Ice skater"",""message_number"":1},{""role"":""matcher"",""text"":""almost did it again ha"",""message_number"":2},{""role"":""describer"",""text"":""radioactive man"",""message_number"":3},{""role"":""describer"",""text"":""(not fall out boy )"",""message_number"":4}]",yoked,"{'A': -6.198863957251888e-06, 'D': -12.000005722045898, 'C': -16.5000057220459, 'B': -19.2500057220459, 'K': -21.2500057220459, 'E': -22.7500057220459, 'H': -24.2500057220459, 'G': -24.5000057220459, 'I': -27.7500057220459, 'L': -30.5000057220459, 'F': -31.0000057220459, 'J': -35.75000762939453}"
GWCD2NGoiA2n5Wh2i,46,3,J,1.0,[],[],"[{""role"":""matcher"",""text"":""Radioactive"",""message_number"":1},{""role"":""describer"",""text"":""minnesota! lemme know if you need more, can't remember if we settled on this description"",""message_number"":2}]",yoked,"{'F': -0.4751132130622864, 'E': -0.9751132130622864, 'A': -6.975113391876221, 'B': -9.475112915039062, 'G': -10.725112915039062, 'L': -14.725112915039062, 'K': -15.475112915039062, 'D': -16.475112915039062, 'C': -16.725112915039062, 'J': -17.725112915039062, 'I': -18.725112915039062, 'H': -19.225112915039062}"
GWCD2NGoiA2n5Wh2i,47,3,G,0.8,[],[],"[{""role"":""matcher"",""text"":""is Minnesota really such a boring shape"",""message_number"":1},{""role"":""matcher"",""text"":""Minnesota"",""message_number"":2},{""role"":""describer"",""text"":""this is bummed guy (triangle butt)"",""message_number"":3}]",yoked,"{'F': -0.5539543032646179, 'E': -1.5539543628692627, 'D': -1.5539543628692627, 'B': -6.053954124450684, 'G': -9.553954124450684, 'A': -10.053954124450684, 'H': -10.053954124450684, 'L': -14.553954124450684, 'C': -15.553954124450684, 'K': -16.053955078125, 'I': -24.803955078125, 'J': -26.303955078125}"
GWCD2NGoiA2n5Wh2i,48,4,E,1.0,[],[],"[{""role"":""matcher"",""text"":""Bummed Guy triangle butt was last Double diamond was selected"",""message_number"":1},{""role"":""describer"",""text"":""rabbit ears this time!"",""message_number"":2},{""role"":""matcher"",""text"":""bummed guy has a the most 'surface area' on the bottom of the image"",""message_number"":3}]",yoked,"{'E': -1.3702383041381836, 'A': -0.3702382445335388, 'B': -3.3702383041381836, 'C': -3.8702383041381836, 'D': -9.370238304138184, 'F': -10.370238304138184, 'K': -10.370238304138184, 'G': -18.120237350463867, 'J': -19.870237350463867, 'H': -21.120237350463867, 'L': -21.370237350463867, 'I': -22.620237350463867}"
GWCD2NGoiA2n5Wh2i,49,4,C,1.0,[],[],"[{""role"":""matcher"",""text"":""Rabbit Ears"",""message_number"":1}]",yoked,"{'K': -1.8065240383148193, 'C': -0.3065240681171417, 'E': -2.3065240383148193, 'A': -8.806524276733398, 'J': -11.306524276733398, 'B': -12.306524276733398, 'I': -14.056524276733398, 'D': -14.056524276733398, 'G': -16.3065242767334, 'L': -17.0565242767334, 'F': -20.5565242767334, 'H': -24.0565242767334}"
GWCD2NGoiA2n5Wh2i,50,4,J,1.0,[],[],"[{""role"":""matcher"",""text"":""rabbit ears"",""message_number"":1},{""role"":""describer"",""text"":""minnesota for this one! (which i think is a state with a nice shape tbh!)"",""message_number"":2}]",yoked,"{'F': -1.8290050029754639, 'B': -0.32900506258010864, 'E': -2.329005002975464, 'G': -3.829005002975464, 'C': -8.329005241394043, 'A': -9.329005241394043, 'H': -9.329005241394043, 'K': -13.329005241394043, 'J': -13.829005241394043, 'L': -14.579005241394043, 'D': -16.329004287719727, 'I': -20.329004287719727}"
GWCD2NGoiA2n5Wh2i,51,4,G,1.0,[],[],"[{""role"":""matcher"",""text"":""Minnesota"",""message_number"":1},{""role"":""describer"",""text"":""bummed! guy! triangle! butt!"",""message_number"":2},{""role"":""matcher"",""text"":""aren't the Dakotas the nicest shapes they are just squares"",""message_number"":3}]",yoked,"{'E': -0.4730774760246277, 'B': -1.4730775356292725, 'F': -1.9730775356292725, 'A': -4.973077297210693, 'D': -6.473077297210693, 'G': -8.973077774047852, 'L': -9.973077774047852, 'C': -10.473077774047852, 'H': -12.973077774047852, 'K': -15.473077774047852, 'J': -19.97307777404785, 'I': -21.72307777404785}"
GWCD2NGoiA2n5Wh2i,52,4,D,1.0,[],[],"[{""role"":""matcher"",""text"":""Bummed guy triangle behind"",""message_number"":1},{""role"":""describer"",""text"":""podium man, facing left this time"",""message_number"":2}]",yoked,"{'F': -0.004151536151766777, 'B': -5.504151344299316, 'D': -10.004151344299316, 'J': -10.504151344299316, 'E': -14.504151344299316, 'A': -19.504152297973633, 'K': -20.754152297973633, 'C': -21.004152297973633, 'G': -21.004152297973633, 'H': -23.754152297973633, 'I': -26.004152297973633, 'L': -28.504152297973633}"
GWCD2NGoiA2n5Wh2i,53,4,L,1.0,[],[],"[{""role"":""matcher"",""text"":""Podium Guy"",""message_number"":1},{""role"":""describer"",""text"":""kneeling man, facing right, holding a book"",""message_number"":2}]",yoked,"{'B': -0.0009117737063206732, 'F': -7.000911712646484, 'E': -15.000911712646484, 'A': -20.500911712646484, 'D': -21.750911712646484, 'C': -23.500911712646484, 'K': -25.750911712646484, 'G': -27.250911712646484, 'H': -28.000911712646484, 'J': -28.750911712646484, 'I': -30.500911712646484, 'L': -35.000911712646484}"
GWCD2NGoiA2n5Wh2i,54,4,K,1.0,[],[],"[{""role"":""matcher"",""text"":""Kneeling man right side"",""message_number"":1},{""role"":""describer"",""text"":""double diamond this time"",""message_number"":2}]",yoked,"{'B': -0.008141189813613892, 'A': -5.508141040802002, 'D': -5.508141040802002, 'K': -14.50814151763916, 'F': -15.00814151763916, 'J': -15.50814151763916, 'E': -17.008140563964844, 'C': -17.508140563964844, 'H': -20.008140563964844, 'L': -22.508140563964844, 'G': -24.258140563964844, 'I': -28.008140563964844}"
GWCD2NGoiA2n5Wh2i,55,4,B,1.0,[],[],"[{""role"":""matcher"",""text"":""Double Diamond"",""message_number"":1},{""role"":""describer"",""text"":""radioactive man for this round"",""message_number"":2}]",yoked,"{'K': -3.1095094680786133, 'D': -0.6095093488693237, 'B': -1.1095093488693237, 'A': -2.6095094680786133, 'F': -5.109509468078613, 'J': -6.859509468078613, 'E': -7.359509468078613, 'H': -7.859509468078613, 'L': -8.109509468078613, 'C': -10.109509468078613, 'G': -11.359509468078613, 'I': -14.359509468078613}"
GWCD2NGoiA2n5Wh2i,56,4,H,1.0,[],[],"[{""role"":""describer"",""text"":""you guys are doing' great :) bean body for this one"",""message_number"":1}]",yoked,"{'F': -0.005593718960881233, 'H': -5.505593776702881, 'E': -6.505593776702881, 'A': -13.755593299865723, 'D': -14.255593299865723, 'B': -14.255593299865723, 'G': -17.00559425354004, 'K': -18.50559425354004, 'L': -21.25559425354004, 'C': -21.75559425354004, 'J': -24.50559425354004, 'I': -26.00559425354004}"
GWCD2NGoiA2n5Wh2i,57,4,I,1.0,[],[],"[{""role"":""matcher"",""text"":""Bean guy"",""message_number"":1},{""role"":""describer"",""text"":""ice skater this time!"",""message_number"":2}]",yoked,"{'C': -0.0008818790083751082, 'B': -7.500881671905518, 'A': -8.500882148742676, 'D': -9.000882148742676, 'E': -13.000882148742676, 'K': -23.00088119506836, 'I': -27.25088119506836, 'F': -28.00088119506836, 'J': -28.00088119506836, 'H': -28.75088119506836, 'L': -30.25088119506836, 'G': -30.25088119506836}"
GWCD2NGoiA2n5Wh2i,58,4,A,1.0,[],[],"[{""role"":""matcher"",""text"":""Ice Skater"",""message_number"":1},{""role"":""describer"",""text"":""dancing guy for this round!"",""message_number"":2}]",yoked,"{'A': -0.7055961489677429, 'E': -0.7055961489677429, 'B': -4.705595970153809, 'C': -5.705595970153809, 'D': -17.205596923828125, 'G': -19.705596923828125, 'K': -20.205596923828125, 'F': -22.205596923828125, 'I': -27.205596923828125, 'L': -27.705596923828125, 'H': -27.955596923828125, 'J': -30.205596923828125}"
GWCD2NGoiA2n5Wh2i,59,4,F,1.0,[],[],"[{""role"":""matcher"",""text"":""Dancing guy"",""message_number"":1},{""role"":""describer"",""text"":""sitting man, facing left for this round"",""message_number"":2}]",yoked,"{'B': -1.2993727978027891e-05, 'F': -11.25001335144043, 'D': -18.00001335144043, 'E': -20.50001335144043, 'H': -24.25001335144043, 'A': -26.50001335144043, 'C': -26.75001335144043, 'G': -30.75001335144043, 'K': -31.00001335144043, 'J': -32.2500114440918, 'L': -34.5000114440918, 'I': -36.0000114440918}"
GWCD2NGoiA2n5Wh2i,60,5,G,1.0,[],[],"[{""role"":""matcher"",""text"":""Sitting man"",""message_number"":1},{""role"":""describer"",""text"":""bummed man, triangle butt for this one"",""message_number"":2}]",yoked,"{'B': -0.1270369291305542, 'D': -2.1270370483398438, 'F': -9.127037048339844, 'A': -15.377037048339844, 'E': -18.877037048339844, 'C': -23.627037048339844, 'J': -25.127037048339844, 'H': -25.877037048339844, 'K': -26.627037048339844, 'L': -27.127037048339844, 'I': -32.877037048339844, 'G': -33.127037048339844}"
GWCD2NGoiA2n5Wh2i,61,5,A,1.0,[],[],"[{""role"":""matcher"",""text"":""I'd be depressed if I had a triangle on my butt too"",""message_number"":1},{""role"":""matcher"",""text"":""I now know which one 'bummed man' is, but I really don't see 'bummed man' when I see that"",""message_number"":2},{""role"":""describer"",""text"":""dancing man for this one!"",""message_number"":3}]",yoked,"{'C': -0.020652607083320618, 'A': -4.020652770996094, 'E': -6.020652770996094, 'B': -10.020652770996094, 'G': -10.520652770996094, 'F': -18.020652770996094, 'D': -18.520652770996094, 'K': -21.770652770996094, 'J': -25.770652770996094, 'I': -27.020652770996094, 'L': -28.770652770996094, 'H': -33.270652770996094}"
GWCD2NGoiA2n5Wh2i,62,5,J,1.0,[],[],"[{""role"":""matcher"",""text"":""Dancing man"",""message_number"":1},{""role"":""describer"",""text"":""minnesota for this round!"",""message_number"":2}]",yoked,"{'F': -0.003981758840382099, 'G': -6.003981590270996, 'E': -6.503981590270996, 'B': -12.003981590270996, 'H': -14.003981590270996, 'A': -14.753981590270996, 'L': -17.253982543945312, 'K': -19.003982543945312, 'J': -19.003982543945312, 'D': -20.253982543945312, 'C': -20.753982543945312, 'I': -21.503982543945312}"
GWCD2NGoiA2n5Wh2i,63,5,E,1.0,[],[],"[{""role"":""matcher"",""text"":""minnesota"",""message_number"":1},{""role"":""describer"",""text"":""bunny ears for this round! we're really truckin'"",""message_number"":2}]",yoked,"{'E': -0.0009159421897493303, 'C': -7.000916004180908, 'K': -12.50091552734375, 'A': -14.50091552734375, 'B': -15.00091552734375, 'D': -17.75091552734375, 'G': -17.75091552734375, 'F': -19.50091552734375, 'L': -19.75091552734375, 'J': -20.00091552734375, 'I': -23.00091552734375, 'H': -25.50091552734375}"
GWCD2NGoiA2n5Wh2i,64,5,I,1.0,[],[],"[{""role"":""matcher"",""text"":""Mr Rabbit"",""message_number"":1},{""role"":""describer"",""text"":""ice skater this time!"",""message_number"":2}]",yoked,"{'E': -0.7411298751831055, 'A': -0.7411298751831055, 'C': -3.7411298751831055, 'D': -4.2411298751831055, 'B': -4.7411298751831055, 'K': -13.241129875183105, 'I': -15.741129875183105, 'L': -16.491130828857422, 'J': -16.991130828857422, 'F': -17.991130828857422, 'G': -20.741130828857422, 'H': -20.991130828857422}"
GWCD2NGoiA2n5Wh2i,65,5,K,1.0,[],[],"[{""role"":""matcher"",""text"":""ice skater"",""message_number"":1},{""role"":""describer"",""text"":""double diamond for this one"",""message_number"":2},{""role"":""matcher"",""text"":""johnny 5 =p"",""message_number"":3}]",yoked,"{'K': -0.4883158206939697, 'J': -0.9883158206939697, 'L': -4.488315582275391, 'D': -5.988315582275391, 'A': -7.988315582275391, 'B': -10.48831558227539, 'C': -10.98831558227539, 'E': -13.48831558227539, 'H': -13.98831558227539, 'I': -15.98831558227539, 'F': -15.98831558227539, 'G': -16.98831558227539}"
GWCD2NGoiA2n5Wh2i,66,5,B,1.0,[],[],"[{""role"":""matcher"",""text"":""double diamond"",""message_number"":1},{""role"":""describer"",""text"":""radioactive guy here!"",""message_number"":2},{""role"":""matcher"",""text"":""i don't know johnny 5 hah"",""message_number"":3}]",yoked,"{'H': -0.08358084410429001, 'A': -3.083580732345581, 'F': -3.583580732345581, 'D': -5.58358097076416, 'E': -6.08358097076416, 'C': -8.08358097076416, 'G': -8.58358097076416, 'K': -10.08358097076416, 'B': -10.58358097076416, 'L': -11.58358097076416, 'J': -16.833580017089844, 'I': -18.583580017089844}"
GWCD2NGoiA2n5Wh2i,67,5,H,1.0,[],[],"[{""role"":""matcher"",""text"":""radioactive"",""message_number"":1},{""role"":""describer"",""text"":""bean body for this one"",""message_number"":2},{""role"":""matcher"",""text"":""Johnny 5 is a robot that comes alive It's a story as old as time"",""message_number"":3}]",yoked,"{'F': -0.002482667798176408, 'E': -6.002482891082764, 'H': -12.002482414245605, 'D': -14.502482414245605, 'L': -15.002482414245605, 'G': -17.252483367919922, 'J': -18.002483367919922, 'A': -18.252483367919922, 'B': -19.752483367919922, 'K': -20.002483367919922, 'C': -23.752483367919922, 'I': -25.252483367919922}"
GWCD2NGoiA2n5Wh2i,68,5,L,1.0,[],[],"[{""role"":""matcher"",""text"":""Bean"",""message_number"":1},{""role"":""matcher"",""text"":""Poor bean body, should do a bit of exercise"",""message_number"":2},{""role"":""describer"",""text"":""kneeling man, facing right this time"",""message_number"":3},{""role"":""matcher"",""text"":""he could be triangle butt"",""message_number"":4}]",yoked,"{'B': -42.500038146972656, 'D': -10.50003719329834, 'A': -11.50003719329834, 'C': -22.000038146972656, 'F': -22.000038146972656, 'E': -28.500038146972656, 'K': -32.500038146972656, 'H': -36.250038146972656, 'G': -37.250038146972656, 'I': -39.000038146972656, 'L': -44.250038146972656, 'J': -45.000038146972656}"
GWCD2NGoiA2n5Wh2i,69,5,F,1.0,[],[],"[{""role"":""matcher"",""text"":""kneeling man right side"",""message_number"":1},{""role"":""describer"",""text"":""sitting guy, facing left this round!"",""message_number"":2}]",yoked,"{'B': 0.0, 'F': -17.5, 'E': -19.75, 'A': -21.25, 'D': -22.0, 'C': -26.5, 'H': -29.75, 'K': -30.75, 'J': -31.5, 'G': -32.25, 'L': -36.0, 'I': -36.25}"
GWCD2NGoiA2n5Wh2i,70,5,D,1.0,[],[],"[{""role"":""matcher"",""text"":""Sitting man"",""message_number"":1},{""role"":""describer"",""text"":""podium guy this time!"",""message_number"":2}]",yoked,"{'F': -0.07891739904880524, 'B': -2.5789175033569336, 'D': -10.578917503356934, 'E': -13.078917503356934, 'A': -16.328916549682617, 'J': -19.578916549682617, 'C': -22.328916549682617, 'K': -24.578916549682617, 'H': -26.078916549682617, 'L': -27.078916549682617, 'I': -28.078916549682617, 'G': -28.578916549682617}"
GWCD2NGoiA2n5Wh2i,71,5,C,1.0,[],[],"[{""role"":""matcher"",""text"":""Podium guy"",""message_number"":1},{""role"":""describer"",""text"":""last oneeee! and it's flying man!!"",""message_number"":2}]",yoked,"{'L': -0.00026127262390218675, 'H': -8.250261306762695, 'K': -18.500261306762695, 'G': -20.500261306762695, 'E': -20.750261306762695, 'J': -21.500261306762695, 'I': -21.750261306762695, 'D': -21.750261306762695, 'C': -23.250261306762695, 'A': -25.500261306762695, 'B': -26.500261306762695, 'F': -27.000261306762695}"
Z2WAkYpWiXwuGcdME,0,0,F,1.0,[],[],"[{""role"":""describer"",""text"":""looks like a person sat down facing the left"",""message_number"":1}]",yoked,"{'B': -36.5, 'F': -13.500000953674316, 'D': -19.000001907348633, 'E': -19.750001907348633, 'A': -22.750001907348633, 'C': -24.000001907348633, 'H': -27.500001907348633, 'G': -28.500001907348633, 'K': -29.500001907348633, 'I': -35.25, 'L': -35.5, 'J': -37.0}"
Z2WAkYpWiXwuGcdME,1,0,J,1.0,[],[],"[{""role"":""describer"",""text"":""looks like a large person with two pointy bits pointing right"",""message_number"":1},{""role"":""describer"",""text"":""rectangular body on left side"",""message_number"":2}]",yoked,"{'B': -8.511180931236595e-05, 'A': -9.50008487701416, 'D': -11.50008487701416, 'F': -16.500085830688477, 'E': -24.500085830688477, 'C': -26.500085830688477, 'G': -28.250085830688477, 'H': -29.750085830688477, 'K': -33.750083923339844, 'L': -37.250083923339844, 'J': -37.500083923339844, 'I': -38.000083923339844}"
Z2WAkYpWiXwuGcdME,2,0,H,1.0,[],[],"[{""role"":""describer"",""text"":""looks like a person without legs kind of sat down with their bottom bit pointing right"",""message_number"":1},{""role"":""describer"",""text"":""no arms either"",""message_number"":2}]",yoked,"{'B': -0.0009115354623645544, 'D': -7.000911712646484, 'F': -16.000911712646484, 'A': -18.250911712646484, 'C': -22.500911712646484, 'E': -23.750911712646484, 'H': -24.250911712646484, 'K': -27.250911712646484, 'G': -28.750911712646484, 'L': -33.750911712646484, 'I': -34.750911712646484, 'J': -35.000911712646484}"
Z2WAkYpWiXwuGcdME,3,0,E,1.0,[],[],"[{""role"":""describer"",""text"":""looks like a rabbit lying down"",""message_number"":1},{""role"":""describer"",""text"":""facing right"",""message_number"":2},{""role"":""matcher"",""text"":""uhhh any hands"",""message_number"":3},{""role"":""describer"",""text"":""kind of triangular body"",""message_number"":4},{""role"":""describer"",""text"":""the two ears are triangles"",""message_number"":5},{""role"":""matcher"",""text"":""Is there a triangle on the leftmost side"",""message_number"":6},{""role"":""matcher"",""text"":""Looks like feet"",""message_number"":7},{""role"":""matcher"",""text"":""triangle*"",""message_number"":8},{""role"":""describer"",""text"":""not really but kind of on the right hand side"",""message_number"":9}]",yoked,"{'B': -0.00015507926582358778, 'D': -9.000155448913574, 'A': -10.500155448913574, 'F': -12.500155448913574, 'E': -15.000155448913574, 'C': -18.500154495239258, 'H': -20.500154495239258, 'G': -25.750154495239258, 'K': -28.250154495239258, 'L': -31.250154495239258, 'I': -31.500154495239258, 'J': -34.00015640258789}"
Z2WAkYpWiXwuGcdME,4,0,I,1.0,[],[],"[{""role"":""describer"",""text"":""It looks like someone with two legs at 90 degrees right angle"",""message_number"":1},{""role"":""describer"",""text"":""kind of like karate kicking"",""message_number"":2},{""role"":""matcher"",""text"":""facing to the left"",""message_number"":3},{""role"":""describer"",""text"":""yeah with two triangle bits pointing left too"",""message_number"":4}]",yoked,"{'A': -0.0024871863424777985, 'B': -6.0024871826171875, 'D': -11.502487182617188, 'C': -13.502487182617188, 'E': -19.502487182617188, 'K': -23.002487182617188, 'F': -25.752487182617188, 'G': -26.752487182617188, 'H': -32.50248718261719, 'J': -35.25248718261719, 'L': -35.75248718261719, 'I': -38.00248718261719}"
Z2WAkYpWiXwuGcdME,5,0,C,1.0,[],[],"[{""role"":""describer"",""text"":""looks like someone throwing their hands in the air"",""message_number"":1}]",yoked,"{'E': -0.000558220490347594, 'C': -7.500558376312256, 'A': -12.500557899475098, 'B': -13.500557899475098, 'G': -15.500557899475098, 'K': -16.750558853149414, 'J': -19.250558853149414, 'D': -19.500558853149414, 'F': -20.250558853149414, 'I': -25.500558853149414, 'H': -27.500558853149414, 'L': -28.000558853149414}"
Z2WAkYpWiXwuGcdME,6,0,B,1.0,[],[],"[{""role"":""describer"",""text"":""it kind of looks like someone with their arms in the air again but this time kneeling"",""message_number"":1},{""role"":""describer"",""text"":""and facing right I would say"",""message_number"":2}]",yoked,"{'B': -39.0, 'E': -18.75, 'F': -20.25, 'D': -21.75, 'A': -22.75, 'C': -24.5, 'K': -29.75, 'G': -30.75, 'H': -31.25, 'L': -39.25, 'I': -40.5, 'J': -43.75}"
Z2WAkYpWiXwuGcdME,7,0,G,1.0,[],[],"[{""role"":""describer"",""text"":""this looks kind of like a rabbit again but this time one of the ears is a square"",""message_number"":1},{""role"":""describer"",""text"":""and they have a triangle pointed downwards on their right side"",""message_number"":2}]",yoked,"{'K': -0.07908131182193756, 'J': -2.5790812969207764, 'A': -8.579081535339355, 'I': -13.579081535339355, 'L': -13.579081535339355, 'B': -14.329081535339355, 'D': -15.079081535339355, 'C': -16.57908058166504, 'E': -16.82908058166504, 'F': -21.07908058166504, 'H': -22.57908058166504, 'G': -22.82908058166504}"
Z2WAkYpWiXwuGcdME,8,0,A,1.0,[],[],"[{""role"":""describer"",""text"":""This kind of looks like a guy with two feet pointing in the opposite direction to the 'head'"",""message_number"":1},{""role"":""matcher"",""text"":""uhhh standing or kneeling"",""message_number"":2},{""role"":""describer"",""text"":""standing"",""message_number"":3},{""role"":""describer"",""text"":""it's got two quite defined feet"",""message_number"":4},{""role"":""describer"",""text"":""one foot in the air"",""message_number"":5}]",yoked,"{'A': -38.500335693359375, 'B': -8.000335693359375, 'D': -17.750335693359375, 'C': -22.750335693359375, 'E': -27.000335693359375, 'K': -29.500335693359375, 'F': -30.750335693359375, 'G': -31.500335693359375, 'H': -34.500335693359375, 'I': -37.500335693359375, 'L': -38.250335693359375, 'J': -39.500335693359375}"
Z2WAkYpWiXwuGcdME,9,0,L,1.0,[],[],"[{""role"":""describer"",""text"":""looks like someone begging and facing right but there are two that look like this it's the one which has quite a clear bend in the knee and no triangle pointing out the back"",""message_number"":1}]",yoked,"{'B': -4.768360213347478e-06, 'E': -13.000004768371582, 'F': -13.000004768371582, 'A': -15.500004768371582, 'D': -19.500003814697266, 'C': -29.750003814697266, 'G': -31.500003814697266, 'K': -32.500003814697266, 'H': -33.000003814697266, 'I': -36.500003814697266, 'L': -40.750003814697266, 'J': -40.750003814697266}"
Z2WAkYpWiXwuGcdME,10,0,K,1.0,[],[],"[{""role"":""describer"",""text"":""another begging person, this time one with the triangle out the back"",""message_number"":1}]",yoked,"{'A': -0.8438736796379089, 'C': -1.3438737392425537, 'E': -1.3438737392425537, 'B': -3.3438737392425537, 'D': -4.343873500823975, 'K': -12.843873977661133, 'F': -13.343873977661133, 'G': -13.343873977661133, 'H': -17.593873977661133, 'L': -19.093873977661133, 'J': -22.843873977661133, 'I': -23.593873977661133}"
Z2WAkYpWiXwuGcdME,11,0,D,1.0,[],[],"[{""role"":""describer"",""text"":""someone standing and reading a letter manuscript sort of thing"",""message_number"":1},{""role"":""describer"",""text"":""facing left"",""message_number"":2}]",yoked,"{'B': -8.344646857949556e-07, 'A': -14.000000953674316, 'D': -17.75, 'F': -18.5, 'E': -19.0, 'C': -20.75, 'K': -27.25, 'G': -28.75, 'H': -29.25, 'I': -31.5, 'L': -34.25, 'J': -38.0}"
Z2WAkYpWiXwuGcdME,12,1,C,1.0,[],[],"[{""role"":""describer"",""text"":""person with arms in the air and standing"",""message_number"":1},{""role"":""describer"",""text"":""not kneeling"",""message_number"":2},{""role"":""matcher"",""text"":""no feet"",""message_number"":3},{""role"":""describer"",""text"":""no feet"",""message_number"":4}]",yoked,"{'D': -0.00021371940965764225, 'A': -8.500213623046875, 'C': -12.750213623046875, 'K': -12.750213623046875, 'B': -13.250213623046875, 'H': -13.250213623046875, 'E': -14.000213623046875, 'L': -16.750213623046875, 'G': -17.000213623046875, 'F': -18.250213623046875, 'J': -21.000213623046875, 'I': -26.750213623046875}"
Z2WAkYpWiXwuGcdME,13,1,J,1.0,[],[],"[{""role"":""describer"",""text"":""large squarish person"",""message_number"":1},{""role"":""describer"",""text"":""with two points facing right"",""message_number"":2}]",yoked,"{'B': -0.00014029949670657516, 'F': -9.000140190124512, 'D': -11.000140190124512, 'A': -15.500140190124512, 'E': -23.250141143798828, 'H': -25.250141143798828, 'C': -25.750141143798828, 'G': -26.500141143798828, 'K': -32.00014114379883, 'L': -36.75014114379883, 'I': -37.25014114379883, 'J': -37.25014114379883}"
Z2WAkYpWiXwuGcdME,14,1,K,1.0,[],[],"[{""role"":""describer"",""text"":""begging with triangle on back"",""message_number"":1}]",yoked,"{'E': -0.007485910318791866, 'D': -5.507485866546631, 'K': -6.007485866546631, 'A': -7.507485866546631, 'L': -9.007486343383789, 'H': -9.007486343383789, 'F': -9.507486343383789, 'C': -10.507486343383789, 'J': -10.757486343383789, 'B': -11.007486343383789, 'G': -11.757486343383789, 'I': -15.507486343383789}"
Z2WAkYpWiXwuGcdME,15,1,B,1.0,[],[],"[{""role"":""describer"",""text"":""kneeling with arms in air"",""message_number"":1}]",yoked,"{'B': -0.029752036556601524, 'A': -3.529752016067505, 'E': -13.779751777648926, 'D': -14.779751777648926, 'C': -15.279751777648926, 'F': -24.779752731323242, 'K': -28.029752731323242, 'J': -28.779752731323242, 'I': -29.279752731323242, 'L': -30.529752731323242, 'H': -30.529752731323242, 'G': -32.77975082397461}"
Z2WAkYpWiXwuGcdME,16,1,L,1.0,[],[],"[{""role"":""describer"",""text"":""begging but without triangle on back"",""message_number"":1}]",yoked,"{'D': -0.0001284993631998077, 'B': -9.000128746032715, 'A': -12.500128746032715, 'E': -13.500128746032715, 'F': -18.7501277923584, 'H': -20.7501277923584, 'C': -22.5001277923584, 'L': -25.7501277923584, 'G': -25.7501277923584, 'K': -27.2501277923584, 'I': -30.2501277923584, 'J': -32.25012969970703}"
Z2WAkYpWiXwuGcdME,17,1,D,1.0,[],[],"[{""role"":""describer"",""text"":""reading letter guy"",""message_number"":1}]",yoked,"{'A': -0.20564709603786469, 'K': -1.7056471109390259, 'E': -5.705646991729736, 'L': -7.205646991729736, 'B': -9.205647468566895, 'I': -10.705647468566895, 'J': -10.705647468566895, 'C': -12.205647468566895, 'D': -12.205647468566895, 'G': -19.455646514892578, 'F': -20.205646514892578, 'H': -20.705646514892578}"
Z2WAkYpWiXwuGcdME,18,1,E,1.0,[],[],"[{""role"":""describer"",""text"":""rabbit with triangle ears, kind of lying down"",""message_number"":1},{""role"":""matcher"",""text"":""With the triangular body"",""message_number"":2},{""role"":""matcher"",""text"":""Pointing right"",""message_number"":3}]",yoked,"{'E': -0.10445442795753479, 'B': -2.604454517364502, 'F': -4.104454517364502, 'A': -5.604454517364502, 'D': -5.604454517364502, 'C': -6.604454517364502, 'G': -11.104454040527344, 'K': -11.604454040527344, 'H': -15.104454040527344, 'L': -16.104454040527344, 'J': -22.604454040527344, 'I': -27.604454040527344}"
Z2WAkYpWiXwuGcdME,19,1,A,1.0,[],[],"[{""role"":""describer"",""text"":""guy with one foot on ground one foot in air but kind of two heads"",""message_number"":1},{""role"":""describer"",""text"":""not the karate kick guy"",""message_number"":2}]",yoked,"{'A': -43.0001220703125, 'B': -9.500120162963867, 'E': -10.000120162963867, 'C': -17.000120162963867, 'K': -30.000120162963867, 'D': -30.500120162963867, 'F': -32.2501220703125, 'G': -32.5001220703125, 'H': -37.0001220703125, 'I': -37.5001220703125, 'L': -39.0001220703125, 'J': -44.0001220703125}"
Z2WAkYpWiXwuGcdME,20,1,F,1.0,[],[],"[{""role"":""describer"",""text"":""guy lying sitting down facing left"",""message_number"":1},{""role"":""describer"",""text"":""looking kind of sad, head down"",""message_number"":2}]",yoked,"{'B': -34.75, 'F': -17.25, 'D': -18.0, 'E': -20.5, 'C': -23.0, 'A': -25.0, 'H': -27.5, 'K': -29.0, 'G': -30.75, 'I': -32.75, 'L': -35.25, 'J': -35.75}"
Z2WAkYpWiXwuGcdME,21,1,H,1.0,[],[],"[{""role"":""describer"",""text"":""limbless guy sat down"",""message_number"":1}]",yoked,"{'B': -36.00004577636719, 'F': -10.000045776367188, 'D': -17.750045776367188, 'E': -22.750045776367188, 'A': -24.500045776367188, 'C': -25.250045776367188, 'H': -28.250045776367188, 'G': -31.750045776367188, 'K': -32.75004577636719, 'I': -35.25004577636719, 'L': -36.75004577636719, 'J': -39.50004577636719}"
Z2WAkYpWiXwuGcdME,22,1,G,1.0,[],[],"[{""role"":""describer"",""text"":""rabbit with square ear"",""message_number"":1}]",yoked,"{'A': -2.3841855067985307e-07, 'E': -15.5, 'B': -20.0, 'K': -23.0, 'C': -25.75, 'D': -28.5, 'H': -29.0, 'J': -29.75, 'L': -30.0, 'G': -30.0, 'F': -30.75, 'I': -32.0}"
Z2WAkYpWiXwuGcdME,23,1,I,1.0,[],[],"[{""role"":""describer"",""text"":""karate kick one"",""message_number"":1}]",yoked,"{'A': -1.1920928244535389e-07, 'B': -16.25, 'D': -17.5, 'C': -21.75, 'E': -23.0, 'K': -27.75, 'H': -30.0, 'F': -30.5, 'G': -31.75, 'I': -32.0, 'L': -33.5, 'J': -34.0}"
Z2WAkYpWiXwuGcdME,24,2,I,1.0,[],[],"[{""role"":""describer"",""text"":""karate guy"",""message_number"":1}]",yoked,"{'A': 0.0, 'E': -19.0, 'B': -19.0, 'D': -20.5, 'C': -21.75, 'K': -26.75, 'I': -32.75, 'G': -32.75, 'F': -33.75, 'H': -34.5, 'J': -34.5, 'L': -37.0}"
Z2WAkYpWiXwuGcdME,25,2,H,1.0,[],[],"[{""role"":""describer"",""text"":""limbless"",""message_number"":1}]",yoked,"{'H': -1.645074735279195e-05, 'D': -11.750016212463379, 'L': -11.750016212463379, 'E': -14.750016212463379, 'F': -15.250016212463379, 'G': -17.500017166137695, 'A': -19.000017166137695, 'K': -19.250017166137695, 'C': -19.500017166137695, 'J': -20.000017166137695, 'B': -21.500017166137695, 'I': -22.000017166137695}"
Z2WAkYpWiXwuGcdME,26,2,G,1.0,[],[],"[{""role"":""describer"",""text"":""square ear rabbit"",""message_number"":1}]",yoked,"{'E': -0.006789234932512045, 'A': -5.006789207458496, 'K': -10.006789207458496, 'B': -10.506789207458496, 'C': -13.506789207458496, 'D': -18.756790161132812, 'F': -19.256790161132812, 'G': -19.506790161132812, 'J': -19.506790161132812, 'L': -19.756790161132812, 'I': -22.006790161132812, 'H': -22.256790161132812}"
Z2WAkYpWiXwuGcdME,27,2,B,1.0,[],[],"[{""role"":""describer"",""text"":""arms in air kneeling"",""message_number"":1}]",yoked,"{'A': -0.02058476023375988, 'B': -4.020584583282471, 'C': -6.020584583282471, 'E': -12.520585060119629, 'D': -18.020584106445312, 'K': -24.020584106445312, 'I': -28.020584106445312, 'J': -28.020584106445312, 'F': -30.770584106445312, 'G': -32.52058410644531, 'L': -32.77058410644531, 'H': -33.27058410644531}"
Z2WAkYpWiXwuGcdME,28,2,C,1.0,[],[],"[{""role"":""describer"",""text"":""arms in air standing"",""message_number"":1}]",yoked,"{'A': -2.3841855067985307e-07, 'E': -15.25, 'C': -18.0, 'B': -18.75, 'K': -20.25, 'I': -22.25, 'D': -22.5, 'J': -26.75, 'L': -29.0, 'H': -31.75, 'G': -32.75, 'F': -33.75}"
Z2WAkYpWiXwuGcdME,29,2,D,1.0,[],[],"[{""role"":""describer"",""text"":""letter"",""message_number"":1}]",yoked,"{'L': -2.2082364559173584, 'A': -0.2082364410161972, 'D': -2.7082364559173584, 'B': -4.958236217498779, 'J': -5.708236217498779, 'K': -6.958236217498779, 'F': -9.708236694335938, 'H': -9.958236694335938, 'C': -10.958236694335938, 'G': -11.958236694335938, 'I': -12.208236694335938, 'E': -12.208236694335938}"
Z2WAkYpWiXwuGcdME,30,2,A,1.0,[],[],"[{""role"":""describer"",""text"":""two headed guy with one leg in air"",""message_number"":1},{""role"":""describer"",""text"":""defined feet haha"",""message_number"":2}]",yoked,"{'A': -6.6756979322235566e-06, 'E': -12.000006675720215, 'B': -14.500006675720215, 'C': -22.0000057220459, 'K': -24.7500057220459, 'D': -27.5000057220459, 'G': -27.5000057220459, 'F': -29.0000057220459, 'H': -33.00000762939453, 'I': -33.25000762939453, 'J': -33.50000762939453, 'L': -35.00000762939453}"
Z2WAkYpWiXwuGcdME,31,2,J,1.0,[],[],"[{""role"":""describer"",""text"":""large rectangular"",""message_number"":1}]",yoked,"{'D': -0.0009160612826235592, 'B': -7.000916004180908, 'A': -12.750916481018066, 'F': -13.250916481018066, 'H': -25.00091552734375, 'C': -25.75091552734375, 'E': -25.75091552734375, 'J': -29.75091552734375, 'G': -30.50091552734375, 'K': -32.25091552734375, 'I': -33.75091552734375, 'L': -35.25091552734375}"
Z2WAkYpWiXwuGcdME,32,2,F,1.0,[],[],"[{""role"":""describer"",""text"":""sad sitting"",""message_number"":1}]",yoked,"{'B': -3.933898824470816e-06, 'D': -12.500003814697266, 'E': -16.000003814697266, 'A': -16.500003814697266, 'F': -21.000003814697266, 'C': -24.500003814697266, 'H': -32.000003814697266, 'K': -33.250003814697266, 'G': -34.000003814697266, 'I': -35.750003814697266, 'L': -37.000003814697266, 'J': -40.750003814697266}"
Z2WAkYpWiXwuGcdME,33,2,K,1.0,[],[],"[{""role"":""describer"",""text"":""begging triangle back"",""message_number"":1}]",yoked,"{'D': -0.2552374005317688, 'A': -1.755237340927124, 'E': -3.255237340927124, 'B': -4.755237579345703, 'C': -5.255237579345703, 'F': -13.255237579345703, 'K': -14.005237579345703, 'H': -15.255237579345703, 'G': -17.505237579345703, 'L': -18.005237579345703, 'J': -19.005237579345703, 'I': -21.005237579345703}"
Z2WAkYpWiXwuGcdME,34,2,L,1.0,[],[],"[{""role"":""describer"",""text"":""begging no triangle"",""message_number"":1}]",yoked,"{'D': -0.0012744885170832276, 'E': -7.751274585723877, 'B': -7.751274585723877, 'F': -8.251274108886719, 'H': -10.001274108886719, 'A': -10.251274108886719, 'C': -10.251274108886719, 'G': -10.251274108886719, 'K': -14.251274108886719, 'L': -15.001274108886719, 'J': -16.75127410888672, 'I': -22.25127410888672}"
Z2WAkYpWiXwuGcdME,35,2,E,1.0,[],[],"[{""role"":""describer"",""text"":""triangle bunny"",""message_number"":1}]",yoked,"{'A': -0.0015300721861422062, 'E': -6.501530170440674, 'B': -10.501529693603516, 'C': -16.001529693603516, 'K': -16.001529693603516, 'D': -18.501529693603516, 'J': -23.751529693603516, 'L': -24.001529693603516, 'F': -25.001529693603516, 'G': -25.251529693603516, 'I': -26.501529693603516, 'H': -28.001529693603516}"
Z2WAkYpWiXwuGcdME,36,3,E,1.0,[],[],"[{""role"":""describer"",""text"":""triangle bunny"",""message_number"":1}]",yoked,"{'A': -0.0015300721861422062, 'E': -6.501530170440674, 'B': -10.501529693603516, 'C': -16.001529693603516, 'K': -16.001529693603516, 'D': -18.501529693603516, 'J': -23.751529693603516, 'L': -24.001529693603516, 'F': -25.001529693603516, 'G': -25.251529693603516, 'I': -26.501529693603516, 'H': -28.001529693603516}"
Z2WAkYpWiXwuGcdME,37,3,L,1.0,[],[],"[{""role"":""describer"",""text"":""beg no triangle"",""message_number"":1}]",yoked,"{'D': -0.003800076898187399, 'B': -6.253799915313721, 'F': -7.003799915313721, 'E': -7.753799915313721, 'A': -8.753800392150879, 'H': -8.753800392150879, 'G': -9.253800392150879, 'C': -9.753800392150879, 'L': -10.253800392150879, 'K': -10.753800392150879, 'J': -12.003800392150879, 'I': -19.003799438476562}"
Z2WAkYpWiXwuGcdME,38,3,D,1.0,[],[],"[{""role"":""describer"",""text"":""letter"",""message_number"":1}]",yoked,"{'A': -0.2082364410161972, 'L': -2.2082364559173584, 'D': -2.7082364559173584, 'B': -4.958236217498779, 'J': -5.708236217498779, 'K': -6.958236217498779, 'F': -9.708236694335938, 'H': -9.958236694335938, 'C': -10.958236694335938, 'G': -11.958236694335938, 'I': -12.208236694335938, 'E': -12.208236694335938}"
Z2WAkYpWiXwuGcdME,39,3,B,1.0,[],[],"[{""role"":""describer"",""text"":""arms air kneeling"",""message_number"":1}]",yoked,"{'C': -0.00018571082910057157, 'A': -9.0001859664917, 'E': -10.0001859664917, 'B': -11.0001859664917, 'K': -16.250185012817383, 'D': -16.750185012817383, 'J': -18.250185012817383, 'I': -21.000185012817383, 'L': -24.000185012817383, 'G': -26.000185012817383, 'F': -28.250185012817383, 'H': -28.250185012817383}"
Z2WAkYpWiXwuGcdME,40,3,G,1.0,[],[],"[{""role"":""describer"",""text"":""square bunny"",""message_number"":1}]",yoked,"{'A': -0.05095069482922554, 'B': -3.050950765609741, 'E': -6.050950527191162, 'D': -12.55095100402832, 'K': -13.55095100402832, 'F': -16.30095100402832, 'C': -16.55095100402832, 'J': -18.05095100402832, 'L': -19.30095100402832, 'G': -22.30095100402832, 'H': -22.55095100402832, 'I': -24.55095100402832}"
Z2WAkYpWiXwuGcdME,41,3,A,1.0,[],[],"[{""role"":""describer"",""text"":""two head guy"",""message_number"":1}]",yoked,"{'A': -0.011065781116485596, 'B': -4.51106595993042, 'E': -11.011065483093262, 'D': -13.511065483093262, 'C': -16.011066436767578, 'K': -17.011066436767578, 'F': -18.011066436767578, 'G': -21.511066436767578, 'J': -25.011066436767578, 'H': -26.511066436767578, 'I': -30.011066436767578, 'L': -30.261066436767578}"
Z2WAkYpWiXwuGcdME,42,3,C,1.0,[],[],"[{""role"":""describer"",""text"":""arm hair standing"",""message_number"":1}]",yoked,"{'A': -0.08097632229328156, 'C': -2.5809762477874756, 'B': -6.580976486206055, 'E': -7.580976486206055, 'D': -8.580976486206055, 'K': -15.580976486206055, 'G': -16.580976486206055, 'H': -18.580976486206055, 'F': -19.330976486206055, 'L': -20.330976486206055, 'J': -20.330976486206055, 'I': -21.080976486206055}"
Z2WAkYpWiXwuGcdME,43,3,H,1.0,[],[],"[{""role"":""describer"",""text"":""limbless"",""message_number"":1}]",yoked,"{'H': -1.2874520507466514e-05, 'D': -12.000012397766113, 'L': -12.000012397766113, 'E': -15.000012397766113, 'F': -15.500012397766113, 'G': -17.75001335144043, 'A': -19.25001335144043, 'K': -19.50001335144043, 'C': -19.75001335144043, 'J': -20.25001335144043, 'B': -21.75001335144043, 'I': -22.25001335144043}"
Z2WAkYpWiXwuGcdME,44,3,I,1.0,[],[],"[{""role"":""describer"",""text"":""karate"",""message_number"":1}]",yoked,"{'A': 0.0, 'D': -18.25, 'C': -18.75, 'E': -19.0, 'B': -20.5, 'K': -24.75, 'I': -30.25, 'G': -30.75, 'J': -33.75, 'H': -34.75, 'F': -35.0, 'L': -37.0}"
Z2WAkYpWiXwuGcdME,45,3,K,1.0,[],[],"[{""role"":""describer"",""text"":""begging triangle"",""message_number"":1}]",yoked,"{'D': -0.04914393648505211, 'A': -3.0491440296173096, 'E': -8.04914379119873, 'C': -8.54914379119873, 'B': -10.04914379119873, 'K': -16.299144744873047, 'H': -17.299144744873047, 'F': -18.049144744873047, 'L': -19.299144744873047, 'I': -20.549144744873047, 'J': -20.549144744873047, 'G': -20.799144744873047}"
Z2WAkYpWiXwuGcdME,46,3,J,1.0,[],[],"[{""role"":""describer"",""text"":""large rectangle"",""message_number"":1}]",yoked,"{'D': -0.00027807659353129566, 'F': -8.25027847290039, 'B': -11.00027847290039, 'A': -16.50027847290039, 'H': -23.50027847290039, 'E': -25.25027847290039, 'C': -26.50027847290039, 'G': -28.25027847290039, 'J': -29.00027847290039, 'K': -31.75027847290039, 'I': -32.25027847290039, 'L': -33.75027847290039}"
Z2WAkYpWiXwuGcdME,47,3,F,1.0,[],[],"[{""role"":""describer"",""text"":""sad"",""message_number"":1}]",yoked,"{'D': -0.007375748362392187, 'E': -5.007375717163086, 'B': -8.007375717163086, 'H': -8.507375717163086, 'C': -9.007375717163086, 'A': -13.507375717163086, 'L': -14.507375717163086, 'G': -14.757375717163086, 'F': -15.007375717163086, 'K': -15.507375717163086, 'I': -22.257375717163086, 'J': -24.257375717163086}"
Z2WAkYpWiXwuGcdME,48,4,E,1.0,[],[],"[{""role"":""describer"",""text"":""triangle bunny"",""message_number"":1}]",yoked,"{'A': -0.0015300721861422062, 'E': -6.501530170440674, 'B': -10.501529693603516, 'C': -15.501529693603516, 'K': -16.001529693603516, 'D': -18.251529693603516, 'J': -23.501529693603516, 'L': -23.751529693603516, 'F': -24.501529693603516, 'G': -25.001529693603516, 'I': -26.251529693603516, 'H': -27.501529693603516}"
Z2WAkYpWiXwuGcdME,49,4,J,1.0,[],[],"[{""role"":""describer"",""text"":""rectangle"",""message_number"":1}]",yoked,"{'D': -0.008220645599067211, 'F': -5.008220672607422, 'B': -6.508220672607422, 'A': -11.258220672607422, 'J': -15.758220672607422, 'K': -21.008220672607422, 'C': -21.258220672607422, 'E': -23.508220672607422, 'H': -23.508220672607422, 'L': -24.508220672607422, 'G': -24.508220672607422, 'I': -27.508220672607422}"
Z2WAkYpWiXwuGcdME,50,4,K,1.0,[],[],"[{""role"":""describer"",""text"":""beg triangle"",""message_number"":1}]",yoked,"{'J': -0.6844973564147949, 'A': -1.184497356414795, 'K': -1.684497356414795, 'E': -6.184497356414795, 'C': -7.184497356414795, 'B': -7.184497356414795, 'D': -7.684497356414795, 'I': -8.934497833251953, 'L': -9.934497833251953, 'F': -14.434497833251953, 'G': -14.934497833251953, 'H': -16.684497833251953}"
Z2WAkYpWiXwuGcdME,51,4,A,1.0,[],[],"[{""role"":""describer"",""text"":""two head"",""message_number"":1}]",yoked,"{'A': -0.603419303894043, 'E': -1.103419303894043, 'B': -2.603419303894043, 'K': -3.103419303894043, 'D': -6.603419303894043, 'J': -7.103419303894043, 'C': -8.603419303894043, 'F': -10.103419303894043, 'L': -12.103419303894043, 'G': -13.103419303894043, 'I': -14.353419303894043, 'H': -14.853419303894043}"
Z2WAkYpWiXwuGcdME,52,4,H,1.0,[],[],"[{""role"":""describer"",""text"":""limbless"",""message_number"":1}]",yoked,"{'H': -1.2874520507466514e-05, 'D': -12.000012397766113, 'L': -12.000012397766113, 'E': -15.000012397766113, 'F': -15.500012397766113, 'G': -17.75001335144043, 'A': -19.25001335144043, 'K': -19.50001335144043, 'C': -19.75001335144043, 'J': -20.25001335144043, 'B': -21.75001335144043, 'I': -22.25001335144043}"
Z2WAkYpWiXwuGcdME,53,4,D,1.0,[],[],"[{""role"":""describer"",""text"":""letter"",""message_number"":1}]",yoked,"{'A': -0.3184936046600342, 'L': -1.8184936046600342, 'D': -2.318493604660034, 'B': -4.818493843078613, 'J': -5.818493843078613, 'K': -7.068493843078613, 'F': -9.568493843078613, 'H': -9.818493843078613, 'C': -10.818493843078613, 'G': -11.818493843078613, 'E': -12.068493843078613, 'I': -12.318493843078613}"
Z2WAkYpWiXwuGcdME,54,4,L,1.0,[],[],"[{""role"":""describer"",""text"":""beg no triangle"",""message_number"":1}]",yoked,"{'D': -0.003807914676144719, 'B': -6.50380802154541, 'F': -6.75380802154541, 'E': -7.50380802154541, 'H': -8.50380802154541, 'A': -9.00380802154541, 'G': -9.00380802154541, 'C': -9.75380802154541, 'L': -10.00380802154541, 'K': -10.50380802154541, 'J': -12.00380802154541, 'I': -18.753807067871094}"
Z2WAkYpWiXwuGcdME,55,4,C,1.0,[],[],"[{""role"":""describer"",""text"":""arm air stand"",""message_number"":1}]",yoked,"{'A': -0.0005986090400256217, 'C': -7.500598430633545, 'B': -10.000598907470703, 'E': -15.250598907470703, 'D': -16.000598907470703, 'K': -21.000598907470703, 'I': -23.500598907470703, 'J': -23.750598907470703, 'L': -27.250598907470703, 'G': -27.500598907470703, 'H': -28.000598907470703, 'F': -31.500598907470703}"
Z2WAkYpWiXwuGcdME,56,4,F,1.0,[],[],"[{""role"":""describer"",""text"":""sad"",""message_number"":1}]",yoked,"{'D': -0.007375748362392187, 'E': -5.007375717163086, 'B': -8.007375717163086, 'H': -8.507375717163086, 'C': -9.007375717163086, 'A': -13.507375717163086, 'L': -14.507375717163086, 'G': -14.757375717163086, 'F': -15.007375717163086, 'K': -15.507375717163086, 'I': -22.257375717163086, 'J': -24.257375717163086}"
Z2WAkYpWiXwuGcdME,57,4,I,1.0,[],[],"[{""role"":""describer"",""text"":""karate"",""message_number"":1}]",yoked,"{'A': 0.0, 'D': -18.5, 'C': -18.75, 'E': -19.0, 'B': -21.0, 'K': -25.0, 'I': -30.5, 'G': -31.0, 'J': -34.0, 'H': -35.0, 'F': -35.25, 'L': -37.5}"
Z2WAkYpWiXwuGcdME,58,4,G,1.0,[],[],"[{""role"":""describer"",""text"":""square bunny"",""message_number"":1}]",yoked,"{'A': -0.032158784568309784, 'B': -3.532158851623535, 'E': -6.032158851623535, 'D': -12.532158851623535, 'K': -13.532158851623535, 'F': -16.03215789794922, 'C': -16.53215789794922, 'J': -17.78215789794922, 'L': -19.53215789794922, 'H': -22.78215789794922, 'G': -22.78215789794922, 'I': -24.53215789794922}"
Z2WAkYpWiXwuGcdME,59,4,B,1.0,[],[],"[{""role"":""describer"",""text"":""arm air kneeling"",""message_number"":1}]",yoked,"{'A': -0.047764506191015244, 'B': -3.547764539718628, 'C': -4.047764301300049, 'E': -8.047764778137207, 'D': -9.547764778137207, 'K': -15.547764778137207, 'J': -20.29776382446289, 'G': -20.54776382446289, 'I': -20.79776382446289, 'L': -22.54776382446289, 'F': -23.79776382446289, 'H': -23.79776382446289}"
Z2WAkYpWiXwuGcdME,60,5,B,1.0,[],[],"[{""role"":""describer"",""text"":""arm air kneel"",""message_number"":1}]",yoked,"{'A': -0.5310049653053284, 'C': -1.0310049057006836, 'B': -3.0310049057006836, 'E': -5.031004905700684, 'D': -7.531004905700684, 'K': -13.031004905700684, 'G': -17.781005859375, 'J': -17.781005859375, 'I': -18.031005859375, 'L': -18.781005859375, 'F': -21.281005859375, 'H': -21.281005859375}"
Z2WAkYpWiXwuGcdME,61,5,H,1.0,[],[],"[{""role"":""describer"",""text"":""limbles"",""message_number"":1}]",yoked,"{'E': -3.0495378971099854, 'A': -0.049537792801856995, 'B': -7.049537658691406, 'C': -9.549537658691406, 'D': -11.549537658691406, 'K': -13.549537658691406, 'G': -18.299537658691406, 'F': -20.299537658691406, 'L': -21.799537658691406, 'I': -22.549537658691406, 'H': -23.549537658691406, 'J': -23.799537658691406}"
Z2WAkYpWiXwuGcdME,62,5,A,1.0,[],[],"[{""role"":""describer"",""text"":""two head"",""message_number"":1}]",yoked,"{'K': -3.407733917236328, 'A': -0.4077339470386505, 'E': -1.4077339172363281, 'B': -2.907733917236328, 'D': -6.407733917236328, 'J': -7.407733917236328, 'C': -8.907733917236328, 'F': -10.407733917236328, 'L': -11.907733917236328, 'G': -12.907733917236328, 'I': -14.657733917236328, 'H': -14.907733917236328}"
Z2WAkYpWiXwuGcdME,63,5,J,1.0,[],[],"[{""role"":""describer"",""text"":""rectangle"",""message_number"":1}]",yoked,"{'D': -0.008220645599067211, 'F': -5.008220672607422, 'B': -6.508220672607422, 'A': -11.258220672607422, 'J': -16.008220672607422, 'K': -21.258220672607422, 'C': -21.508220672607422, 'E': -23.758220672607422, 'H': -24.008220672607422, 'L': -24.758220672607422, 'G': -25.008220672607422, 'I': -27.758220672607422}"
Z2WAkYpWiXwuGcdME,64,5,F,1.0,[],[],"[{""role"":""describer"",""text"":""sad"",""message_number"":1}]",yoked,"{'D': -0.011705523356795311, 'E': -4.51170539855957, 'B': -8.01170539855957, 'H': -8.51170539855957, 'C': -9.01170539855957, 'A': -13.51170539855957, 'L': -14.51170539855957, 'G': -14.51170539855957, 'F': -14.76170539855957, 'K': -15.51170539855957, 'I': -22.51170539855957, 'J': -24.01170539855957}"
Z2WAkYpWiXwuGcdME,65,5,L,1.0,[],[],"[{""role"":""describer"",""text"":""beg no triangle"",""message_number"":1}]",yoked,"{'D': -0.001998928841203451, 'B': -7.0019989013671875, 'F': -7.5019989013671875, 'E': -8.251998901367188, 'H': -9.251998901367188, 'A': -9.751998901367188, 'G': -9.751998901367188, 'C': -10.501998901367188, 'L': -10.751998901367188, 'K': -11.501998901367188, 'J': -12.751998901367188, 'I': -19.501998901367188}"
Z2WAkYpWiXwuGcdME,66,5,I,1.0,[],[],"[{""role"":""describer"",""text"":""karate"",""message_number"":1}]",yoked,"{'A': 0.0, 'D': -18.5, 'C': -18.75, 'E': -19.0, 'B': -21.0, 'K': -25.0, 'I': -30.5, 'G': -31.0, 'J': -34.0, 'H': -35.0, 'F': -35.25, 'L': -37.5}"
Z2WAkYpWiXwuGcdME,67,5,G,1.0,[],[],"[{""role"":""describer"",""text"":""square bunny"",""message_number"":1}]",yoked,"{'A': -0.032158784568309784, 'B': -3.532158851623535, 'E': -6.032158851623535, 'D': -12.532158851623535, 'K': -13.532158851623535, 'F': -16.03215789794922, 'C': -16.53215789794922, 'J': -17.78215789794922, 'L': -19.53215789794922, 'H': -22.78215789794922, 'G': -22.78215789794922, 'I': -24.53215789794922}"
Z2WAkYpWiXwuGcdME,68,5,K,1.0,[],[],"[{""role"":""describer"",""text"":""beg triangle"",""message_number"":1}]",yoked,"{'A': -0.9615668058395386, 'J': -0.9615668058395386, 'K': -1.4615668058395386, 'E': -6.461566925048828, 'C': -6.961566925048828, 'B': -7.461566925048828, 'D': -7.961566925048828, 'I': -9.461566925048828, 'L': -10.461566925048828, 'F': -14.711566925048828, 'G': -15.461566925048828, 'H': -17.211566925048828}"
Z2WAkYpWiXwuGcdME,69,5,D,1.0,[],[],"[{""role"":""describer"",""text"":""letter"",""message_number"":1}]",yoked,"{'A': -0.24985238909721375, 'D': -2.249852418899536, 'L': -2.249852418899536, 'B': -4.999852180480957, 'J': -5.999852180480957, 'K': -6.999852180480957, 'F': -9.999852180480957, 'H': -9.999852180480957, 'C': -10.999852180480957, 'E': -11.999852180480957, 'G': -11.999852180480957, 'I': -12.249852180480957}"
Z2WAkYpWiXwuGcdME,70,5,E,1.0,[],[],"[{""role"":""describer"",""text"":""triangle bunny"",""message_number"":1}]",yoked,"{'A': -0.0009283285471610725, 'E': -7.0009284019470215, 'B': -11.000927925109863, 'C': -16.50092887878418, 'K': -16.50092887878418, 'D': -19.00092887878418, 'L': -24.50092887878418, 'J': -24.50092887878418, 'F': -25.25092887878418, 'G': -25.75092887878418, 'I': -27.00092887878418, 'H': -28.50092887878418}"
Z2WAkYpWiXwuGcdME,71,5,C,1.0,[],[],"[{""role"":""describer"",""text"":""arm hair standing"",""message_number"":1}]",yoked,"{'A': -0.08097632229328156, 'C': -2.5809762477874756, 'B': -6.580976486206055, 'E': -7.580976486206055, 'D': -8.580976486206055, 'K': -15.580976486206055, 'G': -16.580976486206055, 'H': -18.330976486206055, 'F': -19.080976486206055, 'L': -20.080976486206055, 'J': -20.080976486206055, 'I': -20.580976486206055}"
22dyGMRgestp8u5Lc,0,0,C,1.0,[],[],"[{""role"":""describer"",""text"":""jumping off building with hands in the air"",""message_number"":1}]",yoked,"{'A': -2.3841855067985307e-07, 'B': -15.5, 'C': -19.75, 'E': -19.75, 'D': -21.75, 'K': -30.0, 'F': -33.5, 'I': -34.0, 'G': -35.0, 'J': -36.5, 'H': -37.0, 'L': -37.5}"
22dyGMRgestp8u5Lc,1,0,G,0.0,[],[],"[{""role"":""describer"",""text"":""like the a high heeled shoe tough one"",""message_number"":1}]",yoked,"{'B': -0.04861355945467949, 'D': -3.0486135482788086, 'A': -10.548613548278809, 'F': -21.548614501953125, 'E': -24.048614501953125, 'C': -24.298614501953125, 'H': -26.298614501953125, 'L': -27.298614501953125, 'K': -27.298614501953125, 'I': -32.798614501953125, 'J': -33.548614501953125, 'G': -36.298614501953125}"
22dyGMRgestp8u5Lc,2,0,H,1.0,[],[],"[{""role"":""describer"",""text"":""no arms not legs like a necktie with the bottom turned slightly to the right"",""message_number"":1}]",yoked,"{'D': -0.018636833876371384, 'B': -4.018636703491211, 'J': -7.768636703491211, 'F': -9.768636703491211, 'A': -12.018636703491211, 'C': -14.518636703491211, 'K': -16.01863670349121, 'H': -17.51863670349121, 'L': -18.01863670349121, 'G': -18.76863670349121, 'E': -19.51863670349121, 'I': -21.76863670349121}"
22dyGMRgestp8u5Lc,3,0,B,1.0,[],[],"[{""role"":""describer"",""text"":""like a baby sitting on floor with arms out and a bow on the back of her head she is facing left and the bow in on the right"",""message_number"":1}]",yoked,"{'E': -0.00654458487406373, 'F': -5.506544589996338, 'B': -6.006544589996338, 'A': -14.75654411315918, 'C': -17.00654411315918, 'G': -18.00654411315918, 'D': -18.75654411315918, 'K': -19.00654411315918, 'H': -20.75654411315918, 'L': -25.50654411315918, 'J': -25.75654411315918, 'I': -31.25654411315918}"
22dyGMRgestp8u5Lc,4,0,K,1.0,[],[],"[{""role"":""describer"",""text"":""kneeling in gown with Bible in hand, facing to the right heel up in back"",""message_number"":1}]",yoked,"{'B': -0.00039319414645433426, 'F': -8.00039291381836, 'D': -10.00039291381836, 'A': -11.50039291381836, 'E': -13.00039291381836, 'C': -20.50039291381836, 'H': -22.75039291381836, 'G': -24.25039291381836, 'K': -24.50039291381836, 'L': -28.25039291381836, 'I': -29.25039291381836, 'J': -30.00039291381836}"
22dyGMRgestp8u5Lc,5,0,L,1.0,[],[],"[{""role"":""describer"",""text"":""Starting to stand after kneeling facing right, Bible still in hand"",""message_number"":1}]",yoked,"{'A': -0.04889456182718277, 'B': -3.0488946437835693, 'C': -9.048894882202148, 'E': -9.048894882202148, 'D': -9.548894882202148, 'K': -15.048894882202148, 'F': -15.548894882202148, 'G': -18.79889488220215, 'J': -23.79889488220215, 'L': -24.29889488220215, 'H': -24.54889488220215, 'I': -26.54889488220215}"
22dyGMRgestp8u5Lc,6,0,A,1.0,[],[],"[{""role"":""describer"",""text"":""standing, but falling backward facing left right foot in the air arms out"",""message_number"":1}]",yoked,"{'B': -38.506717681884766, 'A': -5.006716251373291, 'C': -13.75671672821045, 'D': -17.756715774536133, 'E': -19.256715774536133, 'F': -26.506715774536133, 'G': -27.506715774536133, 'H': -30.006715774536133, 'K': -30.006715774536133, 'I': -33.756717681884766, 'L': -38.006717681884766, 'J': -38.756717681884766}"
22dyGMRgestp8u5Lc,7,0,D,1.0,[],[],"[{""role"":""describer"",""text"":""Priest standing up straight facing left reading from Bible"",""message_number"":1}]",yoked,"{'D': -0.06287242472171783, 'J': -3.5628724098205566, 'A': -4.062872409820557, 'B': -5.062872409820557, 'F': -5.562872409820557, 'E': -6.062872409820557, 'K': -6.062872409820557, 'L': -7.562872409820557, 'C': -11.062872886657715, 'H': -11.062872886657715, 'I': -13.312872886657715, 'G': -13.562872886657715}"
22dyGMRgestp8u5Lc,8,0,F,1.0,[],[],"[{""role"":""describer"",""text"":""Guy relaxing in the park facing left arms to side (not visible) knees up"",""message_number"":1}]",yoked,"{'B': -38.25, 'A': -13.750000953674316, 'D': -17.000001907348633, 'E': -18.500001907348633, 'F': -19.000001907348633, 'C': -23.000001907348633, 'G': -30.000001907348633, 'K': -31.000001907348633, 'H': -32.75, 'I': -35.0, 'L': -36.75, 'J': -38.25}"
22dyGMRgestp8u5Lc,9,0,I,1.0,[],[],"[{""role"":""describer"",""text"":""standing, but falling forward left leg on ground right foot in air arms out to catch himself"",""message_number"":1},{""role"":""describer"",""text"":""face left"",""message_number"":2}]",yoked,"{'A': -41.518150329589844, 'B': -4.0181498527526855, 'C': -18.268150329589844, 'D': -19.268150329589844, 'E': -24.018150329589844, 'K': -29.018150329589844, 'F': -31.768150329589844, 'H': -33.268150329589844, 'G': -34.268150329589844, 'I': -36.268150329589844, 'L': -36.768150329589844, 'J': -41.768150329589844}"
22dyGMRgestp8u5Lc,10,0,E,1.0,[],[],"[{""role"":""describer"",""text"":""kid facing right sitting on butt knees up slightly wearing bunny ears"",""message_number"":1}]",yoked,"{'A': -2.0503786799963564e-05, 'E': -11.000020027160645, 'B': -12.500020027160645, 'D': -17.00002098083496, 'K': -21.25002098083496, 'C': -22.50002098083496, 'F': -25.00002098083496, 'L': -27.50002098083496, 'G': -27.50002098083496, 'J': -29.00002098083496, 'H': -30.00002098083496, 'I': -31.25002098083496}"
22dyGMRgestp8u5Lc,11,0,J,1.0,[],[],"[{""role"":""describer"",""text"":""aaagh!! right half of a bowl or plant pot showing with a triangle on the top right edge"",""message_number"":1},{""role"":""describer"",""text"":""not the very edge"",""message_number"":2}]",yoked,"{'F': -4.768370445162873e-07, 'G': -15.0, 'B': -16.5, 'E': -17.25, 'H': -19.75, 'D': -23.25, 'C': -25.25, 'A': -29.5, 'K': -33.25, 'L': -37.0, 'I': -37.5, 'J': -38.0}"
22dyGMRgestp8u5Lc,12,1,K,1.0,[],[],"[{""role"":""describer"",""text"":""Kneeling with bible facing to the right Heel up"",""message_number"":1}]",yoked,"{'B': -0.0013218722306191921, 'D': -7.501321792602539, 'F': -7.501321792602539, 'A': -8.501321792602539, 'E': -11.251321792602539, 'C': -17.75132179260254, 'K': -21.25132179260254, 'H': -22.50132179260254, 'L': -23.25132179260254, 'G': -23.50132179260254, 'J': -24.00132179260254, 'I': -27.25132179260254}"
22dyGMRgestp8u5Lc,13,1,L,1.0,[],[],"[{""role"":""describer"",""text"":""Standing up from kneeling Bible still in hand"",""message_number"":1}]",yoked,"{'A': -0.07944868505001068, 'B': -2.579448699951172, 'D': -7.579448699951172, 'E': -10.079448699951172, 'C': -12.079448699951172, 'F': -15.829448699951172, 'K': -15.829448699951172, 'G': -20.829448699951172, 'J': -25.079448699951172, 'L': -25.329448699951172, 'I': -25.579448699951172, 'H': -25.579448699951172}"
22dyGMRgestp8u5Lc,14,1,C,1.0,[],[],"[{""role"":""describer"",""text"":""Falling off building Arms in air"",""message_number"":1}]",yoked,"{'A': -1.9073468138230965e-06, 'B': -13.500001907348633, 'D': -14.500001907348633, 'C': -18.500001907348633, 'E': -23.000001907348633, 'K': -33.25, 'F': -35.25, 'H': -37.25, 'G': -37.75, 'I': -38.25, 'L': -40.25, 'J': -40.5}"
22dyGMRgestp8u5Lc,15,1,D,1.0,[],[],"[{""role"":""describer"",""text"":""Priest standing with bible Facing to the left"",""message_number"":1}]",yoked,"{'D': -0.40747717022895813, 'A': -1.4074771404266357, 'B': -2.9074771404266357, 'E': -3.4074771404266357, 'F': -6.407477378845215, 'K': -7.907477378845215, 'C': -8.907477378845215, 'J': -11.407477378845215, 'L': -11.907477378845215, 'H': -13.907477378845215, 'G': -14.157477378845215, 'I': -15.657477378845215}"
22dyGMRgestp8u5Lc,16,1,E,1.0,[],[],"[{""role"":""describer"",""text"":""Bunny ears"",""message_number"":1}]",yoked,"{'E': -0.006747556384652853, 'K': -5.506747722625732, 'C': -6.006747722625732, 'A': -8.506747245788574, 'B': -13.506747245788574, 'L': -17.00674819946289, 'J': -17.75674819946289, 'D': -20.50674819946289, 'I': -20.75674819946289, 'F': -22.25674819946289, 'G': -22.25674819946289, 'H': -25.75674819946289}"
22dyGMRgestp8u5Lc,17,1,A,1.0,[],[],"[{""role"":""describer"",""text"":""Falling backwards, facing left, arms out"",""message_number"":1}]",yoked,"{'B': -0.00034421717282384634, 'C': -8.000344276428223, 'E': -12.000344276428223, 'A': -13.000344276428223, 'D': -14.750344276428223, 'F': -18.250343322753906, 'G': -27.000343322753906, 'H': -27.750343322753906, 'K': -27.750343322753906, 'I': -33.250343322753906, 'J': -35.250343322753906, 'L': -35.500343322753906}"
22dyGMRgestp8u5Lc,18,1,J,1.0,[],[],"[{""role"":""describer"",""text"":""Half a pot with triangle on top"",""message_number"":1}]",yoked,"{'F': -1.3132903575897217, 'H': -0.3132903277873993, 'E': -10.5632905960083, 'J': -13.3132905960083, 'D': -14.3132905960083, 'G': -14.5632905960083, 'L': -17.563289642333984, 'B': -17.563289642333984, 'A': -18.063289642333984, 'K': -19.313289642333984, 'C': -21.063289642333984, 'I': -23.813289642333984}"
22dyGMRgestp8u5Lc,19,1,H,1.0,[],[],"[{""role"":""describer"",""text"":""no arms or legs"",""message_number"":1}]",yoked,"{'H': 0.0, 'F': -17.5, 'G': -18.5, 'L': -19.5, 'D': -20.75, 'E': -21.0, 'J': -21.75, 'I': -24.0, 'C': -24.5, 'K': -25.0, 'B': -26.5, 'A': -27.5}"
22dyGMRgestp8u5Lc,20,1,G,1.0,[],[],"[{""role"":""describer"",""text"":""high heel shoe, facing left"",""message_number"":1}]",yoked,"{'B': -0.05498521402478218, 'D': -3.054985284805298, 'A': -5.054985046386719, 'F': -18.55498504638672, 'E': -18.80498504638672, 'C': -20.05498504638672, 'K': -21.05498504638672, 'L': -22.05498504638672, 'H': -23.05498504638672, 'J': -26.05498504638672, 'G': -29.05498504638672, 'I': -29.80498504638672}"
22dyGMRgestp8u5Lc,21,1,B,1.0,[],[],"[{""role"":""describer"",""text"":""baby looking up with arms out, bow on back of head"",""message_number"":1}]",yoked,"{'E': -0.01815756969153881, 'A': -4.018157482147217, 'B': -12.018157958984375, 'F': -14.018157958984375, 'D': -14.518157958984375, 'L': -15.018157958984375, 'K': -17.018157958984375, 'H': -18.018157958984375, 'C': -19.518157958984375, 'J': -21.768157958984375, 'G': -22.768157958984375, 'I': -26.018157958984375}"
22dyGMRgestp8u5Lc,22,1,I,1.0,[],[],"[{""role"":""describer"",""text"":""arms out in front, back leg up, facing left"",""message_number"":1}]",yoked,"{'C': -0.23954512178897858, 'A': -2.2395451068878174, 'B': -2.2395451068878174, 'E': -15.739544868469238, 'D': -15.739544868469238, 'K': -19.739545822143555, 'G': -26.739545822143555, 'F': -27.239545822143555, 'I': -27.989545822143555, 'J': -28.489545822143555, 'H': -29.989545822143555, 'L': -30.489545822143555}"
22dyGMRgestp8u5Lc,23,1,F,1.0,[],[],"[{""role"":""describer"",""text"":""sitting down, facing left, no arms visible"",""message_number"":1}]",yoked,"{'B': -0.07889977097511292, 'D': -2.57889986038208, 'F': -11.578899383544922, 'A': -14.578899383544922, 'E': -15.328899383544922, 'H': -20.578899383544922, 'C': -21.328899383544922, 'K': -25.828899383544922, 'L': -28.328899383544922, 'G': -29.078899383544922, 'J': -29.828899383544922, 'I': -30.828899383544922}"
22dyGMRgestp8u5Lc,24,2,H,1.0,[],[],"[{""role"":""describer"",""text"":""No arms or legs upright"",""message_number"":1}]",yoked,"{'F': -0.017109882086515427, 'D': -4.5171098709106445, 'G': -5.7671098709106445, 'E': -6.0171098709106445, 'H': -7.7671098709106445, 'B': -10.017109870910645, 'C': -11.517109870910645, 'A': -16.01711082458496, 'K': -17.76711082458496, 'L': -19.01711082458496, 'J': -22.01711082458496, 'I': -23.76711082458496}"
22dyGMRgestp8u5Lc,25,2,B,1.0,[],[],"[{""role"":""describer"",""text"":""baby facing left sitting down bow in back of head"",""message_number"":1}]",yoked,"{'E': -2.14294695854187, 'A': -0.1429469883441925, 'B': -4.142947196960449, 'D': -11.14294719696045, 'F': -14.14294719696045, 'C': -15.64294719696045, 'K': -18.142946243286133, 'H': -21.892946243286133, 'L': -22.392946243286133, 'G': -22.642946243286133, 'J': -24.142946243286133, 'I': -26.392946243286133}"
22dyGMRgestp8u5Lc,26,2,I,1.0,[],[],"[{""role"":""describer"",""text"":""guy falling forward and left one leg up in back"",""message_number"":1}]",yoked,"{'A': -0.006715585943311453, 'B': -5.006715774536133, 'D': -15.506715774536133, 'C': -17.506715774536133, 'E': -23.006715774536133, 'F': -28.756715774536133, 'K': -31.756715774536133, 'G': -34.0067138671875, 'H': -34.2567138671875, 'I': -37.2567138671875, 'J': -39.7567138671875, 'L': -40.5067138671875}"
22dyGMRgestp8u5Lc,27,2,E,1.0,[],[],"[{""role"":""describer"",""text"":""kid sitting with bunny ears"",""message_number"":1}]",yoked,"{'E': -0.018177472054958344, 'A': -4.018177509307861, 'B': -10.518177032470703, 'D': -15.518177032470703, 'K': -15.518177032470703, 'F': -18.518177032470703, 'L': -20.518177032470703, 'C': -21.018177032470703, 'G': -22.768177032470703, 'J': -22.768177032470703, 'H': -24.018177032470703, 'I': -27.268177032470703}"
22dyGMRgestp8u5Lc,28,2,L,1.0,[],[],"[{""role"":""describer"",""text"":""starting to stand with Bible facing right"",""message_number"":1}]",yoked,"{'B': -1.8653513193130493, 'A': -0.36535128951072693, 'E': -2.3653512001037598, 'D': -2.8653512001037598, 'C': -8.865351676940918, 'F': -9.365351676940918, 'K': -9.365351676940918, 'J': -11.365351676940918, 'L': -14.615351676940918, 'H': -15.365351676940918, 'I': -15.865351676940918, 'G': -16.3653507232666}"
22dyGMRgestp8u5Lc,29,2,D,1.0,[],[],"[{""role"":""describer"",""text"":""Priest standing facing left with Bible"",""message_number"":1}]",yoked,"{'E': -1.1367186307907104, 'A': -1.1367186307907104, 'D': -1.6367186307907104, 'B': -2.13671875, 'F': -3.13671875, 'K': -6.63671875, 'J': -7.63671875, 'C': -8.63671875, 'L': -8.63671875, 'H': -11.38671875, 'G': -11.38671875, 'I': -13.38671875}"
22dyGMRgestp8u5Lc,30,2,F,1.0,[],[],"[{""role"":""describer"",""text"":""guy relaxing in park facing left arms not visible"",""message_number"":1}]",yoked,"{'B': -1.537788011773955e-05, 'F': -11.500015258789062, 'E': -12.500015258789062, 'A': -13.500015258789062, 'D': -16.500015258789062, 'C': -23.000015258789062, 'G': -27.000015258789062, 'K': -27.500015258789062, 'H': -30.250015258789062, 'I': -33.00001525878906, 'L': -33.25001525878906, 'J': -36.75001525878906}"
22dyGMRgestp8u5Lc,31,2,C,1.0,[],[],"[{""role"":""describer"",""text"":""jumping off building to the left arms up"",""message_number"":1}]",yoked,"{'A': -6.198863957251888e-06, 'B': -12.000005722045898, 'C': -17.0000057220459, 'D': -19.7500057220459, 'E': -21.5000057220459, 'K': -29.2500057220459, 'G': -34.50000762939453, 'F': -34.75000762939453, 'J': -36.00000762939453, 'I': -36.50000762939453, 'H': -37.75000762939453, 'L': -38.00000762939453}"
22dyGMRgestp8u5Lc,32,2,K,1.0,[],[],"[{""role"":""describer"",""text"":""kneeling to right with Bible"",""message_number"":1}]",yoked,"{'B': -0.0050085317343473434, 'F': -5.505008697509766, 'D': -7.505008697509766, 'E': -8.005008697509766, 'A': -10.005008697509766, 'C': -17.005008697509766, 'L': -19.755008697509766, 'H': -19.755008697509766, 'K': -20.005008697509766, 'G': -21.005008697509766, 'J': -21.255008697509766, 'I': -24.005008697509766}"
22dyGMRgestp8u5Lc,33,2,J,1.0,[],[],"[{""role"":""describer"",""text"":""half a bowl or pot with a triangle on top"",""message_number"":1}]",yoked,"{'F': -0.47409671545028687, 'H': -0.9740967154502869, 'E': -10.974096298217773, 'J': -13.474096298217773, 'D': -13.724096298217773, 'G': -17.224096298217773, 'L': -18.224096298217773, 'B': -18.974096298217773, 'K': -20.224096298217773, 'C': -23.474096298217773, 'A': -23.724096298217773, 'I': -26.724096298217773}"
22dyGMRgestp8u5Lc,34,2,G,1.0,[],[],"[{""role"":""describer"",""text"":""high heel shoe"",""message_number"":1}]",yoked,"{'A': -0.09492291510105133, 'D': -3.0949230194091797, 'B': -3.0949230194091797, 'E': -22.59492301940918, 'L': -22.84492301940918, 'C': -24.34492301940918, 'K': -26.09492301940918, 'F': -26.34492301940918, 'H': -28.34492301940918, 'J': -30.09492301940918, 'I': -30.34492301940918, 'G': -37.59492111206055}"
22dyGMRgestp8u5Lc,35,2,A,1.0,[],[],"[{""role"":""describer"",""text"":""facing left one leg up arms up falling backward"",""message_number"":1}]",yoked,"{'C': -0.21628491580486298, 'A': -1.7162848711013794, 'B': -4.21628475189209, 'E': -11.71628475189209, 'D': -16.216285705566406, 'K': -22.466285705566406, 'F': -25.716285705566406, 'G': -26.466285705566406, 'J': -28.966285705566406, 'I': -29.716285705566406, 'H': -31.466285705566406, 'L': -32.216285705566406}"
22dyGMRgestp8u5Lc,36,3,F,1.0,[],[],"[{""role"":""describer"",""text"":""guy sitting in park, no arms visible, facing left"",""message_number"":1}]",yoked,"{'B': -4.529942543740617e-06, 'A': -12.750004768371582, 'F': -13.500004768371582, 'D': -16.000003814697266, 'E': -16.500003814697266, 'C': -23.750003814697266, 'K': -27.500003814697266, 'H': -28.500003814697266, 'G': -28.500003814697266, 'L': -31.750003814697266, 'J': -32.750003814697266, 'I': -33.000003814697266}"
22dyGMRgestp8u5Lc,37,3,G,1.0,[],[],"[{""role"":""describer"",""text"":""high heel shoe"",""message_number"":1}]",yoked,"{'A': -0.09492291510105133, 'D': -3.0949230194091797, 'B': -3.0949230194091797, 'E': -22.59492301940918, 'L': -22.84492301940918, 'C': -24.34492301940918, 'K': -26.09492301940918, 'F': -26.34492301940918, 'H': -28.34492301940918, 'J': -30.09492301940918, 'I': -30.34492301940918, 'G': -37.59492111206055}"
22dyGMRgestp8u5Lc,38,3,B,1.0,[],[],"[{""role"":""describer"",""text"":""baby looking up, bow in back of head"",""message_number"":1}]",yoked,"{'A': -0.6932730674743652, 'E': -0.6932730674743652, 'B': -9.193273544311523, 'D': -10.693273544311523, 'K': -14.193273544311523, 'F': -14.693273544311523, 'C': -15.693273544311523, 'L': -15.693273544311523, 'H': -16.693273544311523, 'J': -19.193273544311523, 'I': -20.943273544311523, 'G': -20.943273544311523}"
22dyGMRgestp8u5Lc,39,3,E,1.0,[],[],"[{""role"":""describer"",""text"":""bunny ears"",""message_number"":1}]",yoked,"{'E': -0.006618720479309559, 'K': -5.506618499755859, 'C': -6.006618499755859, 'A': -9.50661849975586, 'B': -15.00661849975586, 'J': -18.00661849975586, 'L': -18.50661849975586, 'I': -21.25661849975586, 'D': -21.50661849975586, 'G': -23.00661849975586, 'F': -23.50661849975586, 'H': -26.25661849975586}"
22dyGMRgestp8u5Lc,40,3,A,1.0,[],[],"[{""role"":""describer"",""text"":""guy falling backward, arms out in front"",""message_number"":1},{""role"":""describer"",""text"":""out*"",""message_number"":2}]",yoked,"{'A': -0.0015034097013995051, 'B': -6.5015034675598145, 'D': -13.751502990722656, 'C': -16.501502990722656, 'E': -24.751502990722656, 'K': -30.501502990722656, 'F': -31.751502990722656, 'H': -32.001502990722656, 'I': -32.751502990722656, 'G': -32.751502990722656, 'L': -36.501502990722656, 'J': -38.501502990722656}"
22dyGMRgestp8u5Lc,41,3,K,1.0,[],[],"[{""role"":""describer"",""text"":""priest kneeling with Bible, heel up"",""message_number"":1}]",yoked,"{'B': -0.00705939345061779, 'A': -5.007059574127197, 'D': -8.007059097290039, 'E': -11.507059097290039, 'F': -14.007059097290039, 'C': -17.00705909729004, 'K': -23.50705909729004, 'L': -24.50705909729004, 'H': -25.25705909729004, 'J': -26.25705909729004, 'G': -26.50705909729004, 'I': -27.25705909729004}"
22dyGMRgestp8u5Lc,42,3,J,1.0,[],[],"[{""role"":""describer"",""text"":""half a pot with triangle on top"",""message_number"":1}]",yoked,"{'F': -0.12693120539188385, 'H': -2.1269311904907227, 'E': -12.876931190490723, 'D': -14.876931190490723, 'G': -16.12693214416504, 'J': -16.12693214416504, 'B': -18.62693214416504, 'A': -19.62693214416504, 'L': -19.87693214416504, 'K': -21.37693214416504, 'C': -23.37693214416504, 'I': -26.37693214416504}"
22dyGMRgestp8u5Lc,43,3,D,1.0,[],[],"[{""role"":""describer"",""text"":""priest holding Bible, facing left"",""message_number"":1}]",yoked,"{'D': -1.9549636840820312, 'B': -0.454963743686676, 'A': -2.4549636840820312, 'E': -2.4549636840820312, 'F': -2.9549636840820312, 'C': -8.954963684082031, 'K': -11.454963684082031, 'G': -12.704963684082031, 'H': -13.454963684082031, 'J': -13.454963684082031, 'L': -14.954963684082031, 'I': -17.45496368408203}"
22dyGMRgestp8u5Lc,44,3,I,1.0,[],[],"[{""role"":""describer"",""text"":""man with arms out front, back leg up, facing left"",""message_number"":1}]",yoked,"{'A': -0.0015023384476080537, 'B': -6.501502513885498, 'C': -18.001502990722656, 'D': -20.501502990722656, 'E': -22.251502990722656, 'K': -27.251502990722656, 'G': -30.001502990722656, 'H': -31.001502990722656, 'F': -31.501502990722656, 'I': -33.501502990722656, 'J': -34.251502990722656, 'L': -36.001502990722656}"
22dyGMRgestp8u5Lc,45,3,H,1.0,[],[],"[{""role"":""describer"",""text"":""no arms or legs, upright"",""message_number"":1}]",yoked,"{'J': -7.998623186722398e-05, 'H': -9.500080108642578, 'D': -12.250080108642578, 'F': -15.250080108642578, 'L': -15.750080108642578, 'I': -18.000080108642578, 'K': -21.250080108642578, 'C': -22.250080108642578, 'B': -23.250080108642578, 'A': -23.750080108642578, 'E': -24.500080108642578, 'G': -26.750080108642578}"
22dyGMRgestp8u5Lc,46,3,C,1.0,[],[],"[{""role"":""describer"",""text"":""jumping off building with arms out front"",""message_number"":1}]",yoked,"{'A': -8.344646857949556e-07, 'B': -14.000000953674316, 'C': -18.0, 'D': -20.0, 'E': -22.0, 'K': -31.75, 'I': -35.75, 'F': -36.0, 'G': -36.0, 'J': -37.25, 'H': -38.75, 'L': -40.25}"
22dyGMRgestp8u5Lc,47,3,L,1.0,[],[],"[{""role"":""describer"",""text"":""standing up from kneeling, facing right"",""message_number"":1}]",yoked,"{'A': -0.12692856788635254, 'B': -2.1269285678863525, 'C': -15.126928329467773, 'D': -15.126928329467773, 'E': -23.376928329467773, 'F': -27.126928329467773, 'K': -28.626928329467773, 'G': -31.126928329467773, 'H': -33.126930236816406, 'I': -34.876930236816406, 'J': -36.126930236816406, 'L': -38.126930236816406}"
22dyGMRgestp8u5Lc,48,4,D,1.0,[],[],"[{""role"":""describer"",""text"":""priest standing facing left with Bible"",""message_number"":1}]",yoked,"{'E': -0.45653629302978516, 'A': -1.9565362930297852, 'B': -1.9565362930297852, 'D': -2.956536293029785, 'F': -3.456536293029785, 'C': -8.956536293029785, 'K': -8.956536293029785, 'L': -10.956536293029785, 'J': -11.706536293029785, 'G': -11.956536293029785, 'H': -12.706536293029785, 'I': -14.956536293029785}"
22dyGMRgestp8u5Lc,49,4,I,0.0,[],[],"[{""role"":""describer"",""text"":""facing left falling arms out one leg up"",""message_number"":1}]",yoked,"{'B': -0.504934549331665, 'C': -1.004934549331665, 'A': -3.504934549331665, 'D': -8.004934310913086, 'E': -12.504934310913086, 'F': -19.504934310913086, 'K': -24.254934310913086, 'G': -24.504934310913086, 'J': -26.004934310913086, 'H': -29.754934310913086, 'I': -31.254934310913086, 'L': -32.75493621826172}"
22dyGMRgestp8u5Lc,50,4,G,1.0,[],[],"[{""role"":""describer"",""text"":""high heel shoe"",""message_number"":1}]",yoked,"{'A': -0.12387295067310333, 'D': -2.623872995376587, 'B': -3.123872995376587, 'E': -22.623872756958008, 'L': -22.623872756958008, 'C': -24.123872756958008, 'F': -26.123872756958008, 'K': -26.123872756958008, 'H': -28.123872756958008, 'J': -29.623872756958008, 'I': -30.373872756958008, 'G': -37.62387466430664}"
22dyGMRgestp8u5Lc,51,4,J,1.0,[],[],"[{""role"":""describer"",""text"":""half pot or bowl with triangle on top"",""message_number"":1}]",yoked,"{'F': -0.31326642632484436, 'H': -1.313266396522522, 'E': -12.31326675415039, 'D': -16.31326675415039, 'J': -16.56326675415039, 'G': -18.06326675415039, 'B': -18.81326675415039, 'L': -20.81326675415039, 'A': -22.31326675415039, 'K': -22.56326675415039, 'C': -24.31326675415039, 'I': -27.81326675415039}"
22dyGMRgestp8u5Lc,52,4,A,1.0,[],[],"[{""role"":""describer"",""text"":""falling backward (sorry) facing left with arms up one leg out"",""message_number"":1}]",yoked,"{'B': -0.47506192326545715, 'C': -0.9750618934631348, 'A': -7.475061893463135, 'E': -8.475062370300293, 'D': -8.475062370300293, 'F': -15.475062370300293, 'G': -19.725061416625977, 'K': -19.725061416625977, 'H': -24.225061416625977, 'I': -28.475061416625977, 'L': -28.725061416625977, 'J': -28.975061416625977}"
22dyGMRgestp8u5Lc,53,4,C,1.0,[],[],"[{""role"":""describer"",""text"":""jumping off building arms up"",""message_number"":1}]",yoked,"{'A': -4.768370445162873e-07, 'B': -14.5, 'C': -19.25, 'D': -20.5, 'E': -22.75, 'K': -31.0, 'J': -34.25, 'I': -35.5, 'F': -35.5, 'G': -35.75, 'H': -37.0, 'L': -37.5}"
22dyGMRgestp8u5Lc,54,4,E,1.0,[],[],"[{""role"":""describer"",""text"":""bunny ears"",""message_number"":1}]",yoked,"{'E': -0.006589469499886036, 'C': -5.506589412689209, 'K': -6.006589412689209, 'A': -10.006589889526367, 'B': -15.006589889526367, 'J': -18.506589889526367, 'L': -19.006589889526367, 'I': -21.756589889526367, 'D': -22.006589889526367, 'G': -23.256589889526367, 'F': -23.506589889526367, 'H': -26.756589889526367}"
22dyGMRgestp8u5Lc,55,4,F,1.0,[],[],"[{""role"":""describer"",""text"":""relaxing in park"",""message_number"":1}]",yoked,"{'E': -1.313930869102478, 'B': -0.3139308989048004, 'F': -7.313930988311768, 'A': -13.56393051147461, 'D': -13.56393051147461, 'C': -16.56393051147461, 'G': -20.06393051147461, 'K': -20.06393051147461, 'H': -22.56393051147461, 'I': -25.06393051147461, 'L': -25.06393051147461, 'J': -26.81393051147461}"
22dyGMRgestp8u5Lc,56,4,B,1.0,[],[],"[{""role"":""describer"",""text"":""baby left bow in hair arms out"",""message_number"":1}]",yoked,"{'E': -0.030148975551128387, 'A': -3.530148983001709, 'D': -8.53014850616455, 'C': -9.03014850616455, 'B': -9.53014850616455, 'K': -12.03014850616455, 'L': -13.53014850616455, 'H': -13.53014850616455, 'G': -16.530149459838867, 'F': -17.280149459838867, 'J': -21.280149459838867, 'I': -22.280149459838867}"
22dyGMRgestp8u5Lc,57,4,H,1.0,[],[],"[{""role"":""describer"",""text"":""no arms no legs"",""message_number"":1}]",yoked,"{'H': -1.1920928244535389e-07, 'F': -16.25, 'D': -19.0, 'G': -19.25, 'J': -19.5, 'L': -19.75, 'E': -20.5, 'I': -22.5, 'C': -23.5, 'K': -24.0, 'B': -25.0, 'A': -25.75}"
22dyGMRgestp8u5Lc,58,4,L,0.0,[],[],"[{""role"":""describer"",""text"":""standing up with Bible facing right"",""message_number"":1}]",yoked,"{'A': -0.16363659501075745, 'D': -2.1636366844177246, 'B': -3.6636366844177246, 'E': -4.663636684417725, 'K': -7.163636684417725, 'C': -9.163636207580566, 'F': -9.663636207580566, 'J': -10.663636207580566, 'L': -13.163636207580566, 'H': -13.663636207580566, 'G': -15.413636207580566, 'I': -16.163637161254883}"
22dyGMRgestp8u5Lc,59,4,K,1.0,[],[],"[{""role"":""describer"",""text"":""kneeling with Bible facing right"",""message_number"":1}]",yoked,"{'B': -0.13393597304821014, 'D': -2.6339359283447266, 'F': -3.1339359283447266, 'E': -4.633935928344727, 'A': -8.133935928344727, 'C': -13.883935928344727, 'H': -14.133935928344727, 'L': -15.383935928344727, 'J': -16.883935928344727, 'K': -17.383935928344727, 'G': -18.383935928344727, 'I': -20.633935928344727}"
22dyGMRgestp8u5Lc,60,5,L,1.0,[],[],"[{""role"":""describer"",""text"":""standing up from kneeling"",""message_number"":1}]",yoked,"{'A': -0.12693056464195251, 'B': -2.1269304752349854, 'D': -12.876930236816406, 'C': -17.126930236816406, 'E': -21.876930236816406, 'F': -25.376930236816406, 'K': -28.626930236816406, 'G': -29.876930236816406, 'H': -30.876930236816406, 'I': -33.126930236816406, 'J': -33.376930236816406, 'L': -37.126930236816406}"
22dyGMRgestp8u5Lc,61,5,C,1.0,[],[],"[{""role"":""describer"",""text"":""jumping off building, arms out"",""message_number"":1}]",yoked,"{'A': -2.7894584491150454e-05, 'B': -10.500027656555176, 'C': -15.000027656555176, 'D': -17.500028610229492, 'E': -20.000028610229492, 'K': -30.250028610229492, 'F': -32.75002670288086, 'G': -33.25002670288086, 'J': -34.00002670288086, 'I': -34.50002670288086, 'H': -35.75002670288086, 'L': -37.75002670288086}"
22dyGMRgestp8u5Lc,62,5,A,1.0,[],[],"[{""role"":""describer"",""text"":""falling backwards, one leg up"",""message_number"":1}]",yoked,"{'B': -0.0014810318825766444, 'A': -7.001481056213379, 'D': -7.501481056213379, 'C': -11.001481056213379, 'E': -14.501481056213379, 'F': -23.001480102539062, 'K': -26.251480102539062, 'H': -27.501480102539062, 'G': -29.751480102539062, 'L': -31.501480102539062, 'I': -32.75148010253906, 'J': -32.75148010253906}"
22dyGMRgestp8u5Lc,63,5,I,1.0,[],[],"[{""role"":""describer"",""text"":""falling forward, arms out front"",""message_number"":1}]",yoked,"{'A': -0.01924462430179119, 'B': -4.01924467086792, 'D': -7.01924467086792, 'C': -8.519244194030762, 'E': -19.519245147705078, 'K': -27.019245147705078, 'F': -28.269245147705078, 'H': -31.019245147705078, 'J': -31.519245147705078, 'G': -31.769245147705078, 'I': -32.01924514770508, 'L': -34.26924514770508}"
22dyGMRgestp8u5Lc,64,5,D,1.0,[],[],"[{""role"":""describer"",""text"":""priest standing up, facing left"",""message_number"":1}]",yoked,"{'A': -0.7678862810134888, 'B': -0.7678862810134888, 'E': -2.767886161804199, 'D': -4.767886161804199, 'F': -7.767886161804199, 'C': -8.2678861618042, 'K': -10.2678861618042, 'J': -12.2678861618042, 'G': -13.7678861618042, 'H': -14.2678861618042, 'L': -14.5178861618042, 'I': -16.767887115478516}"
22dyGMRgestp8u5Lc,65,5,B,1.0,[],[],"[{""role"":""describer"",""text"":""baby with bow on back of head"",""message_number"":1}]",yoked,"{'E': -0.048642855137586594, 'A': -3.048642873764038, 'D': -10.048643112182617, 'B': -12.048643112182617, 'H': -12.548643112182617, 'L': -13.548643112182617, 'C': -14.048643112182617, 'K': -14.548643112182617, 'F': -15.048643112182617, 'G': -18.548643112182617, 'J': -21.298643112182617, 'I': -21.548643112182617}"
22dyGMRgestp8u5Lc,66,5,F,1.0,[],[],"[{""role"":""describer"",""text"":""relaxing in park"",""message_number"":1}]",yoked,"{'E': -0.974647045135498, 'B': -0.47464707493782043, 'F': -7.474647045135498, 'A': -13.474647521972656, 'D': -13.724647521972656, 'C': -16.724647521972656, 'G': -19.974647521972656, 'K': -19.974647521972656, 'H': -22.224647521972656, 'L': -24.724647521972656, 'I': -24.974647521972656, 'J': -26.474647521972656}"
22dyGMRgestp8u5Lc,67,5,G,1.0,[],[],"[{""role"":""describer"",""text"":""high heel shoe"",""message_number"":1}]",yoked,"{'A': -0.09492291510105133, 'D': -3.0949230194091797, 'B': -3.0949230194091797, 'E': -22.59492301940918, 'L': -22.84492301940918, 'C': -24.34492301940918, 'K': -26.09492301940918, 'F': -26.34492301940918, 'H': -28.34492301940918, 'J': -30.09492301940918, 'I': -30.34492301940918, 'G': -37.59492111206055}"
22dyGMRgestp8u5Lc,68,5,K,1.0,[],[],"[{""role"":""describer"",""text"":""priest kneeling, heel up, facing right"",""message_number"":1}]",yoked,"{'B': -0.0010014524450525641, 'A': -7.001001358032227, 'D': -10.001001358032227, 'F': -10.501001358032227, 'E': -11.001001358032227, 'C': -14.501001358032227, 'K': -20.751001358032227, 'J': -23.751001358032227, 'L': -24.001001358032227, 'G': -25.001001358032227, 'H': -25.501001358032227, 'I': -27.501001358032227}"
22dyGMRgestp8u5Lc,69,5,J,1.0,[],[],"[{""role"":""describer"",""text"":""pot with triangle on top"",""message_number"":1}]",yoked,"{'F': -0.00038092033355496824, 'J': -8.000380516052246, 'H': -10.000380516052246, 'E': -16.000381469726562, 'D': -17.000381469726562, 'G': -19.000381469726562, 'A': -19.750381469726562, 'B': -20.000381469726562, 'K': -20.750381469726562, 'L': -21.750381469726562, 'I': -24.000381469726562, 'C': -24.750381469726562}"
22dyGMRgestp8u5Lc,70,5,H,1.0,[],[],"[{""role"":""describer"",""text"":""no arms or legs"",""message_number"":1}]",yoked,"{'H': 0.0, 'F': -17.5, 'G': -18.5, 'L': -19.5, 'D': -20.75, 'E': -21.0, 'J': -21.5, 'I': -23.75, 'C': -24.25, 'K': -24.75, 'B': -26.25, 'A': -27.0}"
22dyGMRgestp8u5Lc,71,5,E,1.0,[],[],"[{""role"":""describer"",""text"":""bunny ears"",""message_number"":1}]",yoked,"{'E': -0.006618720479309559, 'K': -5.506618499755859, 'C': -6.006618499755859, 'A': -9.50661849975586, 'B': -15.00661849975586, 'J': -18.00661849975586, 'L': -18.50661849975586, 'I': -21.25661849975586, 'D': -21.50661849975586, 'G': -23.00661849975586, 'F': -23.50661849975586, 'H': -26.25661849975586}"
MDLyuv29jevaGLSeT,0,0,E,0.8,[],[],"[{""role"":""describer"",""text"":""This looks like a person sitting down facing the right They look like they have bunny ears"",""message_number"":1}]",yoked,"{'E': -7.855583680793643e-05, 'F': -9.500078201293945, 'B': -12.500078201293945, 'G': -17.750078201293945, 'K': -18.500078201293945, 'C': -19.250078201293945, 'A': -22.000078201293945, 'H': -22.500078201293945, 'J': -23.500078201293945, 'D': -24.750078201293945, 'L': -24.750078201293945, 'I': -31.500078201293945}"
MDLyuv29jevaGLSeT,1,0,H,0.4,[],[],"[{""role"":""describer"",""text"":""This person is mostly upright, but the bottom part of them points to the right slightly Their head is a diamond"",""message_number"":1}]",yoked,"{'B': -1.0017728805541992, 'D': -0.5017728805541992, 'A': -4.501772880554199, 'E': -4.501772880554199, 'K': -6.001772880554199, 'C': -6.501772880554199, 'F': -7.001772880554199, 'H': -8.5017728805542, 'L': -10.0017728805542, 'G': -12.7517728805542, 'J': -14.7517728805542, 'I': -22.251773834228516}"
MDLyuv29jevaGLSeT,2,0,J,0.6,[],[],"[{""role"":""describer"",""text"":""On the left hand side, this person is a straight line all the way down to the bottom They have a diamond for the head"",""message_number"":1}]",yoked,"{'A': -0.004078642465174198, 'D': -5.5040788650512695, 'J': -16.004077911376953, 'L': -17.504077911376953, 'I': -17.754077911376953, 'B': -18.004077911376953, 'K': -19.254077911376953, 'C': -25.754077911376953, 'E': -26.504077911376953, 'H': -26.504077911376953, 'F': -30.004077911376953, 'G': -33.25407791137695}"
MDLyuv29jevaGLSeT,3,0,K,0.4,[],[],"[{""role"":""describer"",""text"":""This person is hard to describe They look like they are facing right and praying with their arms extended in front of them"",""message_number"":1},{""role"":""describer"",""text"":""And kneeling"",""message_number"":2}]",yoked,"{'B': -0.00013433984713628888, 'F': -9.000134468078613, 'D': -11.500134468078613, 'E': -14.000134468078613, 'C': -18.250133514404297, 'A': -19.000133514404297, 'H': -22.000133514404297, 'G': -26.500133514404297, 'K': -29.000133514404297, 'L': -32.2501335144043, 'J': -32.5001335144043, 'I': -33.5001335144043}"
MDLyuv29jevaGLSeT,4,0,G,0.2,[],[],"[{""role"":""describer"",""text"":""This person seems to have blocks trailing behind them Their head is on the left hand side of their body"",""message_number"":1}]",yoked,"{'A': -9.894321920000948e-06, 'B': -12.000009536743164, 'E': -12.500009536743164, 'C': -18.500009536743164, 'F': -21.500009536743164, 'D': -22.500009536743164, 'G': -23.000009536743164, 'K': -26.250009536743164, 'H': -30.750009536743164, 'L': -32.0000114440918, 'J': -33.5000114440918, 'I': -34.2500114440918}"
MDLyuv29jevaGLSeT,5,0,F,1.0,[],[],"[{""role"":""describer"",""text"":""This person appears to be facing the left and sitting down with their legs and feet extended in front of them"",""message_number"":1}]",yoked,"{'B': -7.509902934543788e-05, 'F': -9.500075340270996, 'E': -15.250075340270996, 'A': -22.50007438659668, 'C': -22.75007438659668, 'D': -24.25007438659668, 'H': -28.00007438659668, 'G': -28.00007438659668, 'K': -30.00007438659668, 'L': -32.25007629394531, 'I': -34.50007629394531, 'J': -35.25007629394531}"
MDLyuv29jevaGLSeT,6,0,D,0.6,[],[],"[{""role"":""describer"",""text"":""This person seems to be standing up facing left, with their arms extended out in front of them and you can see a small triangle point on the left where their toes would be"",""message_number"":1}]",yoked,"{'A': -0.004095619544386864, 'B': -5.504095554351807, 'C': -11.004096031188965, 'E': -15.004096031188965, 'D': -15.254096031188965, 'K': -23.25409507751465, 'F': -26.75409507751465, 'G': -27.75409507751465, 'H': -29.25409507751465, 'L': -31.50409507751465, 'J': -31.50409507751465, 'I': -32.00409698486328}"
MDLyuv29jevaGLSeT,7,0,B,1.0,[],[],"[{""role"":""describer"",""text"":""This person seems to be sitting down with their feet extended to the left behind them They have two medium size triangles that appear to make up their arms"",""message_number"":1}]",yoked,"{'B': -36.0, 'A': -18.25, 'D': -18.25, 'E': -21.0, 'F': -21.5, 'C': -23.0, 'H': -29.5, 'K': -29.75, 'G': -33.5, 'L': -34.25, 'I': -36.75, 'J': -36.75}"
MDLyuv29jevaGLSeT,8,0,A,1.0,[],[],"[{""role"":""describer"",""text"":""This person is facing the left, and you can see both of their legs One is up in the air as if they are taking a step Also, they kind of look like a penguin"",""message_number"":1}]",yoked,"{'B': -2.7656173188006505e-05, 'A': -10.500027656555176, 'D': -16.25002670288086, 'E': -18.50002670288086, 'C': -19.00002670288086, 'F': -21.00002670288086, 'G': -27.25002670288086, 'H': -27.50002670288086, 'K': -29.25002670288086, 'L': -33.00002670288086, 'J': -35.50002670288086, 'I': -37.50002670288086}"
MDLyuv29jevaGLSeT,9,0,C,1.0,[],[],"[{""role"":""describer"",""text"":""This person looks like they are flying, both arms are extended (one on each side of them) and their body is pointed to the right"",""message_number"":1}]",yoked,"{'C': -1.5497195136049413e-06, 'A': -14.000001907348633, 'E': -14.500001907348633, 'B': -15.500001907348633, 'G': -18.750001907348633, 'D': -23.000001907348633, 'F': -23.250001907348633, 'K': -23.750001907348633, 'H': -28.250001907348633, 'J': -29.000001907348633, 'I': -32.0, 'L': -32.25}"
MDLyuv29jevaGLSeT,10,0,I,1.0,[],[],"[{""role"":""describer"",""text"":""This person is leaning forward and their arms are like two stacked triangles in front of them They seem to be standing on one leg and have their other leg extended on the right side"",""message_number"":1}]",yoked,"{'B': -0.00016330339713022113, 'A': -8.750163078308105, 'E': -12.500163078308105, 'C': -13.750163078308105, 'F': -16.000164031982422, 'D': -18.750164031982422, 'G': -21.750164031982422, 'K': -23.500164031982422, 'H': -27.500164031982422, 'J': -30.500164031982422, 'L': -31.500164031982422, 'I': -32.00016403198242}"
MDLyuv29jevaGLSeT,11,0,L,1.0,[],[],"[{""role"":""describer"",""text"":""This person seems to be bending their knees and facing the right They seem to have their arms extended to the right in front of them It's NOT the one that looks like a nun This one looks more like a man hahah"",""message_number"":1}]",yoked,"{'A': -0.04858732968568802, 'B': -3.0485873222351074, 'D': -19.548587799072266, 'E': -20.298587799072266, 'F': -22.798587799072266, 'C': -23.048587799072266, 'G': -26.048587799072266, 'H': -33.548587799072266, 'I': -34.548587799072266, 'K': -35.798587799072266, 'L': -39.548587799072266, 'J': -39.548587799072266}"
MDLyuv29jevaGLSeT,12,1,E,1.0,[],[],"[{""role"":""describer"",""text"":""bunny ears"",""message_number"":1},{""role"":""describer"",""text"":""slouched facing right"",""message_number"":2}]",yoked,"{'B': -0.7336426973342896, 'E': -0.7336426973342896, 'C': -3.233642578125, 'F': -8.233642578125, 'D': -12.233642578125, 'K': -13.233642578125, 'A': -14.483642578125, 'G': -15.483642578125, 'H': -18.733642578125, 'L': -23.733642578125, 'J': -24.483642578125, 'I': -27.233642578125}"
MDLyuv29jevaGLSeT,13,1,C,0.8,[],[],"[{""role"":""describer"",""text"":""one arm to each side looks like they're flying towards the left"",""message_number"":1}]",yoked,"{'C': -8.344646857949556e-07, 'B': -14.500000953674316, 'E': -15.000000953674316, 'A': -17.5, 'G': -18.75, 'D': -19.75, 'K': -22.25, 'F': -22.5, 'H': -25.25, 'J': -28.0, 'I': -28.25, 'L': -30.0}"
MDLyuv29jevaGLSeT,14,1,H,1.0,[],[],"[{""role"":""describer"",""text"":""looks like they have no legs, sort of banana shaped"",""message_number"":1}]",yoked,"{'H': -0.0024901593569666147, 'E': -6.002490043640137, 'L': -11.502490043640137, 'G': -13.002490043640137, 'J': -13.752490043640137, 'B': -14.502490043640137, 'A': -15.002490043640137, 'F': -16.502490997314453, 'D': -16.752490997314453, 'K': -16.752490997314453, 'C': -17.502490997314453, 'I': -21.502490997314453}"
MDLyuv29jevaGLSeT,15,1,J,1.0,[],[],"[{""role"":""describer"",""text"":""left half of them is like a square and they appear to be facing right with a diamond head"",""message_number"":1}]",yoked,"{'D': -0.2047627717256546, 'B': -1.7047628164291382, 'F': -5.704762935638428, 'A': -11.20476245880127, 'E': -16.454763412475586, 'H': -16.954763412475586, 'C': -17.204763412475586, 'K': -17.704763412475586, 'J': -19.204763412475586, 'G': -19.454763412475586, 'L': -28.454763412475586, 'I': -30.704763412475586}"
MDLyuv29jevaGLSeT,16,1,A,1.0,[],[],"[{""role"":""describer"",""text"":""body facing left with one foot in the air, head is hanging backwards also looks like a penguin"",""message_number"":1}]",yoked,"{'A': -0.0015025765169411898, 'B': -6.501502513885498, 'D': -15.501502990722656, 'C': -16.751502990722656, 'E': -18.251502990722656, 'H': -26.501502990722656, 'K': -26.501502990722656, 'F': -27.251502990722656, 'G': -30.001502990722656, 'L': -32.001502990722656, 'J': -33.251502990722656, 'I': -33.751502990722656}"
MDLyuv29jevaGLSeT,17,1,G,0.8,[],[],"[{""role"":""describer"",""text"":""almost laying down, body facing right with one hand high and one low and head hanging back"",""message_number"":1}]",yoked,"{'B': -1.70143723487854, 'F': -0.20143720507621765, 'E': -10.701436996459961, 'D': -13.701436996459961, 'A': -14.951436996459961, 'C': -20.95143699645996, 'H': -21.70143699645996, 'G': -23.95143699645996, 'K': -26.95143699645996, 'L': -29.20143699645996, 'J': -29.20143699645996, 'I': -30.95143699645996}"
MDLyuv29jevaGLSeT,18,1,I,1.0,[],[],"[{""role"":""describer"",""text"":""on one foot facing left with the back leg at a 90 degree angle back"",""message_number"":1},{""role"":""describer"",""text"":""both arms in front"",""message_number"":2}]",yoked,"{'B': -0.6931555271148682, 'A': -0.6931555271148682, 'D': -11.693155288696289, 'C': -16.44315528869629, 'E': -20.19315528869629, 'K': -25.69315528869629, 'H': -27.94315528869629, 'F': -29.19315528869629, 'G': -30.94315528869629, 'L': -31.69315528869629, 'I': -35.69315719604492, 'J': -36.19315719604492}"
MDLyuv29jevaGLSeT,19,1,L,1.0,[],[],"[{""role"":""describer"",""text"":""facing right with hands out, squatted but not kneeling"",""message_number"":1}]",yoked,"{'B': -4.649054244509898e-05, 'A': -10.000046730041504, 'D': -13.750046730041504, 'C': -17.000045776367188, 'E': -23.000045776367188, 'F': -25.000045776367188, 'G': -30.750045776367188, 'K': -31.000045776367188, 'I': -33.50004577636719, 'J': -35.00004577636719, 'H': -35.50004577636719, 'L': -36.75004577636719}"
MDLyuv29jevaGLSeT,20,1,K,1.0,[],[],"[{""role"":""describer"",""text"":""facing right with hands out and kneeling"",""message_number"":1}]",yoked,"{'B': -8.582700684200972e-05, 'F': -9.500085830688477, 'A': -11.500085830688477, 'E': -14.250085830688477, 'C': -16.250085830688477, 'D': -16.250085830688477, 'G': -21.250085830688477, 'K': -26.500085830688477, 'H': -28.000085830688477, 'J': -29.250085830688477, 'I': -29.750085830688477, 'L': -32.000083923339844}"
MDLyuv29jevaGLSeT,21,1,F,1.0,[],[],"[{""role"":""describer"",""text"":""seated facing left with feet extended"",""message_number"":1}]",yoked,"{'B': -8.344646857949556e-07, 'D': -14.000000953674316, 'A': -18.75, 'F': -22.25, 'E': -24.75, 'C': -30.5, 'J': -32.75, 'H': -35.0, 'K': -36.25, 'I': -37.25, 'L': -37.75, 'G': -39.75}"
MDLyuv29jevaGLSeT,22,1,D,1.0,[],[],"[{""role"":""describer"",""text"":""standing up straight facing left with hands out"",""message_number"":1}]",yoked,"{'A': -8.463501580990851e-05, 'B': -10.00008487701416, 'C': -10.50008487701416, 'D': -11.50008487701416, 'E': -13.50008487701416, 'K': -15.50008487701416, 'I': -22.000083923339844, 'J': -22.500083923339844, 'H': -23.750083923339844, 'F': -24.250083923339844, 'G': -24.500083923339844, 'L': -25.750083923339844}"
MDLyuv29jevaGLSeT,23,1,B,1.0,[],[],"[{""role"":""describer"",""text"":""kneeling facing right with a triangle hanging out of their mouth"",""message_number"":1}]",yoked,"{'E': -0.49330851435661316, 'B': -0.9933085441589355, 'F': -3.9933085441589355, 'D': -7.9933085441589355, 'A': -8.493308067321777, 'C': -9.993308067321777, 'K': -10.993308067321777, 'J': -12.493308067321777, 'H': -16.993309020996094, 'G': -18.243309020996094, 'L': -18.993309020996094, 'I': -22.743309020996094}"
MDLyuv29jevaGLSeT,24,2,L,1.0,[],[],"[{""role"":""describer"",""text"":""squated facing right"",""message_number"":1}]",yoked,"{'B': -37.75002670288086, 'D': -10.500027656555176, 'A': -15.250027656555176, 'F': -24.000028610229492, 'C': -25.250028610229492, 'E': -26.500028610229492, 'H': -30.250028610229492, 'G': -34.75002670288086, 'K': -35.75002670288086, 'I': -36.75002670288086, 'L': -39.50002670288086, 'J': -40.25002670288086}"
MDLyuv29jevaGLSeT,25,2,K,1.0,[],[],"[{""role"":""describer"",""text"":""kneeling facing right arms out"",""message_number"":1}]",yoked,"{'B': -0.002487067598849535, 'A': -6.0024871826171875, 'D': -11.502487182617188, 'C': -14.002487182617188, 'E': -14.502487182617188, 'F': -24.752487182617188, 'K': -26.252487182617188, 'J': -29.502487182617188, 'H': -29.752487182617188, 'G': -31.252487182617188, 'L': -31.502487182617188, 'I': -32.00248718261719}"
MDLyuv29jevaGLSeT,26,2,C,0.8,[],[],"[{""role"":""describer"",""text"":""arms up in the air"",""message_number"":1}]",yoked,"{'C': -0.00024923557066358626, 'E': -8.500248908996582, 'K': -10.000248908996582, 'A': -15.000248908996582, 'J': -17.0002498626709, 'I': -17.2502498626709, 'B': -19.0002498626709, 'D': -22.7502498626709, 'L': -23.7502498626709, 'G': -25.2502498626709, 'F': -28.0002498626709, 'H': -29.7502498626709}"
MDLyuv29jevaGLSeT,27,2,F,1.0,[],[],"[{""role"":""describer"",""text"":""sitting facing left"",""message_number"":1}]",yoked,"{'B': -0.004078879952430725, 'D': -5.5040788650512695, 'A': -14.50407886505127, 'F': -16.754079818725586, 'E': -17.504079818725586, 'C': -23.754079818725586, 'H': -25.754079818725586, 'G': -29.754079818725586, 'K': -30.754079818725586, 'L': -32.75407791137695, 'J': -33.00407791137695, 'I': -33.25407791137695}"
MDLyuv29jevaGLSeT,28,2,G,0.6,[],[],"[{""role"":""describer"",""text"":""head hanging back"",""message_number"":1}]",yoked,"{'D': -0.006545414216816425, 'A': -5.506545543670654, 'B': -6.006545543670654, 'C': -14.006545066833496, 'E': -14.506545066833496, 'K': -16.756546020507812, 'H': -18.256546020507812, 'F': -20.006546020507812, 'J': -20.006546020507812, 'L': -21.256546020507812, 'I': -24.256546020507812, 'G': -26.006546020507812}"
MDLyuv29jevaGLSeT,29,2,A,1.0,[],[],"[{""role"":""describer"",""text"":""penguin"",""message_number"":1},{""role"":""describer"",""text"":""looking down"",""message_number"":2}]",yoked,"{'H': -0.35195496678352356, 'B': -1.8519549369812012, 'D': -2.351954936981201, 'E': -3.351954936981201, 'A': -4.851954936981201, 'F': -6.351954936981201, 'C': -13.60195541381836, 'K': -13.60195541381836, 'L': -14.60195541381836, 'G': -18.35195541381836, 'J': -19.35195541381836, 'I': -22.35195541381836}"
MDLyuv29jevaGLSeT,30,2,I,1.0,[],[],"[{""role"":""describer"",""text"":""standing on 1 leg arms out"",""message_number"":1}]",yoked,"{'A': -2.3841855067985307e-07, 'C': -15.5, 'B': -17.25, 'E': -22.0, 'K': -23.0, 'D': -23.25, 'I': -28.5, 'J': -30.0, 'H': -31.75, 'L': -33.0, 'G': -35.25, 'F': -36.75}"
MDLyuv29jevaGLSeT,31,2,B,1.0,[],[],"[{""role"":""describer"",""text"":""sitting with a triangle on chin"",""message_number"":1},{""role"":""describer"",""text"":""facing right"",""message_number"":2}]",yoked,"{'F': -4.5315375328063965, 'B': -0.03153730928897858, 'E': -4.0315375328063965, 'D': -6.0315375328063965, 'C': -9.531537055969238, 'A': -10.531537055969238, 'K': -10.531537055969238, 'J': -12.031537055969238, 'H': -15.031537055969238, 'G': -16.781538009643555, 'L': -18.281538009643555, 'I': -24.281538009643555}"
MDLyuv29jevaGLSeT,32,2,E,1.0,[],[],"[{""role"":""describer"",""text"":""bunny"",""message_number"":1}]",yoked,"{'A': -4.541770613286644e-05, 'E': -10.000045776367188, 'B': -16.500045776367188, 'K': -22.000045776367188, 'D': -22.500045776367188, 'C': -23.500045776367188, 'F': -25.000045776367188, 'L': -25.250045776367188, 'H': -27.750045776367188, 'G': -28.250045776367188, 'I': -30.500045776367188, 'J': -30.750045776367188}"
MDLyuv29jevaGLSeT,33,2,D,1.0,[],[],"[{""role"":""describer"",""text"":""standing up straight facing left"",""message_number"":1}]",yoked,"{'A': -0.12703672051429749, 'D': -2.1270368099212646, 'B': -9.127037048339844, 'C': -19.127037048339844, 'K': -20.877037048339844, 'E': -21.127037048339844, 'H': -22.377037048339844, 'J': -24.627037048339844, 'I': -25.127037048339844, 'F': -26.127037048339844, 'L': -26.377037048339844, 'G': -29.627037048339844}"
MDLyuv29jevaGLSeT,34,2,J,0.8,[],[],"[{""role"":""describer"",""text"":""facing right back is straight"",""message_number"":1}]",yoked,"{'D': -0.0001971527235582471, 'B': -9.000197410583496, 'C': -10.000197410583496, 'A': -10.500197410583496, 'E': -14.500197410583496, 'F': -15.750197410583496, 'G': -16.25019645690918, 'K': -16.75019645690918, 'H': -17.00019645690918, 'J': -20.75019645690918, 'L': -23.00019645690918, 'I': -28.00019645690918}"
MDLyuv29jevaGLSeT,35,2,H,1.0,[],[],"[{""role"":""describer"",""text"":""banana shape"",""message_number"":1}]",yoked,"{'A': -0.4878538250923157, 'E': -0.9878538250923157, 'B': -4.48785400390625, 'C': -6.98785400390625, 'D': -6.98785400390625, 'K': -8.23785400390625, 'L': -8.48785400390625, 'F': -9.73785400390625, 'J': -10.73785400390625, 'H': -10.98785400390625, 'G': -10.98785400390625, 'I': -12.48785400390625}"
MDLyuv29jevaGLSeT,36,3,G,0.4,[],[],"[{""role"":""describer"",""text"":""Dude looks like the bunny but facing the left"",""message_number"":1},{""role"":""describer"",""text"":""Lying down"",""message_number"":2}]",yoked,"{'H': -0.012486731633543968, 'E': -4.512486934661865, 'B': -7.012486934661865, 'L': -8.012486457824707, 'D': -9.012486457824707, 'F': -9.512486457824707, 'A': -11.512486457824707, 'G': -15.512486457824707, 'C': -16.262487411499023, 'K': -16.512487411499023, 'J': -19.012487411499023, 'I': -26.262487411499023}"
MDLyuv29jevaGLSeT,37,3,K,1.0,[],[],"[{""role"":""describer"",""text"":""Praying on knees facing right"",""message_number"":1}]",yoked,"{'B': -0.004956696182489395, 'F': -6.0049567222595215, 'E': -6.5049567222595215, 'D': -7.0049567222595215, 'A': -9.504956245422363, 'C': -15.754956245422363, 'H': -20.25495719909668, 'K': -21.75495719909668, 'G': -23.25495719909668, 'L': -23.75495719909668, 'J': -25.75495719909668, 'I': -28.25495719909668}"
MDLyuv29jevaGLSeT,38,3,A,0.2,[],[],"[{""role"":""describer"",""text"":""Dude looks like dracula sneaking up on a victim to the left"",""message_number"":1},{""role"":""describer"",""text"":""one leg raised"",""message_number"":2}]",yoked,"{'D': -0.4076060354709625, 'B': -1.4076060056686401, 'A': -2.4076061248779297, 'C': -19.40760612487793, 'H': -23.15760612487793, 'K': -25.40760612487793, 'F': -27.65760612487793, 'E': -28.65760612487793, 'L': -30.65760612487793, 'G': -30.90760612487793, 'I': -31.90760612487793, 'J': -35.9076042175293}"
MDLyuv29jevaGLSeT,39,3,D,1.0,[],[],"[{""role"":""describer"",""text"":""Guy stood straight facing left looking down at arms extended to left"",""message_number"":1}]",yoked,"{'A': -0.0005576247931458056, 'B': -7.5005574226379395, 'E': -13.000557899475098, 'D': -13.000557899475098, 'C': -15.500557899475098, 'F': -22.00055694580078, 'K': -22.75055694580078, 'G': -23.75055694580078, 'H': -25.75055694580078, 'L': -27.00055694580078, 'J': -27.50055694580078, 'I': -28.75055694580078}"
MDLyuv29jevaGLSeT,40,3,J,1.0,[],[],"[{""role"":""describer"",""text"":""Guy if half square on the left, small triangle arm on right"",""message_number"":1}]",yoked,"{'A': -0.0008746135863475502, 'D': -8.000874519348145, 'B': -8.000874519348145, 'C': -8.500874519348145, 'E': -15.000874519348145, 'K': -15.500874519348145, 'G': -19.50087547302246, 'F': -22.25087547302246, 'J': -24.25087547302246, 'L': -25.00087547302246, 'H': -25.25087547302246, 'I': -29.50087547302246}"
MDLyuv29jevaGLSeT,41,3,H,0.6666666666666666,[],[],"[{""role"":""describer"",""text"":""Guy has no arms and is sat on his behind, small legs on right"",""message_number"":1},{""role"":""describer"",""text"":""No arms small stumps for legs on left"",""message_number"":2},{""role"":""describer"",""text"":""Banana man"",""message_number"":3}]",yoked,"{'A': -0.2047489732503891, 'D': -1.7047489881515503, 'B': -5.70474910736084, 'C': -19.204748153686523, 'E': -22.954748153686523, 'H': -25.204748153686523, 'F': -25.954748153686523, 'L': -28.204748153686523, 'K': -28.954748153686523, 'G': -30.704748153686523, 'I': -34.454750061035156, 'J': -39.204750061035156}"
MDLyuv29jevaGLSeT,42,3,I,1.0,[],[],"[{""role"":""describer"",""text"":""Guy balancing on one leg like ballerina, arms extended to left"",""message_number"":1}]",yoked,"{'C': -0.0005335576133802533, 'A': -8.000533103942871, 'B': -9.000533103942871, 'E': -9.500533103942871, 'D': -20.250534057617188, 'K': -21.250534057617188, 'G': -23.750534057617188, 'F': -25.750534057617188, 'H': -27.500534057617188, 'I': -29.000534057617188, 'J': -29.250534057617188, 'L': -31.000534057617188}"
MDLyuv29jevaGLSeT,43,3,L,1.0,[],[],"[{""role"":""describer"",""text"":""Guy squatting with arms out to the left"",""message_number"":1},{""role"":""describer"",""text"":""Right"",""message_number"":2}]",yoked,"{'B': -40.750755310058594, 'A': -7.50075626373291, 'D': -8.50075626373291, 'C': -20.500757217407227, 'E': -21.750757217407227, 'F': -21.750757217407227, 'G': -29.000757217407227, 'H': -29.250757217407227, 'K': -33.500755310058594, 'I': -35.750755310058594, 'L': -39.000755310058594, 'J': -41.500755310058594}"
MDLyuv29jevaGLSeT,44,3,C,1.0,[],[],"[{""role"":""describer"",""text"":""Guy has no legs, looks to by flying with arms in the air"",""message_number"":1}]",yoked,"{'C': -0.00019822540343739092, 'E': -9.000198364257812, 'A': -9.500198364257812, 'B': -17.750198364257812, 'K': -19.750198364257812, 'D': -23.250198364257812, 'G': -23.750198364257812, 'J': -26.750198364257812, 'F': -27.500198364257812, 'I': -28.500198364257812, 'H': -29.500198364257812, 'L': -30.750198364257812}"
MDLyuv29jevaGLSeT,45,3,B,1.0,[],[],"[{""role"":""describer"",""text"":""Guy that likes to eat triangles, kneeling facing the the right"",""message_number"":1}]",yoked,"{'B': -0.0024798137601464987, 'F': -6.0024800300598145, 'A': -12.502479553222656, 'E': -14.502479553222656, 'D': -16.752479553222656, 'C': -20.752479553222656, 'G': -25.752479553222656, 'K': -28.252479553222656, 'H': -28.752479553222656, 'I': -34.252479553222656, 'J': -37.752479553222656, 'L': -38.002479553222656}"
MDLyuv29jevaGLSeT,46,3,E,1.0,[],[],"[{""role"":""describer"",""text"":""Bunny boy"",""message_number"":1}]",yoked,"{'A': -0.00010346830822527409, 'E': -9.500102996826172, 'B': -10.500102996826172, 'C': -14.000102996826172, 'D': -15.000102996826172, 'K': -19.500102996826172, 'F': -22.500102996826172, 'G': -22.750102996826172, 'H': -27.250102996826172, 'L': -27.750102996826172, 'J': -29.500102996826172, 'I': -29.750102996826172}"
MDLyuv29jevaGLSeT,47,3,F,1.0,[],[],"[{""role"":""describer"",""text"":""Person is sat facing left with their legs out in front of them"",""message_number"":1},{""role"":""describer"",""text"":""Looks depressed"",""message_number"":2}]",yoked,"{'B': -2.622600959512056e-06, 'F': -13.00000286102295, 'E': -14.75000286102295, 'D': -19.000001907348633, 'C': -22.250001907348633, 'A': -23.000001907348633, 'H': -26.500001907348633, 'G': -27.500001907348633, 'K': -28.250001907348633, 'L': -31.500001907348633, 'I': -33.000003814697266, 'J': -33.750003814697266}"
MDLyuv29jevaGLSeT,48,4,F,1.0,[],[],"[{""role"":""describer"",""text"":""sitting facing left"",""message_number"":1}]",yoked,"{'B': -0.004078879952430725, 'D': -5.5040788650512695, 'A': -14.50407886505127, 'F': -16.754079818725586, 'E': -17.504079818725586, 'C': -23.754079818725586, 'H': -25.754079818725586, 'G': -29.754079818725586, 'K': -30.754079818725586, 'L': -32.75407791137695, 'J': -33.00407791137695, 'I': -33.25407791137695}"
MDLyuv29jevaGLSeT,49,4,E,1.0,[],[],"[{""role"":""describer"",""text"":""bunny"",""message_number"":1}]",yoked,"{'A': -2.753696753643453e-05, 'E': -10.500027656555176, 'B': -16.75002670288086, 'K': -22.00002670288086, 'D': -23.00002670288086, 'C': -24.00002670288086, 'F': -25.25002670288086, 'L': -25.50002670288086, 'H': -28.00002670288086, 'G': -28.50002670288086, 'I': -30.75002670288086, 'J': -31.25002670288086}"
MDLyuv29jevaGLSeT,50,4,G,1.0,[],[],"[{""role"":""describer"",""text"":""lying down head leaning to the left"",""message_number"":1}]",yoked,"{'F': -0.00671771727502346, 'B': -5.006717681884766, 'E': -13.006717681884766, 'D': -16.256717681884766, 'H': -17.756717681884766, 'A': -18.506717681884766, 'C': -21.256717681884766, 'G': -21.506717681884766, 'K': -26.006717681884766, 'L': -27.006717681884766, 'J': -28.006717681884766, 'I': -31.006717681884766}"
MDLyuv29jevaGLSeT,51,4,H,1.0,[],[],"[{""role"":""describer"",""text"":""banana"",""message_number"":1}]",yoked,"{'E': -0.2723919153213501, 'L': -1.77239191532135, 'A': -3.7723917961120605, 'B': -4.0223917961120605, 'D': -4.2723917961120605, 'K': -4.5223917961120605, 'J': -6.7723917961120605, 'C': -7.0223917961120605, 'H': -7.5223917961120605, 'F': -9.272392272949219, 'G': -9.272392272949219, 'I': -10.522392272949219}"
MDLyuv29jevaGLSeT,52,4,A,1.0,[],[],"[{""role"":""describer"",""text"":""penguin"",""message_number"":1}]",yoked,"{'H': -0.12337476760149002, 'A': -2.6233747005462646, 'E': -3.6233747005462646, 'D': -4.123374938964844, 'B': -7.623374938964844, 'L': -9.123374938964844, 'F': -10.623374938964844, 'K': -12.373374938964844, 'C': -13.623374938964844, 'I': -16.623374938964844, 'G': -19.123374938964844, 'J': -19.623374938964844}"
MDLyuv29jevaGLSeT,53,4,I,1.0,[],[],"[{""role"":""describer"",""text"":""on one leg"",""message_number"":1}]",yoked,"{'A': -0.04858744144439697, 'D': -3.0485873222351074, 'B': -16.798587799072266, 'C': -23.298587799072266, 'K': -23.798587799072266, 'J': -25.548587799072266, 'H': -26.298587799072266, 'E': -26.798587799072266, 'I': -27.048587799072266, 'L': -28.048587799072266, 'F': -33.548587799072266, 'G': -35.798587799072266}"
MDLyuv29jevaGLSeT,54,4,K,1.0,[],[],"[{""role"":""describer"",""text"":""kneeling facing right praying"",""message_number"":1}]",yoked,"{'B': -0.0002181292074965313, 'D': -8.500218391418457, 'A': -11.500218391418457, 'F': -12.500218391418457, 'E': -14.000218391418457, 'C': -21.75021743774414, 'H': -24.75021743774414, 'K': -27.25021743774414, 'L': -29.50021743774414, 'G': -30.00021743774414, 'I': -30.75021743774414, 'J': -31.00021743774414}"
MDLyuv29jevaGLSeT,55,4,J,1.0,[],[],"[{""role"":""describer"",""text"":""left side straight facing right"",""message_number"":1}]",yoked,"{'A': -0.0015301911626011133, 'D': -6.501530170440674, 'B': -10.501530647277832, 'C': -15.501530647277832, 'E': -15.501530647277832, 'F': -19.751529693603516, 'H': -20.251529693603516, 'K': -23.001529693603516, 'J': -24.501529693603516, 'L': -25.001529693603516, 'G': -25.751529693603516, 'I': -28.501529693603516}"
MDLyuv29jevaGLSeT,56,4,B,1.0,[],[],"[{""role"":""describer"",""text"":""triangle on chin"",""message_number"":1}]",yoked,"{'D': -0.6292793154716492, 'B': -1.129279375076294, 'A': -2.629279375076294, 'E': -3.129279375076294, 'C': -3.629279375076294, 'F': -7.129279136657715, 'K': -7.629279136657715, 'G': -9.879279136657715, 'H': -13.129279136657715, 'J': -13.129279136657715, 'L': -16.87928009033203, 'I': -20.87928009033203}"
MDLyuv29jevaGLSeT,57,4,L,1.0,[],[],"[{""role"":""describer"",""text"":""squatting facing right arms in front"",""message_number"":1}]",yoked,"{'B': -39.0, 'A': -13.500001907348633, 'D': -15.500001907348633, 'F': -24.250001907348633, 'E': -26.000001907348633, 'C': -26.500001907348633, 'H': -33.75, 'K': -35.5, 'G': -36.75, 'I': -38.25, 'L': -41.25, 'J': -42.75}"
MDLyuv29jevaGLSeT,58,4,D,1.0,[],[],"[{""role"":""describer"",""text"":""facing left arms in front"",""message_number"":1}]",yoked,"{'D': -4.824342250823975, 'B': -0.32434237003326416, 'A': -1.3243423700332642, 'C': -5.824342250823975, 'E': -10.324342727661133, 'G': -16.824342727661133, 'F': -17.574342727661133, 'K': -19.574342727661133, 'J': -22.324342727661133, 'H': -22.574342727661133, 'L': -25.074342727661133, 'I': -27.324342727661133}"
MDLyuv29jevaGLSeT,59,4,C,1.0,[],[],"[{""role"":""describer"",""text"":""arms up flying facing left"",""message_number"":1}]",yoked,"{'C': -1.1920928244535389e-07, 'E': -15.75, 'A': -17.5, 'B': -20.0, 'K': -20.0, 'G': -23.75, 'J': -25.5, 'D': -26.25, 'I': -28.75, 'H': -30.0, 'L': -30.25, 'F': -30.25}"
MDLyuv29jevaGLSeT,60,5,A,0.6666666666666666,[],[],"[{""role"":""describer"",""text"":""penguin"",""message_number"":1}]",yoked,"{'H': -0.12337476760149002, 'A': -2.6233747005462646, 'E': -3.6233747005462646, 'D': -4.123374938964844, 'B': -7.623374938964844, 'L': -9.123374938964844, 'F': -10.623374938964844, 'K': -12.373374938964844, 'C': -13.623374938964844, 'I': -16.623374938964844, 'G': -19.123374938964844, 'J': -19.623374938964844}"
MDLyuv29jevaGLSeT,61,5,C,1.0,[],[],"[{""role"":""describer"",""text"":""flying facing left"",""message_number"":1}]",yoked,"{'C': 0.0, 'A': -17.25, 'E': -18.0, 'B': -21.0, 'K': -21.5, 'G': -24.5, 'D': -26.0, 'J': -28.25, 'H': -28.5, 'I': -29.5, 'F': -29.75, 'L': -30.5}"
MDLyuv29jevaGLSeT,62,5,E,1.0,[],[],"[{""role"":""describer"",""text"":""bunny"",""message_number"":1}]",yoked,"{'A': -2.753696753643453e-05, 'E': -10.500027656555176, 'B': -16.75002670288086, 'K': -22.00002670288086, 'D': -23.00002670288086, 'C': -24.00002670288086, 'F': -25.25002670288086, 'L': -25.50002670288086, 'H': -28.00002670288086, 'G': -28.50002670288086, 'I': -30.75002670288086, 'J': -31.25002670288086}"
MDLyuv29jevaGLSeT,63,5,L,1.0,[],[],"[{""role"":""describer"",""text"":""squatting facing right"",""message_number"":1}]",yoked,"{'B': -38.0000114440918, 'D': -11.500011444091797, 'A': -13.500011444091797, 'C': -24.750011444091797, 'F': -24.750011444091797, 'E': -26.000011444091797, 'H': -31.250011444091797, 'K': -34.7500114440918, 'G': -35.5000114440918, 'I': -36.7500114440918, 'L': -40.7500114440918, 'J': -41.0000114440918}"
MDLyuv29jevaGLSeT,64,5,J,1.0,[],[],"[{""role"":""describer"",""text"":""half a square facing right"",""message_number"":1}]",yoked,"{'D': -1.0728830375228426e-06, 'A': -14.250000953674316, 'B': -14.500000953674316, 'H': -18.000001907348633, 'J': -19.000001907348633, 'C': -19.500001907348633, 'F': -20.500001907348633, 'E': -22.750001907348633, 'K': -23.000001907348633, 'L': -24.250001907348633, 'I': -26.250001907348633, 'G': -26.250001907348633}"
MDLyuv29jevaGLSeT,65,5,F,1.0,[],[],"[{""role"":""describer"",""text"":""depressed sitting down facing left"",""message_number"":1}]",yoked,"{'B': -0.0010031197452917695, 'F': -7.001003265380859, 'E': -9.50100326538086, 'D': -11.00100326538086, 'A': -15.50100326538086, 'C': -21.50100326538086, 'H': -25.75100326538086, 'G': -27.50100326538086, 'K': -28.50100326538086, 'I': -32.00100326538086, 'L': -33.00100326538086, 'J': -33.50100326538086}"
MDLyuv29jevaGLSeT,66,5,G,1.0,[],[],"[{""role"":""describer"",""text"":""The one that is hard to describe head back, one arm up, one arm down"",""message_number"":1}]",yoked,"{'C': -2.4437606043647975e-05, 'E': -10.750024795532227, 'A': -12.750024795532227, 'B': -16.500024795532227, 'K': -19.250024795532227, 'G': -19.500024795532227, 'D': -23.000024795532227, 'J': -24.250024795532227, 'F': -25.500024795532227, 'I': -26.000024795532227, 'H': -27.500024795532227, 'L': -27.750024795532227}"
MDLyuv29jevaGLSeT,67,5,K,1.0,[],[],"[{""role"":""describer"",""text"":""Praying kneeling facing right"",""message_number"":1}]",yoked,"{'B': -0.005872141104191542, 'D': -5.5058722496032715, 'A': -7.0058722496032715, 'E': -7.5058722496032715, 'F': -8.005871772766113, 'C': -13.005871772766113, 'H': -18.75587272644043, 'K': -20.75587272644043, 'L': -22.00587272644043, 'G': -22.25587272644043, 'J': -24.00587272644043, 'I': -27.00587272644043}"
MDLyuv29jevaGLSeT,68,5,D,1.0,[],[],"[{""role"":""describer"",""text"":""Standing facing left arms extended in front"",""message_number"":1}]",yoked,"{'A': -0.011276795528829098, 'C': -4.511276721954346, 'B': -8.511277198791504, 'E': -10.511277198791504, 'D': -14.511277198791504, 'K': -16.511276245117188, 'G': -19.761276245117188, 'I': -22.761276245117188, 'F': -22.761276245117188, 'J': -23.511276245117188, 'L': -25.011276245117188, 'H': -26.011276245117188}"
MDLyuv29jevaGLSeT,69,5,B,1.0,[],[],"[{""role"":""describer"",""text"":""Kneeling facing right, one arm up on each side"",""message_number"":1}]",yoked,"{'B': -3.6477376852417365e-05, 'A': -10.500036239624023, 'C': -12.000036239624023, 'E': -13.000036239624023, 'D': -14.500036239624023, 'K': -25.500036239624023, 'F': -25.750036239624023, 'L': -30.500036239624023, 'J': -30.500036239624023, 'I': -31.250036239624023, 'H': -32.000038146972656, 'G': -32.750038146972656}"
MDLyuv29jevaGLSeT,70,5,I,1.0,[],[],"[{""role"":""describer"",""text"":""ice skater facing left, one leg extended"",""message_number"":1}]",yoked,"{'A': -0.0003810394846368581, 'B': -8.000381469726562, 'C': -10.000381469726562, 'E': -16.000381469726562, 'D': -16.000381469726562, 'K': -23.000381469726562, 'F': -27.500381469726562, 'J': -29.000381469726562, 'I': -29.250381469726562, 'G': -29.500381469726562, 'L': -30.250381469726562, 'H': -30.500381469726562}"
MDLyuv29jevaGLSeT,71,5,H,1.0,[],[],"[{""role"":""describer"",""text"":""and finally banana man"",""message_number"":1}]",yoked,"{'E': -0.006846658419817686, 'A': -5.0068464279174805, 'B': -9.00684642791748, 'F': -12.25684642791748, 'D': -13.25684642791748, 'G': -13.50684642791748, 'C': -14.50684642791748, 'K': -15.00684642791748, 'L': -16.006847381591797, 'H': -18.756847381591797, 'J': -19.756847381591797, 'I': -21.506847381591797}"
